  0
SECTION
  2
HEADER
  9
$ACADVER
  1
AC1024
  9
$ACADMAINTVER
 70
     6
  9
$DWGCODEPAGE
  3
ANSI_1252
  9
$LASTSAVEDBY
  1
jiang
  9
$INSBASE
 10
0.0
 20
0.0
 30
0.0
  9
$EXTMIN
 10
-7800.0
 20
-23501.25
 30
0.0
  9
$EXTMAX
 10
44081.09826589596
 20
10800.0
 30
0.0
  9
$LIMMIN
 10
0.0
 20
0.0
  9
$LIMMAX
 10
420.0
 20
297.0
  9
$ORTHOMODE
 70
     0
  9
$REGENMODE
 70
     1
  9
$FILLMODE
 70
     1
  9
$QTEXTMODE
 70
     0
  9
$MIRRTEXT
 70
     1
  9
$LTSCALE
 40
1.0
  9
$ATTMODE
 70
     1
  9
$TEXTSIZE
 40
2.5
  9
$TRACEWID
 40
1.0
  9
$TEXTSTYLE
  7
Standard
  9
$CLAYER
  8
0
  9
$CELTYPE
  6
ByLayer
  9
$CECOLOR
 62
   256
  9
$CELTSCALE
 40
1.0
  9
$DISPSILH
 70
     0
  9
$DIMSCALE
 40
1.0
  9
$DIMASZ
 40
2.5
  9
$DIMEXO
 40
0.625
  9
$DIMDLI
 40
3.75
  9
$DIMRND
 40
0.0
  9
$DIMDLE
 40
0.0
  9
$DIMEXE
 40
1.25
  9
$DIMTP
 40
0.0
  9
$DIMTM
 40
0.0
  9
$DIMTXT
 40
2.5
  9
$DIMCEN
 40
2.5
  9
$DIMTSZ
 40
0.0
  9
$DIMTOL
 70
     0
  9
$DIMLIM
 70
     0
  9
$DIMTIH
 70
     0
  9
$DIMTOH
 70
     0
  9
$DIMSE1
 70
     0
  9
$DIMSE2
 70
     0
  9
$DIMTAD
 70
     1
  9
$DIMZIN
 70
     8
  9
$DIMBLK
  1

  9
$DIMASO
 70
     1
  9
$DIMSHO
 70
     1
  9
$DIMPOST
  1

  9
$DIMAPOST
  1

  9
$DIMALT
 70
     0
  9
$DIMALTD
 70
     3
  9
$DIMALTF
 40
0.03937007874
  9
$DIMLFAC
 40
1.0
  9
$DIMTOFL
 70
     1
  9
$DIMTVP
 40
0.0
  9
$DIMTIX
 70
     0
  9
$DIMSOXD
 70
     0
  9
$DIMSAH
 70
     0
  9
$DIMBLK1
  1

  9
$DIMBLK2
  1

  9
$DIMSTYLE
  2
Standard
  9
$DIMCLRD
 70
     0
  9
$DIMCLRE
 70
     0
  9
$DIMCLRT
 70
     0
  9
$DIMTFAC
 40
1.0
  9
$DIMGAP
 40
0.625
  9
$DIMJUST
 70
     0
  9
$DIMSD1
 70
     0
  9
$DIMSD2
 70
     0
  9
$DIMTOLJ
 70
     0
  9
$DIMTZIN
 70
     8
  9
$DIMALTZ
 70
     0
  9
$DIMALTTZ
 70
     0
  9
$DIMUPT
 70
     0
  9
$DIMDEC
 70
     2
  9
$DIMTDEC
 70
     2
  9
$DIMALTU
 70
     2
  9
$DIMALTTD
 70
     3
  9
$DIMTXSTY
  7
Standard
  9
$DIMAUNIT
 70
     0
  9
$DIMADEC
 70
     0
  9
$DIMALTRND
 40
0.0
  9
$DIMAZIN
 70
     0
  9
$DIMDSEP
 70
    44
  9
$DIMATFIT
 70
     3
  9
$DIMFRAC
 70
     0
  9
$DIMLDRBLK
  1

  9
$DIMLUNIT
 70
     2
  9
$DIMLWD
 70
    -2
  9
$DIMLWE
 70
    -2
  9
$DIMTMOVE
 70
     0
  9
$DIMFXL
 40
1.0
  9
$DIMFXLON
 70
     0
  9
$DIMJOGANG
 40
0.7853981633974483
  9
$DIMTFILL
 70
     0
  9
$DIMTFILLCLR
 70
     0
  9
$DIMARCSYM
 70
     0
  9
$DIMLTYPE
  6

  9
$DIMLTEX1
  6

  9
$DIMLTEX2
  6

  9
$DIMTXTDIRECTION
 70
     0
  9
$LUNITS
 70
     2
  9
$LUPREC
 70
     4
  9
$SKETCHINC
 40
1.0
  9
$FILLETRAD
 40
10.0
  9
$AUNITS
 70
     0
  9
$AUPREC
 70
     2
  9
$MENU
  1
.
  9
$ELEVATION
 40
0.0
  9
$PELEVATION
 40
0.0
  9
$THICKNESS
 40
0.0
  9
$LIMCHECK
 70
     0
  9
$CHAMFERA
 40
0.0
  9
$CHAMFERB
 40
0.0
  9
$CHAMFERC
 40
0.0
  9
$CHAMFERD
 40
0.0
  9
$SKPOLY
 70
     0
  9
$TDCREATE
 40
2461264.054282605
  9
$TDUCREATE
 40
2461264.012615938
  9
$TDUPDATE
 40
2461264.054282905
  9
$TDUUPDATE
 40
2461264.012616239
  9
$TDINDWG
 40
0.0000000116
  9
$TDUSRTIMER
 40
0.0000000116
  9
$USRTIMER
 70
     1
  9
$ANGBASE
 50
0.0
  9
$ANGDIR
 70
     0
  9
$PDMODE
 70
     0
  9
$PDSIZE
 40
0.0
  9
$PLINEWID
 40
0.0
  9
$SPLFRAME
 70
     0
  9
$SPLINETYPE
 70
     6
  9
$SPLINESEGS
 70
     8
  9
$HANDSEED
  5
4EB
  9
$SURFTAB1
 70
     6
  9
$SURFTAB2
 70
     6
  9
$SURFTYPE
 70
     6
  9
$SURFU
 70
     6
  9
$SURFV
 70
     6
  9
$UCSBASE
  2

  9
$UCSNAME
  2

  9
$UCSORG
 10
0.0
 20
0.0
 30
0.0
  9
$UCSXDIR
 10
1.0
 20
0.0
 30
0.0
  9
$UCSYDIR
 10
0.0
 20
1.0
 30
0.0
  9
$UCSORTHOREF
  2

  9
$UCSORTHOVIEW
 70
     0
  9
$UCSORGTOP
 10
0.0
 20
0.0
 30
0.0
  9
$UCSORGBOTTOM
 10
0.0
 20
0.0
 30
0.0
  9
$UCSORGLEFT
 10
0.0
 20
0.0
 30
0.0
  9
$UCSORGRIGHT
 10
0.0
 20
0.0
 30
0.0
  9
$UCSORGFRONT
 10
0.0
 20
0.0
 30
0.0
  9
$UCSORGBACK
 10
0.0
 20
0.0
 30
0.0
  9
$PUCSBASE
  2

  9
$PUCSNAME
  2

  9
$PUCSORG
 10
0.0
 20
0.0
 30
0.0
  9
$PUCSXDIR
 10
1.0
 20
0.0
 30
0.0
  9
$PUCSYDIR
 10
0.0
 20
1.0
 30
0.0
  9
$PUCSORTHOREF
  2

  9
$PUCSORTHOVIEW
 70
     0
  9
$PUCSORGTOP
 10
0.0
 20
0.0
 30
0.0
  9
$PUCSORGBOTTOM
 10
0.0
 20
0.0
 30
0.0
  9
$PUCSORGLEFT
 10
0.0
 20
0.0
 30
0.0
  9
$PUCSORGRIGHT
 10
0.0
 20
0.0
 30
0.0
  9
$PUCSORGFRONT
 10
0.0
 20
0.0
 30
0.0
  9
$PUCSORGBACK
 10
0.0
 20
0.0
 30
0.0
  9
$USERI1
 70
     0
  9
$USERI2
 70
     0
  9
$USERI3
 70
     0
  9
$USERI4
 70
     0
  9
$USERI5
 70
     0
  9
$USERR1
 40
0.0
  9
$USERR2
 40
0.0
  9
$USERR3
 40
0.0
  9
$USERR4
 40
0.0
  9
$USERR5
 40
0.0
  9
$WORLDVIEW
 70
     1
  9
$SHADEDGE
 70
     3
  9
$SHADEDIF
 70
    70
  9
$TILEMODE
 70
     1
  9
$MAXACTVP
 70
    64
  9
$PINSBASE
 10
0.0
 20
0.0
 30
0.0
  9
$PLIMCHECK
 70
     0
  9
$PEXTMIN
 10
1.000000000000000E+20
 20
1.000000000000000E+20
 30
1.000000000000000E+20
  9
$PEXTMAX
 10
-1.000000000000000E+20
 20
-1.000000000000000E+20
 30
-1.000000000000000E+20
  9
$PLIMMIN
 10
-20.0
 20
-7.5
  9
$PLIMMAX
 10
277.0
 20
202.5
  9
$UNITMODE
 70
     0
  9
$VISRETAIN
 70
     1
  9
$PLINEGEN
 70
     0
  9
$PSLTSCALE
 70
     1
  9
$TREEDEPTH
 70
  3020
  9
$CMLSTYLE
  2
Standard
  9
$CMLJUST
 70
     0
  9
$CMLSCALE
 40
20.0
  9
$PROXYGRAPHICS
 70
     1
  9
$MEASUREMENT
 70
     1
  9
$CELWEIGHT
370
    -1
  9
$ENDCAPS
280
     0
  9
$JOINSTYLE
280
     0
  9
$LWDISPLAY
290
     0
  9
$INSUNITS
 70
     4
  9
$HYPERLINKBASE
  1

  9
$STYLESHEET
  1

  9
$XEDIT
290
     1
  9
$CEPSNTYPE
380
     0
  9
$PSTYLEMODE
290
     1
  9
$FINGERPRINTGUID
  2
{0b34740d-9b4f-4b5b-a07a-452874dc28cd}
  9
$VERSIONGUID
  2
{FAEB1C32-E019-11D5-929B-00C0DF256EC4}
  9
$EXTNAMES
290
     1
  9
$PSVPSCALE
 40
0.0
  9
$OLESTARTUP
290
     0
  9
$SORTENTS
280
   127
  9
$INDEXCTL
280
     0
  9
$HIDETEXT
280
     1
  9
$XCLIPFRAME
280
     2
  9
$HALOGAP
280
     0
  9
$OBSCOLOR
 70
   257
  9
$OBSLTYPE
280
     0
  9
$INTERSECTIONDISPLAY
280
     0
  9
$INTERSECTIONCOLOR
 70
   257
  9
$DIMASSOC
280
     2
  9
$PROJECTNAME
  1

  9
$CAMERADISPLAY
290
     0
  9
$LENSLENGTH
 40
50.0
  9
$CAMERAHEIGHT
 40
0.0
  9
$STEPSPERSEC
 40
2.0
  9
$STEPSIZE
 40
6.0
  9
$3DDWFPREC
 40
2.0
  9
$PSOLWIDTH
 40
0.25
  9
$PSOLHEIGHT
 40
4.0
  9
$LOFTANG1
 40
1.570796326794897
  9
$LOFTANG2
 40
1.570796326794897
  9
$LOFTMAG1
 40
0.0
  9
$LOFTMAG2
 40
0.0
  9
$LOFTPARAM
 70
     7
  9
$LOFTNORMALS
280
     1
  9
$LATITUDE
 40
37.795
  9
$LONGITUDE
 40
-122.394
  9
$NORTHDIRECTION
 40
0.0
  9
$TIMEZONE
 70
 -8000
  9
$LIGHTGLYPHDISPLAY
280
     1
  9
$TILEMODELIGHTSYNCH
280
     1
  9
$CMATERIAL
347
407
  9
$SOLIDHIST
280
     0
  9
$SHOWHIST
280
     1
  9
$DWFFRAME
280
     2
  9
$DGNFRAME
280
     2
  9
$REALWORLDSCALE
290
     1
  9
$INTERFERECOLOR
 62
   256
  9
$CSHADOW
280
     0
  9
$SHADOWPLANELOCATION
 40
0.0
  0
ENDSEC
  0
SECTION
  2
CLASSES
  0
CLASS
  1
ACDBDICTIONARYWDFLT
  2
AcDbDictionaryWithDefault
  3
ObjectDBX Classes
 90
        0
 91
        3
280
     0
281
     0
  0
CLASS
  1
VISUALSTYLE
  2
AcDbVisualStyle
  3
ObjectDBX Classes
 90
     4095
 91
        3
280
     0
281
     0
  0
CLASS
  1
MATERIAL
  2
AcDbMaterial
  3
ObjectDBX Classes
 90
     1153
 91
        3
280
     0
281
     0
  0
CLASS
  1
SCALE
  2
AcDbScale
  3
ObjectDBX Classes
 90
     1153
 91
        3
280
     0
281
     0
  0
CLASS
  1
TABLESTYLE
  2
AcDbTableStyle
  3
ObjectDBX Classes
 90
     4095
 91
        3
280
     0
281
     0
  0
CLASS
  1
MLEADERSTYLE
  2
AcDbMLeaderStyle
  3
ACDB_MLEADERSTYLE_CLASS
 90
     4095
 91
        3
280
     0
281
     0
  0
CLASS
  1
SUN
  2
AcDbSun
  3
SCENEOE
 90
     1153
 91
        3
280
     0
281
     0
  0
CLASS
  1
RASTERVARIABLES
  2
AcDbRasterVariables
  3
ISM
 90
        0
 91
        3
280
     0
281
     0
  0
CLASS
  1
DICTIONARYVAR
  2
AcDbDictionaryVar
  3
ObjectDBX Classes
 90
        0
 91
        3
280
     0
281
     0
  0
CLASS
  1
CELLSTYLEMAP
  2
AcDbCellStyleMap
  3
ObjectDBX Classes
 90
     1152
 91
        3
280
     0
281
     0
  0
ENDSEC
  0
SECTION
  2
TABLES
  0
TABLE
  2
VPORT
  5
3CC
330
0
100
AcDbSymbolTable
 70
     1
  0
VPORT
  5
3EC
330
3CC
100
AcDbSymbolTableRecord
100
AcDbViewportTableRecord
  2
*Active
 70
     0
 10
0.0
 20
0.0
 11
1.0
 21
1.0
 12
0.0
 22
0.0
 13
0.0
 23
0.0
 14
0.5
 24
0.5
 15
0.5
 25
0.5
 16
0.0
 26
0.0
 36
1.0
 17
0.0
 27
0.0
 37
0.0
 40
1000.0
 41
1.34
 42
50.0
 43
0.0
 44
0.0
 50
0.0
 51
0.0
 71
     0
 72
   100
 73
     1
 74
     3
 75
     0
 76
     0
 77
     0
 78
     0
281
     0
 65
     1
110
0.0
120
0.0
130
0.0
111
1.0
121
0.0
131
0.0
112
0.0
122
1.0
132
0.0
 79
     0
146
0.0
348
3F2
 60
     3
 61
     5
292
     1
282
     1
141
0.0
142
0.0
 63
   250
361
420
  0
ENDTAB
  0
TABLE
  2
LTYPE
  5
3C9
330
0
100
AcDbSymbolTable
 70
    51
  0
LTYPE
  5
3D7
330
3C9
100
AcDbSymbolTableRecord
100
AcDbLinetypeTableRecord
  2
ByBlock
 70
     0
  3

 72
    65
 73
     0
 40
0.0
  0
LTYPE
  5
3D8
330
3C9
100
AcDbSymbolTableRecord
100
AcDbLinetypeTableRecord
  2
ByLayer
 70
     0
  3

 72
    65
 73
     0
 40
0.0
  0
LTYPE
  5
3D9
330
3C9
100
AcDbSymbolTableRecord
100
AcDbLinetypeTableRecord
  2
Continuous
 70
     0
  3
Solid line
 72
    65
 73
     0
 40
0.0
  0
LTYPE
  5
45C
330
3C9
100
AcDbSymbolTableRecord
100
AcDbLinetypeTableRecord
  2
ACAD_ISO02W100
 70
     0
  3
ISO dash __ __ __ __ __ __ __ __ __ __ __ __ __
 72
    65
 73
     2
 40
15.0
 49
12.0
 74
     0
 49
-3.0
 74
     0
  0
LTYPE
  5
45D
330
3C9
100
AcDbSymbolTableRecord
100
AcDbLinetypeTableRecord
  2
BORDERX2
 70
     0
  3
Border (2x) ____  ____  .  ____  ____  .  ___
 72
    65
 73
     6
 40
88.89999999999999
 49
25.4
 74
     0
 49
-12.7
 74
     0
 49
25.4
 74
     0
 49
-12.7
 74
     0
 49
0.0
 74
     0
 49
-12.7
 74
     0
  0
LTYPE
  5
45E
330
3C9
100
AcDbSymbolTableRecord
100
AcDbLinetypeTableRecord
  2
DIVIDE
 70
     0
  3
Divide ____ . . ____ . . ____ . . ____ . . ____
 72
    65
 73
     6
 40
31.75
 49
12.7
 74
     0
 49
-6.35
 74
     0
 49
0.0
 74
     0
 49
-6.35
 74
     0
 49
0.0
 74
     0
 49
-6.35
 74
     0
  0
LTYPE
  5
460
330
3C9
100
AcDbSymbolTableRecord
100
AcDbLinetypeTableRecord
  2
DRAINAGE2
 70
     0
  3
Drainage reversed----<----<----<----
 72
    65
 73
     2
 40
10.16
 49
5.08
 74
     2
 75
     0
340
45F
 46
2.54
 50
0.0
 44
0.0
 45
0.0
  9
RIGHT_ARROW
 49
5.08
 74
     0
  0
LTYPE
  5
461
330
3C9
100
AcDbSymbolTableRecord
100
AcDbLinetypeTableRecord
  2
ACAD_ISO11W100
 70
     0
  3
ISO double-dash dot __ __ . __ __ . __ __ . __ _
 72
    65
 73
     6
 40
33.0
 49
12.0
 74
     0
 49
-3.0
 74
     0
 49
12.0
 74
     0
 49
-3.0
 74
     0
 49
0.0
 74
     0
 49
-3.0
 74
     0
  0
LTYPE
  5
462
330
3C9
100
AcDbSymbolTableRecord
100
AcDbLinetypeTableRecord
  2
DIVIDE2
 70
     0
  3
Divide (.5x) __..__..__..__..__..__..__..__.._
 72
    65
 73
     6
 40
15.875
 49
6.35
 74
     0
 49
-3.175
 74
     0
 49
0.0
 74
     0
 49
-3.175
 74
     0
 49
0.0
 74
     0
 49
-3.175
 74
     0
  0
LTYPE
  5
463
330
3C9
100
AcDbSymbolTableRecord
100
AcDbLinetypeTableRecord
  2
ACAD_ISO07W100
 70
     0
  3
ISO dot . . . . . . . . . . . . . . . . . . . . 
 72
    65
 73
     2
 40
3.0
 49
0.0
 74
     0
 49
-3.0
 74
     0
  0
LTYPE
  5
465
330
3C9
100
AcDbSymbolTableRecord
100
AcDbLinetypeTableRecord
  2
GAS_LINE
 70
     0
  3
Gas line ----GAS----GAS----GAS----GAS----GAS----GAS--
 72
    65
 73
     3
 40
24.13
 49
12.7
 74
     0
 49
-5.08
 74
     2
 75
     0
340
464
 46
2.54
 50
0.0
 44
-2.54
 45
-1.27
  9
GAS
 49
-6.35
 74
     0
  0
LTYPE
  5
466
330
3C9
100
AcDbSymbolTableRecord
100
AcDbLinetypeTableRecord
  2
HIDDENX2
 70
     0
  3
Hidden (2x) ____ ____ ____ ____ ____ ____ ____ 
 72
    65
 73
     2
 40
19.05
 49
12.7
 74
     0
 49
-6.35
 74
     0
  0
LTYPE
  5
468
330
3C9
100
AcDbSymbolTableRecord
100
AcDbLinetypeTableRecord
  2
ZIGZAG
 70
     0
  3
Zig zag /\/\/\/\/\/\/\/\/\/\/\/\/\/\/\/\/\/\/\/\/\/\/\/
 72
    65
 73
     4
 40
20.32254
 49
0.00254
 74
     0
 49
-5.08
 74
     2
 75
     0
340
467
 46
5.08
 50
0.0
 44
-5.08
 45
0.0
  9
ZIG
 49
-10.16
 74
     2
 75
     0
340
467
 46
5.08
 50
180.0
 44
5.08
 45
0.0
  9
ZIG
 49
-5.08
 74
     0
  0
LTYPE
  5
469
330
3C9
100
AcDbSymbolTableRecord
100
AcDbLinetypeTableRecord
  2
TRACKS
 70
     0
  3
Tracks -|-|-|-|-|-|-|-|-|-|-|-|-|-|-|-|-|-|-|-|-|-|-|-|-
 72
    65
 73
     2
 40
7.62
 49
3.81
 74
     2
 75
     0
340
467
 46
6.35
 50
0.0
 44
0.0
 45
0.0
  9
TRACK1
 49
3.81
 74
     0
  0
LTYPE
  5
46A
330
3C9
100
AcDbSymbolTableRecord
100
AcDbLinetypeTableRecord
  2
FENCELINE1
 70
     0
  3
Fenceline circle ----0-----0----0-----0----0-----0--
 72
    65
 73
     4
 40
36.83
 49
6.35
 74
     0
 49
-2.54
 74
     2
 75
     0
340
467
 46
2.54
 50
0.0
 44
-2.54
 45
0.0
  9
CIRC1
 49
-2.54
 74
     0
 49
25.4
 74
     0
  0
LTYPE
  5
46B
330
3C9
100
AcDbSymbolTableRecord
100
AcDbLinetypeTableRecord
  2
ACAD_ISO08W100
 70
     0
  3
ISO long-dash short-dash ____ __ ____ __ ____ _
 72
    65
 73
     4
 40
36.0
 49
24.0
 74
     0
 49
-3.0
 74
     0
 49
6.0
 74
     0
 49
-3.0
 74
     0
  0
LTYPE
  5
46C
330
3C9
100
AcDbSymbolTableRecord
100
AcDbLinetypeTableRecord
  2
ACAD_ISO15W100
 70
     0
  3
ISO double-dash triple-dot __ __ . . . __ __ . .
 72
    65
 73
    10
 40
39.0
 49
12.0
 74
     0
 49
-3.0
 74
     0
 49
12.0
 74
     0
 49
-3.0
 74
     0
 49
0.0
 74
     0
 49
-3.0
 74
     0
 49
0.0
 74
     0
 49
-3.0
 74
     0
 49
0.0
 74
     0
 49
-3.0
 74
     0
  0
LTYPE
  5
46D
330
3C9
100
AcDbSymbolTableRecord
100
AcDbLinetypeTableRecord
  2
PHANTOMX2
 70
     0
  3
Phantom (2x) ____________    ____    ____   _
 72
    65
 73
     6
 40
127.0
 49
63.5
 74
     0
 49
-12.7
 74
     0
 49
12.7
 74
     0
 49
-12.7
 74
     0
 49
12.7
 74
     0
 49
-12.7
 74
     0
  0
LTYPE
  5
46E
330
3C9
100
AcDbSymbolTableRecord
100
AcDbLinetypeTableRecord
  2
CENTER
 70
     0
  3
Center ____ _ ____ _ ____ _ ____ _ ____ _ ____
 72
    65
 73
     4
 40
50.8
 49
31.75
 74
     0
 49
-6.35
 74
     0
 49
6.35
 74
     0
 49
-6.35
 74
     0
  0
LTYPE
  5
46F
330
3C9
100
AcDbSymbolTableRecord
100
AcDbLinetypeTableRecord
  2
PHANTOM2
 70
     0
  3
Phantom (.5x) ___ _ _ ___ _ _ ___ _ _ ___ _ _
 72
    65
 73
     6
 40
31.75
 49
15.875
 74
     0
 49
-3.175
 74
     0
 49
3.175
 74
     0
 49
-3.175
 74
     0
 49
3.175
 74
     0
 49
-3.175
 74
     0
  0
LTYPE
  5
470
330
3C9
100
AcDbSymbolTableRecord
100
AcDbLinetypeTableRecord
  2
BATTING
 70
     0
  3
Batting SSSSSSSSSSSSSSSSSSSSSSSSSSSSSSSSSSSSSSSSSSSSSSS
 72
    65
 73
     4
 40
10.16254
 49
0.00254
 74
     0
 49
-2.54
 74
     2
 75
     0
340
467
 46
2.54
 50
0.0
 44
-2.54
 45
0.0
  9
BAT
 49
-5.08
 74
     2
 75
     0
340
467
 46
2.54
 50
180.0
 44
2.54
 45
0.0
  9
BAT
 49
-2.54
 74
     0
  0
LTYPE
  5
471
330
3C9
100
AcDbSymbolTableRecord
100
AcDbLinetypeTableRecord
  2
FENCELINE2
 70
     0
  3
Fenceline square ----[]-----[]----[]-----[]----[]---
 72
    65
 73
     4
 40
36.83
 49
6.35
 74
     0
 49
-2.54
 74
     2
 75
     0
340
467
 46
2.54
 50
0.0
 44
-2.54
 45
0.0
  9
BOX
 49
-2.54
 74
     0
 49
25.4
 74
     0
  0
LTYPE
  5
472
330
3C9
100
AcDbSymbolTableRecord
100
AcDbLinetypeTableRecord
  2
DOT
 70
     0
  3
Dot . . . . . . . . . . . . . . . . . . . . . . . .
 72
    65
 73
     2
 40
6.35
 49
0.0
 74
     0
 49
-6.35
 74
     0
  0
LTYPE
  5
473
330
3C9
100
AcDbSymbolTableRecord
100
AcDbLinetypeTableRecord
  2
DASHEDX2
 70
     0
  3
Dashed (2x) ____  ____  ____  ____  ____  ___
 72
    65
 73
     2
 40
38.09999999999999
 49
25.4
 74
     0
 49
-12.7
 74
     0
  0
LTYPE
  5
474
330
3C9
100
AcDbSymbolTableRecord
100
AcDbLinetypeTableRecord
  2
HIDDEN
 70
     0
  3
Hidden __ __ __ __ __ __ __ __ __ __ __ __ __ __
 72
    65
 73
     2
 40
9.524999999999999
 49
6.35
 74
     0
 49
-3.175
 74
     0
  0
LTYPE
  5
475
330
3C9
100
AcDbSymbolTableRecord
100
AcDbLinetypeTableRecord
  2
DASHDOTX2
 70
     0
  3
Dash dot (2x) ____  .  ____  .  ____  .  ___
 72
    65
 73
     4
 40
50.8
 49
25.4
 74
     0
 49
-12.7
 74
     0
 49
0.0
 74
     0
 49
-12.7
 74
     0
  0
LTYPE
  5
476
330
3C9
100
AcDbSymbolTableRecord
100
AcDbLinetypeTableRecord
  2
ACAD_ISO06W100
 70
     0
  3
ISO long-dash triple-dot ____ ... ____ ... ____
 72
    65
 73
     8
 40
36.0
 49
24.0
 74
     0
 49
-3.0
 74
     0
 49
0.0
 74
     0
 49
-3.0
 74
     0
 49
0.0
 74
     0
 49
-3.0
 74
     0
 49
0.0
 74
     0
 49
-3.0
 74
     0
  0
LTYPE
  5
477
330
3C9
100
AcDbSymbolTableRecord
100
AcDbLinetypeTableRecord
  2
DOTX2
 70
     0
  3
Dot (2x) .  .  .  .  .  .  .  .  .  .  .  .  .  .
 72
    65
 73
     2
 40
12.7
 49
0.0
 74
     0
 49
-12.7
 74
     0
  0
LTYPE
  5
478
330
3C9
100
AcDbSymbolTableRecord
100
AcDbLinetypeTableRecord
  2
DRAINAGE
 70
     0
  3
Drainage ---->---->---->----
 72
    65
 73
     2
 40
10.16
 49
5.08
 74
     2
 75
     0
340
45F
 46
2.54
 50
180.0
 44
0.0
 45
0.0
  9
RIGHT_ARROW
 49
5.08
 74
     0
  0
LTYPE
  5
479
330
3C9
100
AcDbSymbolTableRecord
100
AcDbLinetypeTableRecord
  2
HIDDEN2
 70
     0
  3
Hidden (.5x) _ _ _ _ _ _ _ _ _ _ _ _ _ _ _ _ _ 
 72
    65
 73
     2
 40
4.762499999999999
 49
3.175
 74
     0
 49
-1.5875
 74
     0
  0
LTYPE
  5
47A
330
3C9
100
AcDbSymbolTableRecord
100
AcDbLinetypeTableRecord
  2
CENTER2
 70
     0
  3
Center (.5x) ___ _ ___ _ ___ _ ___ _ ___ _ ___
 72
    65
 73
     4
 40
28.575
 49
19.05
 74
     0
 49
-3.175
 74
     0
 49
3.175
 74
     0
 49
-3.175
 74
     0
  0
LTYPE
  5
47B
330
3C9
100
AcDbSymbolTableRecord
100
AcDbLinetypeTableRecord
  2
DASHDOT2
 70
     0
  3
Dash dot (.5x) _._._._._._._._._._._._._._._.
 72
    65
 73
     4
 40
12.7
 49
6.35
 74
     0
 49
-3.175
 74
     0
 49
0.0
 74
     0
 49
-3.175
 74
     0
  0
LTYPE
  5
47C
330
3C9
100
AcDbSymbolTableRecord
100
AcDbLinetypeTableRecord
  2
POINT1
 70
     0
  3
----/\-----/\---
 72
    65
 73
     2
 40
31.26232
 49
25.4
 74
     2
 75
     0
340
467
 46
5.08
 50
0.0
 44
0.0
 45
0.0
  9
PT1
 49
-5.86232
 74
     0
  0
LTYPE
  5
47D
330
3C9
100
AcDbSymbolTableRecord
100
AcDbLinetypeTableRecord
  2
DASHED2
 70
     0
  3
Dashed (.5x) _ _ _ _ _ _ _ _ _ _ _ _ _ _ _ _ _ 
 72
    65
 73
     2
 40
9.524999999999999
 49
6.35
 74
     0
 49
-3.175
 74
     0
  0
LTYPE
  5
47E
330
3C9
100
AcDbSymbolTableRecord
100
AcDbLinetypeTableRecord
  2
ACAD_ISO10W100
 70
     0
  3
ISO dash dot __ . __ . __ . __ . __ . __ . __ . 
 72
    65
 73
     4
 40
18.0
 49
12.0
 74
     0
 49
-3.0
 74
     0
 49
0.0
 74
     0
 49
-3.0
 74
     0
  0
LTYPE
  5
47F
330
3C9
100
AcDbSymbolTableRecord
100
AcDbLinetypeTableRecord
  2
ACAD_ISO09W100
 70
     0
  3
ISO long-dash double-short-dash ____ __ __ ____
 72
    65
 73
     6
 40
45.0
 49
24.0
 74
     0
 49
-3.0
 74
     0
 49
6.0
 74
     0
 49
-3.0
 74
     0
 49
6.0
 74
     0
 49
-3.0
 74
     0
  0
LTYPE
  5
480
330
3C9
100
AcDbSymbolTableRecord
100
AcDbLinetypeTableRecord
  2
HOT_WATER_SUPPLY
 70
     0
  3
Hot water supply ---- HW ---- HW ---- HW ----
 72
    65
 73
     3
 40
22.86
 49
12.7
 74
     0
 49
-5.08
 74
     2
 75
     0
340
464
 46
2.54
 50
0.0
 44
-2.54
 45
-1.27
  9
HW
 49
-5.08
 74
     0
  0
LTYPE
  5
481
330
3C9
100
AcDbSymbolTableRecord
100
AcDbLinetypeTableRecord
  2
CENTERX2
 70
     0
  3
Center (2x) ________  __  ________  __  _____
 72
    65
 73
     4
 40
101.6
 49
63.5
 74
     0
 49
-12.7
 74
     0
 49
12.7
 74
     0
 49
-12.7
 74
     0
  0
LTYPE
  5
482
330
3C9
100
AcDbSymbolTableRecord
100
AcDbLinetypeTableRecord
  2
PLANT
 70
     0
  3
_/^ \_\^ \_
 72
    65
 73
     7
 40
21.94
 49
0.01
 74
     2
 75
     0
340
467
 46
1.0
 50
0.0
 44
0.0
 45
0.0
  9
PLANT1
 49
-3.0
 74
     2
 75
     0
340
467
 46
1.0
 50
0.0
 44
0.0
 45
0.0
  9
PLANT2
 49
-3.15
 74
     2
 75
     0
340
467
 46
1.0
 50
0.0
 44
0.0
 45
0.0
  9
PLANT3
 49
-4.23
 74
     2
 75
     0
340
467
 46
1.0
 50
0.0
 44
0.0
 45
0.0
  9
PLANT4
 49
-4.63
 74
     2
 75
     0
340
467
 46
1.0
 50
0.0
 44
0.0
 45
0.0
  9
PLANT5
 49
-2.5
 74
     2
 75
     0
340
467
 46
1.0
 50
0.0
 44
0.0
 45
0.0
  9
PLANT6
 49
-4.42
 74
     0
  0
LTYPE
  5
483
330
3C9
100
AcDbSymbolTableRecord
100
AcDbLinetypeTableRecord
  2
BORDER2
 70
     0
  3
Border (.5x) __.__.__.__.__.__.__.__.__.__.__.
 72
    65
 73
     6
 40
22.225
 49
6.35
 74
     0
 49
-3.175
 74
     0
 49
6.35
 74
     0
 49
-3.175
 74
     0
 49
0.0
 74
     0
 49
-3.175
 74
     0
  0
LTYPE
  5
484
330
3C9
100
AcDbSymbolTableRecord
100
AcDbLinetypeTableRecord
  2
DASHED
 70
     0
  3
Dashed 0.5 / 0.25
 72
    65
 73
     2
 40
0.75
 49
0.5
 74
     0
 49
-0.25
 74
     0
  0
LTYPE
  5
485
330
3C9
100
AcDbSymbolTableRecord
100
AcDbLinetypeTableRecord
  2
ACAD_ISO04W100
 70
     0
  3
ISO long-dash dot ____ . ____ . ____ . ____ . _
 72
    65
 73
     4
 40
30.0
 49
24.0
 74
     0
 49
-3.0
 74
     0
 49
0.0
 74
     0
 49
-3.0
 74
     0
  0
LTYPE
  5
486
330
3C9
100
AcDbSymbolTableRecord
100
AcDbLinetypeTableRecord
  2
DOT2
 70
     0
  3
Dot (.5x) ........................................
 72
    65
 73
     2
 40
3.175
 49
0.0
 74
     0
 49
-3.175
 74
     0
  0
LTYPE
  5
487
330
3C9
100
AcDbSymbolTableRecord
100
AcDbLinetypeTableRecord
  2
ACAD_ISO05W100
 70
     0
  3
ISO long-dash double-dot ____ .. ____ .. ____ . 
 72
    65
 73
     6
 40
33.0
 49
24.0
 74
     0
 49
-3.0
 74
     0
 49
0.0
 74
     0
 49
-3.0
 74
     0
 49
0.0
 74
     0
 49
-3.0
 74
     0
  0
LTYPE
  5
488
330
3C9
100
AcDbSymbolTableRecord
100
AcDbLinetypeTableRecord
  2
ACAD_ISO03W100
 70
     0
  3
ISO dash space __    __    __    __    __    __
 72
    65
 73
     2
 40
30.0
 49
12.0
 74
     0
 49
-18.0
 74
     0
  0
LTYPE
  5
489
330
3C9
100
AcDbSymbolTableRecord
100
AcDbLinetypeTableRecord
  2
ACAD_ISO14W100
 70
     0
  3
ISO dash triple-dot __ . . . __ . . . __ . . . _
 72
    65
 73
     8
 40
24.0
 49
12.0
 74
     0
 49
-3.0
 74
     0
 49
0.0
 74
     0
 49
-3.0
 74
     0
 49
0.0
 74
     0
 49
-3.0
 74
     0
 49
0.0
 74
     0
 49
-3.0
 74
     0
  0
LTYPE
  5
48A
330
3C9
100
AcDbSymbolTableRecord
100
AcDbLinetypeTableRecord
  2
ACAD_ISO12W100
 70
     0
  3
ISO dash double-dot __ . . __ . . __ . . __ . . 
 72
    65
 73
     6
 40
21.0
 49
12.0
 74
     0
 49
-3.0
 74
     0
 49
0.0
 74
     0
 49
-3.0
 74
     0
 49
0.0
 74
     0
 49
-3.0
 74
     0
  0
LTYPE
  5
48B
330
3C9
100
AcDbSymbolTableRecord
100
AcDbLinetypeTableRecord
  2
ACAD_ISO13W100
 70
     0
  3
ISO double-dash double-dot __ __ . . __ __ . . _
 72
    65
 73
     8
 40
36.0
 49
12.0
 74
     0
 49
-3.0
 74
     0
 49
12.0
 74
     0
 49
-3.0
 74
     0
 49
0.0
 74
     0
 49
-3.0
 74
     0
 49
0.0
 74
     0
 49
-3.0
 74
     0
  0
LTYPE
  5
48C
330
3C9
100
AcDbSymbolTableRecord
100
AcDbLinetypeTableRecord
  2
PHANTOM
 70
     0
  3
Phantom ______  __  __  ______  __  __  ______ 
 72
    65
 73
     6
 40
63.50000000000001
 49
31.75
 74
     0
 49
-6.35
 74
     0
 49
6.35
 74
     0
 49
-6.35
 74
     0
 49
6.35
 74
     0
 49
-6.35
 74
     0
  0
LTYPE
  5
48D
330
3C9
100
AcDbSymbolTableRecord
100
AcDbLinetypeTableRecord
  2
POINT2
 70
     0
  3
----\/-----\/---
 72
    65
 73
     2
 40
31.26232
 49
25.4
 74
     2
 75
     0
340
467
 46
5.08
 50
0.0
 44
0.0
 45
0.0
  9
PT2
 49
-5.86232
 74
     0
  0
LTYPE
  5
48E
330
3C9
100
AcDbSymbolTableRecord
100
AcDbLinetypeTableRecord
  2
DIVIDEX2
 70
     0
  3
Divide (2x) ________  .  .  ________  .  .  _
 72
    65
 73
     6
 40
63.5
 49
25.4
 74
     0
 49
-12.7
 74
     0
 49
0.0
 74
     0
 49
-12.7
 74
     0
 49
0.0
 74
     0
 49
-12.7
 74
     0
  0
LTYPE
  5
48F
330
3C9
100
AcDbSymbolTableRecord
100
AcDbLinetypeTableRecord
  2
DASHDOT
 70
     0
  3
Dash dot __ . __ . __ . __ . __ . __ . __ . __
 72
    65
 73
     4
 40
25.4
 49
12.7
 74
     0
 49
-6.35
 74
     0
 49
0.0
 74
     0
 49
-6.35
 74
     0
  0
LTYPE
  5
490
330
3C9
100
AcDbSymbolTableRecord
100
AcDbLinetypeTableRecord
  2
BORDER
 70
     0
  3
Border __ __ . __ __ . __ __ . __ __ . __ __ .
 72
    65
 73
     6
 40
44.45
 49
12.7
 74
     0
 49
-6.35
 74
     0
 49
12.7
 74
     0
 49
-6.35
 74
     0
 49
0.0
 74
     0
 49
-6.35
 74
     0
  0
ENDTAB
  0
TABLE
  2
LAYER
  5
3C7
330
0
100
AcDbSymbolTable
 70
    18
  0
LAYER
  5
3D4
330
3C7
100
AcDbSymbolTableRecord
100
AcDbLayerTableRecord
  2
0
 70
     0
 62
     7
  6
Continuous
370
    -3
390
3D3
347
409
  0
LAYER
  5
491
330
3C7
100
AcDbSymbolTableRecord
100
AcDbLayerTableRecord
  2
A-AXIS
 70
     0
 62
     8
  6
Continuous
370
    25
390
3D3
347
409
  0
LAYER
  5
492
330
3C7
100
AcDbSymbolTableRecord
100
AcDbLayerTableRecord
  2
A-CUT
 70
     0
 62
     1
  6
Continuous
370
    50
390
3D3
347
409
  0
LAYER
  5
493
330
3C7
100
AcDbSymbolTableRecord
100
AcDbLayerTableRecord
  2
A-DAMAGE
 70
     0
 62
     1
  6
Continuous
370
    25
390
3D3
347
409
  0
LAYER
  5
494
330
3C7
100
AcDbSymbolTableRecord
100
AcDbLayerTableRecord
  2
A-DIM
 70
     0
 62
     3
  6
Continuous
370
    25
390
3D3
347
409
  0
LAYER
  5
495
330
3C7
100
AcDbSymbolTableRecord
100
AcDbLayerTableRecord
  2
A-EXIST
 70
     0
 62
     7
  6
Continuous
370
    25
390
3D3
347
409
  0
LAYER
  5
496
330
3C7
100
AcDbSymbolTableRecord
100
AcDbLayerTableRecord
  2
A-FRAME
 70
     0
 62
     7
  6
Continuous
370
    25
390
3D3
347
409
  0
LAYER
  5
497
330
3C7
100
AcDbSymbolTableRecord
100
AcDbLayerTableRecord
  2
A-HATCH
 70
     0
 62
     9
  6
Continuous
370
    25
390
3D3
347
409
  0
LAYER
  5
498
330
3C7
100
AcDbSymbolTableRecord
100
AcDbLayerTableRecord
  2
A-HIDDEN
 70
     0
 62
     9
  6
DASHED
370
    25
390
3D3
347
409
  0
LAYER
  5
499
330
3C7
100
AcDbSymbolTableRecord
100
AcDbLayerTableRecord
  2
A-OPEN
 70
     0
 62
     4
  6
Continuous
370
    25
390
3D3
347
409
  0
LAYER
  5
49A
330
3C7
100
AcDbSymbolTableRecord
100
AcDbLayerTableRecord
  2
A-OUTLINE
 70
     0
 62
     7
  6
Continuous
370
    50
390
3D3
347
409
  0
LAYER
  5
49B
330
3C7
100
AcDbSymbolTableRecord
100
AcDbLayerTableRecord
  2
A-PROJ
 70
     0
 62
     8
  6
Continuous
370
    25
390
3D3
347
409
  0
LAYER
  5
49C
330
3C7
100
AcDbSymbolTableRecord
100
AcDbLayerTableRecord
  2
A-REPAIR
 70
     0
 62
     5
  6
Continuous
370
    25
390
3D3
347
409
  0
LAYER
  5
49D
330
3C7
100
AcDbSymbolTableRecord
100
AcDbLayerTableRecord
  2
A-ROOF
 70
     0
 62
     8
  6
Continuous
370
    25
390
3D3
347
409
  0
LAYER
  5
49E
330
3C7
100
AcDbSymbolTableRecord
100
AcDbLayerTableRecord
  2
A-TEXT
 70
     0
 62
     7
  6
Continuous
370
    25
390
3D3
347
409
  0
LAYER
  5
49F
330
3C7
100
AcDbSymbolTableRecord
100
AcDbLayerTableRecord
  2
A-TIMBER
 70
     0
 62
    30
  6
Continuous
370
    25
390
3D3
347
409
  0
LAYER
  5
4A0
330
3C7
100
AcDbSymbolTableRecord
100
AcDbLayerTableRecord
  2
Defpoints
 70
     0
 62
     7
  6
Continuous
290
     0
370
    -3
390
3D3
347
409
  0
LAYER
  5
4A1
330
3C7
100
AcDbSymbolTableRecord
100
AcDbLayerTableRecord
  2
VIEWPORTS
 70
     0
 62
     7
  6
Continuous
370
    -3
390
3D3
347
409
  0
ENDTAB
  0
TABLE
  2
STYLE
  5
3C8
330
0
100
AcDbSymbolTable
 70
     6
  0
STYLE
  5
3D5
330
3C8
100
AcDbSymbolTableRecord
100
AcDbTextStyleTableRecord
  2
Standard
 70
     0
 40
0.0
 41
1.0
 50
0.0
 71
     0
 42
2.5
  3
txt
  4

  0
STYLE
  5
45A
330
3C8
100
AcDbSymbolTableRecord
100
AcDbTextStyleTableRecord
  2
QCADDimTextStyle
 70
     0
 40
0.0
 41
1.0
 50
0.0
 71
     0
 42
2.5
  3

  4

  0
STYLE
  5
45F
330
3C8
100
AcDbSymbolTableRecord
100
AcDbTextStyleTableRecord
  2
textstyle0
 70
     0
 40
0.0
 41
1.0
 50
0.0
 71
     0
 42
2.5
  3
qcadshp.shx
  4

  0
STYLE
  5
464
330
3C8
100
AcDbSymbolTableRecord
100
AcDbTextStyleTableRecord
  2
textstyle1
 70
     0
 40
0.0
 41
1.0
 50
0.0
 71
     0
 42
2.5
  3
STANDARD
  4

  0
STYLE
  5
467
330
3C8
100
AcDbSymbolTableRecord
100
AcDbTextStyleTableRecord
  2
textstyle2
 70
     0
 40
0.0
 41
1.0
 50
0.0
 71
     0
 42
2.5
  3
ltypeshp.shx
  4

  0
STYLE
  5
4B1
330
3C8
100
AcDbSymbolTableRecord
100
AcDbTextStyleTableRecord
  2
textstyle3
 70
     0
 40
0.0
 41
1.0
 50
0.0
 71
     0
 42
2.5
  3
simhei.ttf
  4

1001
ACAD
1000
SimHei
1071
        0
  0
ENDTAB
  0
TABLE
  2
VIEW
  5
3CA
330
0
100
AcDbSymbolTable
 70
     0
  0
ENDTAB
  0
TABLE
  2
UCS
  5
3CB
330
0
100
AcDbSymbolTable
 70
     0
  0
ENDTAB
  0
TABLE
  2
APPID
  5
3CD
330
0
100
AcDbSymbolTable
 70
     3
  0
APPID
  5
3D6
330
3CD
100
AcDbSymbolTableRecord
100
AcDbRegAppTableRecord
  2
ACAD
 70
     0
  0
APPID
  5
421
330
3CD
100
AcDbSymbolTableRecord
100
AcDbRegAppTableRecord
  2
QCAD
 70
     0
  0
APPID
  5
4B0
330
3CD
100
AcDbSymbolTableRecord
100
AcDbRegAppTableRecord
  2
GUJIAN_SOURCE
 70
     0
  0
ENDTAB
  0
TABLE
  2
DIMSTYLE
  5
3CE
330
0
100
AcDbSymbolTable
 70
     2
100
AcDbDimStyleTable
  0
DIMSTYLE
105
3EA
330
3CE
100
AcDbSymbolTableRecord
100
AcDbDimStyleTableRecord
  2
Standard
 70
     0
178
     0
340
3D5
  0
DIMSTYLE
105
45B
102
{ACAD_REACTORS
330
213
330
227
330
237
330
247
330
257
330
267
330
2D9
330
2E9
330
2F9
330
326
330
336
330
391
330
3A1
102
}
330
3CE
100
AcDbSymbolTableRecord
100
AcDbDimStyleTableRecord
  2
QCADDimStyle
 70
     0
 41
2.5
 42
0.625
 43
3.75
 44
1.25
 73
     0
 77
     1
 78
     8
140
2.5
147
0.625
178
     0
271
     2
278
    44
279
     2
340
45A
  0
ENDTAB
  0
TABLE
  2
BLOCK_RECORD
  5
3C6
330
0
100
AcDbSymbolTable
 70
     3
  0
BLOCK_RECORD
  5
3E2
330
3C6
100
AcDbSymbolTableRecord
100
AcDbBlockTableRecord
  2
*Model_Space
340
3E5
 70
     0
280
     1
281
     0
  0
BLOCK_RECORD
  5
4A4
330
3C6
100
AcDbSymbolTableRecord
100
AcDbBlockTableRecord
  2
*Paper_Space
340
4A5
 70
     0
280
     1
281
     0
  0
BLOCK_RECORD
  5
3DE
330
3C6
100
AcDbSymbolTableRecord
100
AcDbBlockTableRecord
  2
*Paper_Space1
340
3E1
 70
     0
280
     1
281
     0
  0
BLOCK_RECORD
  5
4AA
330
3C6
100
AcDbSymbolTableRecord
100
AcDbBlockTableRecord
  2
_CLOSEDFILLED
340
0
 70
     0
280
     1
281
     0
  0
BLOCK_RECORD
  5
4AD
330
3C6
100
AcDbSymbolTableRecord
100
AcDbBlockTableRecord
  2
BRACKET
340
0
102
{BLKREFS
331
67
331
6C
331
71
331
76
331
285
331
289
331
31B
331
34C
331
351
331
356
331
35B
102
}
 70
     0
280
     1
281
     0
  0
ENDTAB
  0
ENDSEC
  0
SECTION
  2
BLOCKS
  0
BLOCK
  5
3E3
330
3E2
100
AcDbEntity
  8
0
100
AcDbBlockBegin
  2
*Model_Space
 70
     0
 10
0.0
 20
0.0
 30
0.0
  3
*Model_Space
  1

  0
ENDBLK
  5
3E4
330
3E2
100
AcDbEntity
  8
0
100
AcDbBlockEnd
  0
BLOCK
  5
4A6
330
4A4
100
AcDbEntity
 67
     1
  8
0
100
AcDbBlockBegin
  2
*Paper_Space
 70
     0
 10
0.0
 20
0.0
 30
0.0
  3
*Paper_Space
  1

  0
ENDBLK
  5
4A7
330
4A4
100
AcDbEntity
 67
     1
  8
0
100
AcDbBlockEnd
  0
BLOCK
  5
3DF
330
3DE
100
AcDbEntity
  8
0
100
AcDbBlockBegin
  2
*Paper_Space1
 70
     0
 10
0.0
 20
0.0
 30
0.0
  3
*Paper_Space1
  1

  0
VIEWPORT
  5
4A2
330
3DE
100
AcDbEntity
  8
0
100
AcDbViewport
 10
128.5
 20
97.5
 30
0.0
 40
314.226
 41
222.18
 68
     1
 69
     1
 12
128.5
 22
97.5
 13
0.0
 23
0.0
 14
10.0
 24
10.0
 15
10.0
 25
10.0
 16
0.0
 26
0.0
 36
1.0
 17
0.0
 27
0.0
 37
0.0
 42
50.0
 43
0.0
 44
0.0
 45
222.18
 50
0.0
 51
0.0
 72
   100
 90
   557152
  1

281
     0
 71
     1
 74
     0
110
0.0
120
0.0
130
0.0
111
1.0
121
0.0
131
0.0
112
0.0
122
1.0
132
0.0
 79
     0
146
0.0
170
     0
 61
     5
348
3F2
292
     1
282
     1
141
0.0
142
0.0
 63
   256
361
4A3
  0
ENDBLK
  5
3E0
330
3DE
100
AcDbEntity
  8
0
100
AcDbBlockEnd
  0
BLOCK
  5
4AB
330
4AA
100
AcDbEntity
  8
0
100
AcDbBlockBegin
  2
_CLOSEDFILLED
 70
     0
 10
0.0
 20
0.0
 30
0.0
  3
_CLOSEDFILLED
  1

  0
SOLID
  5
21C
330
4AA
100
AcDbEntity
  8
0
  6
ByBlock
 62
     0
100
AcDbTrace
 10
-1.0
 20
0.1643989837240254
 30
0.0
 11
0.0
 21
0.0
 31
0.0
 12
-1.0
 22
-0.1643989837240254
 32
0.0
 13
-1.0
 23
-0.1643989837240254
 33
0.0
  0
ENDBLK
  5
4AC
330
4AA
100
AcDbEntity
  8
0
100
AcDbBlockEnd
  0
BLOCK
  5
4AE
330
4AD
100
AcDbEntity
  8
0
100
AcDbBlockBegin
  2
BRACKET
 70
     0
 10
0.0
 20
0.0
 30
0.0
  3
BRACKET
  1

  0
LWPOLYLINE
  5
45
330
4AD
100
AcDbEntity
  8
A-TIMBER
100
AcDbPolyline
 90
        4
 70
     1
 43
0.0
 10
-520.0
 20
0.0
 10
520.0
 20
0.0
 10
360.0
 20
180.0
 10
-360.0
 20
180.0
  0
LWPOLYLINE
  5
46
330
4AD
100
AcDbEntity
  8
A-TIMBER
100
AcDbPolyline
 90
        4
 70
     1
 43
0.0
 10
-330.0
 20
180.0
 10
330.0
 20
180.0
 10
220.0
 20
360.0
 10
-220.0
 20
360.0
  0
LINE
  5
47
330
4AD
100
AcDbEntity
  8
A-TIMBER
100
AcDbLine
 10
-520.0
 20
360.0
 30
0.0
 11
520.0
 21
360.0
 31
0.0
  0
ENDBLK
  5
4AF
330
4AD
100
AcDbEntity
  8
0
100
AcDbBlockEnd
  0
ENDSEC
  0
SECTION
  2
ENTITIES
  0
LINE
  5
48
330
3E2
100
AcDbEntity
  8
A-OUTLINE
100
AcDbLine
 10
-7800.0
 20
0.0
 30
0.0
 11
7800.0
 21
0.0
 31
0.0
  0
LWPOLYLINE
  5
49
330
3E2
100
AcDbEntity
  8
A-OUTLINE
100
AcDbPolyline
 90
        4
 70
     1
 43
0.0
 10
-6900.0
 20
0.0
 10
6900.0
 20
0.0
 10
6900.0
 20
900.0
 10
-6900.0
 20
900.0
  0
HATCH
  5
4A
330
3E2
100
AcDbEntity
  8
A-HATCH
 62
     9
440
 33554687
100
AcDbHatch
 10
0.0
 20
0.0
 30
0.0
210
0.0
220
0.0
230
1.0
  2
SOLID
 70
     1
 71
     0
 91
        1
 92
        0
 93
        4
 72
     1
 10
-6900.0
 20
0.0
 11
6900.0
 21
0.0
 72
     1
 10
6900.0
 20
0.0
 11
6900.0
 21
900.0
 72
     1
 10
6900.0
 20
900.0
 11
-6900.0
 21
900.0
 72
     1
 10
-6900.0
 20
900.0
 11
-6900.0
 21
0.0
 97
        0
 75
     0
 76
     1
 98
        0
  0
LINE
  5
4B
330
3E2
100
AcDbEntity
  8
A-PROJ
100
AcDbLine
 10
-6600.0
 20
0.0
 30
0.0
 11
-6600.0
 21
900.0
 31
0.0
  0
LINE
  5
4C
330
3E2
100
AcDbEntity
  8
A-PROJ
100
AcDbLine
 10
-6000.0
 20
0.0
 30
0.0
 11
-6000.0
 21
900.0
 31
0.0
  0
LINE
  5
4D
330
3E2
100
AcDbEntity
  8
A-PROJ
100
AcDbLine
 10
-5400.0
 20
0.0
 30
0.0
 11
-5400.0
 21
900.0
 31
0.0
  0
LINE
  5
4E
330
3E2
100
AcDbEntity
  8
A-PROJ
100
AcDbLine
 10
-4800.0
 20
0.0
 30
0.0
 11
-4800.0
 21
900.0
 31
0.0
  0
LINE
  5
4F
330
3E2
100
AcDbEntity
  8
A-PROJ
100
AcDbLine
 10
-4200.0
 20
0.0
 30
0.0
 11
-4200.0
 21
900.0
 31
0.0
  0
LINE
  5
50
330
3E2
100
AcDbEntity
  8
A-PROJ
100
AcDbLine
 10
-3600.0
 20
0.0
 30
0.0
 11
-3600.0
 21
900.0
 31
0.0
  0
LINE
  5
51
330
3E2
100
AcDbEntity
  8
A-PROJ
100
AcDbLine
 10
-3000.0
 20
0.0
 30
0.0
 11
-3000.0
 21
900.0
 31
0.0
  0
LINE
  5
52
330
3E2
100
AcDbEntity
  8
A-PROJ
100
AcDbLine
 10
-2400.0
 20
0.0
 30
0.0
 11
-2400.0
 21
900.0
 31
0.0
  0
LINE
  5
53
330
3E2
100
AcDbEntity
  8
A-PROJ
100
AcDbLine
 10
-1800.0
 20
0.0
 30
0.0
 11
-1800.0
 21
900.0
 31
0.0
  0
LINE
  5
54
330
3E2
100
AcDbEntity
  8
A-PROJ
100
AcDbLine
 10
-1200.0
 20
0.0
 30
0.0
 11
-1200.0
 21
900.0
 31
0.0
  0
LINE
  5
55
330
3E2
100
AcDbEntity
  8
A-PROJ
100
AcDbLine
 10
-600.0
 20
0.0
 30
0.0
 11
-600.0
 21
900.0
 31
0.0
  0
LINE
  5
56
330
3E2
100
AcDbEntity
  8
A-PROJ
100
AcDbLine
 10
0.0
 20
0.0
 30
0.0
 11
0.0
 21
900.0
 31
0.0
  0
LINE
  5
57
330
3E2
100
AcDbEntity
  8
A-PROJ
100
AcDbLine
 10
600.0
 20
0.0
 30
0.0
 11
600.0
 21
900.0
 31
0.0
  0
LINE
  5
58
330
3E2
100
AcDbEntity
  8
A-PROJ
100
AcDbLine
 10
1200.0
 20
0.0
 30
0.0
 11
1200.0
 21
900.0
 31
0.0
  0
LINE
  5
59
330
3E2
100
AcDbEntity
  8
A-PROJ
100
AcDbLine
 10
1800.0
 20
0.0
 30
0.0
 11
1800.0
 21
900.0
 31
0.0
  0
LINE
  5
5A
330
3E2
100
AcDbEntity
  8
A-PROJ
100
AcDbLine
 10
2400.0
 20
0.0
 30
0.0
 11
2400.0
 21
900.0
 31
0.0
  0
LINE
  5
5B
330
3E2
100
AcDbEntity
  8
A-PROJ
100
AcDbLine
 10
3000.0
 20
0.0
 30
0.0
 11
3000.0
 21
900.0
 31
0.0
  0
LINE
  5
5C
330
3E2
100
AcDbEntity
  8
A-PROJ
100
AcDbLine
 10
3600.0
 20
0.0
 30
0.0
 11
3600.0
 21
900.0
 31
0.0
  0
LINE
  5
5D
330
3E2
100
AcDbEntity
  8
A-PROJ
100
AcDbLine
 10
4200.0
 20
0.0
 30
0.0
 11
4200.0
 21
900.0
 31
0.0
  0
LINE
  5
5E
330
3E2
100
AcDbEntity
  8
A-PROJ
100
AcDbLine
 10
4800.0
 20
0.0
 30
0.0
 11
4800.0
 21
900.0
 31
0.0
  0
LINE
  5
5F
330
3E2
100
AcDbEntity
  8
A-PROJ
100
AcDbLine
 10
5400.0
 20
0.0
 30
0.0
 11
5400.0
 21
900.0
 31
0.0
  0
LINE
  5
60
330
3E2
100
AcDbEntity
  8
A-PROJ
100
AcDbLine
 10
6000.0
 20
0.0
 30
0.0
 11
6000.0
 21
900.0
 31
0.0
  0
LINE
  5
61
330
3E2
100
AcDbEntity
  8
A-PROJ
100
AcDbLine
 10
6600.0
 20
0.0
 30
0.0
 11
6600.0
 21
900.0
 31
0.0
  0
LINE
  5
62
330
3E2
100
AcDbEntity
  8
A-PROJ
100
AcDbLine
 10
-6900.0
 20
450.0
 30
0.0
 11
6900.0
 21
450.0
 31
0.0
  0
LWPOLYLINE
  5
63
330
3E2
100
AcDbEntity
  8
A-OUTLINE
100
AcDbPolyline
 90
        4
 70
     1
 43
0.0
 10
-1500.0
 20
-300.0
 10
1500.0
 20
-300.0
 10
1500.0
 20
0.0
 10
-1500.0
 20
0.0
  0
LWPOLYLINE
  5
64
330
3E2
100
AcDbEntity
  8
A-OUTLINE
100
AcDbPolyline
 90
        4
 70
     1
 43
0.0
 10
-1660.0
 20
-600.0
 10
1660.0
 20
-600.0
 10
1660.0
 20
-300.0
 10
-1660.0
 20
-300.0
  0
LWPOLYLINE
  5
65
330
3E2
100
AcDbEntity
  8
A-OUTLINE
100
AcDbPolyline
 90
        4
 70
     1
 43
0.0
 10
-1820.0
 20
-900.0
 10
1820.0
 20
-900.0
 10
1820.0
 20
-600.0
 10
-1820.0
 20
-600.0
  0
LWPOLYLINE
  5
66
330
3E2
100
AcDbEntity
  8
A-CUT
100
AcDbPolyline
 90
        4
 70
     1
 43
0.0
 10
-6210.0
 20
900.0
 10
-5790.0
 20
900.0
 10
-5790.0
 20
5100.0
 10
-6210.0
 20
5100.0
1001
GUJIAN_SOURCE
1000
e3187c1c-5e4c-5129-aebf-9a0cc43268ba
1000
demo
  0
INSERT
  5
67
330
3E2
100
AcDbEntity
  8
A-TIMBER
100
AcDbBlockReference
  2
BRACKET
 10
-6000.0
 20
5100.0
 30
0.0
1001
GUJIAN_SOURCE
1000
16ab7b6a-11c1-58e6-9e02-54cec0508ff6
1000
demo
  0
LINE
  5
69
330
3E2
100
AcDbEntity
  8
A-AXIS
100
AcDbLine
 10
-6000.0
 20
-1200.0
 30
0.0
 11
-6000.0
 21
10200.0
 31
0.0
  0
MTEXT
  5
6A
330
3E2
100
AcDbEntity
  8
A-TEXT
100
AcDbMText
 10
-6080.0
 20
-1150.0
 30
0.0
 40
220.0
 41
0.0
 46
0.0
 71
     1
 72
     1
  1
1
  7
textstyle3
 73
     1
 44
1.0
  0
LWPOLYLINE
  5
6B
330
3E2
100
AcDbEntity
  8
A-CUT
100
AcDbPolyline
 90
        4
 70
     1
 43
0.0
 10
-2610.0
 20
900.0
 10
-2190.0
 20
900.0
 10
-2190.0
 20
5100.0
 10
-2610.0
 20
5100.0
1001
GUJIAN_SOURCE
1000
074ea479-1cd5-57d3-952f-2f587724e722
1000
demo
  0
INSERT
  5
6C
330
3E2
100
AcDbEntity
  8
A-TIMBER
100
AcDbBlockReference
  2
BRACKET
 10
-2400.0
 20
5100.0
 30
0.0
1001
GUJIAN_SOURCE
1000
94da40db-39d5-5edc-b2ff-2a0fd9e73a25
1000
demo
  0
LINE
  5
6E
330
3E2
100
AcDbEntity
  8
A-AXIS
100
AcDbLine
 10
-2400.0
 20
-1200.0
 30
0.0
 11
-2400.0
 21
10200.0
 31
0.0
  0
MTEXT
  5
6F
330
3E2
100
AcDbEntity
  8
A-TEXT
100
AcDbMText
 10
-2480.0
 20
-1150.0
 30
0.0
 40
220.0
 41
0.0
 46
0.0
 71
     1
 72
     1
  1
2
  7
textstyle3
 73
     1
 44
1.0
  0
LWPOLYLINE
  5
70
330
3E2
100
AcDbEntity
  8
A-CUT
100
AcDbPolyline
 90
        4
 70
     1
 43
0.0
 10
2190.0
 20
900.0
 10
2610.0
 20
900.0
 10
2610.0
 20
5100.0
 10
2190.0
 20
5100.0
1001
GUJIAN_SOURCE
1000
289347c7-a40b-5a4b-a1f2-cad0d3ba59a6
1000
demo
  0
INSERT
  5
71
330
3E2
100
AcDbEntity
  8
A-TIMBER
100
AcDbBlockReference
  2
BRACKET
 10
2400.0
 20
5100.0
 30
0.0
1001
GUJIAN_SOURCE
1000
504ab404-53a7-565a-aaa6-c65eafb80702
1000
demo
  0
LINE
  5
73
330
3E2
100
AcDbEntity
  8
A-AXIS
100
AcDbLine
 10
2400.0
 20
-1200.0
 30
0.0
 11
2400.0
 21
10200.0
 31
0.0
  0
MTEXT
  5
74
330
3E2
100
AcDbEntity
  8
A-TEXT
100
AcDbMText
 10
2320.0
 20
-1150.0
 30
0.0
 40
220.0
 41
0.0
 46
0.0
 71
     1
 72
     1
  1
3
  7
textstyle3
 73
     1
 44
1.0
  0
LWPOLYLINE
  5
75
330
3E2
100
AcDbEntity
  8
A-CUT
100
AcDbPolyline
 90
        4
 70
     1
 43
0.0
 10
5790.0
 20
900.0
 10
6210.0
 20
900.0
 10
6210.0
 20
5100.0
 10
5790.0
 20
5100.0
1001
GUJIAN_SOURCE
1000
185653d7-d04e-5b12-bd36-7a8528f05069
1000
demo
  0
INSERT
  5
76
330
3E2
100
AcDbEntity
  8
A-TIMBER
100
AcDbBlockReference
  2
BRACKET
 10
6000.0
 20
5100.0
 30
0.0
1001
GUJIAN_SOURCE
1000
0ff7bc91-f596-58cd-83a9-6a11ea533b25
1000
demo
  0
LINE
  5
78
330
3E2
100
AcDbEntity
  8
A-AXIS
100
AcDbLine
 10
6000.0
 20
-1200.0
 30
0.0
 11
6000.0
 21
10200.0
 31
0.0
  0
MTEXT
  5
79
330
3E2
100
AcDbEntity
  8
A-TEXT
100
AcDbMText
 10
5920.0
 20
-1150.0
 30
0.0
 40
220.0
 41
0.0
 46
0.0
 71
     1
 72
     1
  1
4
  7
textstyle3
 73
     1
 44
1.0
  0
LWPOLYLINE
  5
7A
330
3E2
100
AcDbEntity
  8
A-TIMBER
100
AcDbPolyline
 90
        4
 70
     1
 43
0.0
 10
-6000.0
 20
4580.0
 10
6000.0
 20
4580.0
 10
6000.0
 20
5100.0
 10
-6000.0
 20
5100.0
1001
GUJIAN_SOURCE
1000
491bd467-c50b-5422-8ea5-9ddc0569cc2a
1000
demo
  0
LWPOLYLINE
  5
7B
330
3E2
100
AcDbEntity
  8
A-OPEN
100
AcDbPolyline
 90
        4
 70
     1
 43
0.0
 10
-5840.0
 20
1800.0
 10
-2560.0
 20
1800.0
 10
-2560.0
 20
3900.0
 10
-5840.0
 20
3900.0
1001
GUJIAN_SOURCE
1000
93526130-8dd2-561a-aa8b-6431ae9d1cf0
1000
demo
  0
LINE
  5
7C
330
3E2
100
AcDbEntity
  8
A-OPEN
100
AcDbLine
 10
-5400.0
 20
1800.0
 30
0.0
 11
-5400.0
 21
3900.0
 31
0.0
  0
LINE
  5
7D
330
3E2
100
AcDbEntity
  8
A-OPEN
100
AcDbLine
 10
-4800.0
 20
1800.0
 30
0.0
 11
-4800.0
 21
3900.0
 31
0.0
  0
LINE
  5
7E
330
3E2
100
AcDbEntity
  8
A-OPEN
100
AcDbLine
 10
-4200.0
 20
1800.0
 30
0.0
 11
-4200.0
 21
3900.0
 31
0.0
  0
LINE
  5
7F
330
3E2
100
AcDbEntity
  8
A-OPEN
100
AcDbLine
 10
-3600.0
 20
1800.0
 30
0.0
 11
-3600.0
 21
3900.0
 31
0.0
  0
LINE
  5
80
330
3E2
100
AcDbEntity
  8
A-OPEN
100
AcDbLine
 10
-3000.0
 20
1800.0
 30
0.0
 11
-3000.0
 21
3900.0
 31
0.0
  0
LINE
  5
81
330
3E2
100
AcDbEntity
  8
A-OPEN
100
AcDbLine
 10
-5840.0
 20
2325.0
 30
0.0
 11
-2560.0
 21
2325.0
 31
0.0
  0
LINE
  5
82
330
3E2
100
AcDbEntity
  8
A-OPEN
100
AcDbLine
 10
-5840.0
 20
2850.0
 30
0.0
 11
-2560.0
 21
2850.0
 31
0.0
  0
LINE
  5
83
330
3E2
100
AcDbEntity
  8
A-OPEN
100
AcDbLine
 10
-5840.0
 20
3375.0
 30
0.0
 11
-2560.0
 21
3375.0
 31
0.0
  0
LINE
  5
84
330
3E2
100
AcDbEntity
  8
A-PROJ
100
AcDbLine
 10
-5780.0
 20
2062.5
 30
0.0
 11
-5566.666666666667
 21
2265.0
 31
0.0
  0
LINE
  5
85
330
3E2
100
AcDbEntity
  8
A-PROJ
100
AcDbLine
 10
-5566.666666666667
 20
2265.0
 30
0.0
 11
-5353.333333333333
 21
2062.5
 31
0.0
  0
LINE
  5
86
330
3E2
100
AcDbEntity
  8
A-PROJ
100
AcDbLine
 10
-5353.333333333333
 20
2062.5
 30
0.0
 11
-5566.666666666667
 21
1860.0
 31
0.0
  0
LINE
  5
87
330
3E2
100
AcDbEntity
  8
A-PROJ
100
AcDbLine
 10
-5566.666666666667
 20
1860.0
 30
0.0
 11
-5780.0
 21
2062.5
 31
0.0
  0
LINE
  5
88
330
3E2
100
AcDbEntity
  8
A-PROJ
100
AcDbLine
 10
-5780.0
 20
2587.5
 30
0.0
 11
-5566.666666666667
 21
2790.0
 31
0.0
  0
LINE
  5
89
330
3E2
100
AcDbEntity
  8
A-PROJ
100
AcDbLine
 10
-5566.666666666667
 20
2790.0
 30
0.0
 11
-5353.333333333333
 21
2587.5
 31
0.0
  0
LINE
  5
8A
330
3E2
100
AcDbEntity
  8
A-PROJ
100
AcDbLine
 10
-5353.333333333333
 20
2587.5
 30
0.0
 11
-5566.666666666667
 21
2385.0
 31
0.0
  0
LINE
  5
8B
330
3E2
100
AcDbEntity
  8
A-PROJ
100
AcDbLine
 10
-5566.666666666667
 20
2385.0
 30
0.0
 11
-5780.0
 21
2587.5
 31
0.0
  0
LINE
  5
8C
330
3E2
100
AcDbEntity
  8
A-PROJ
100
AcDbLine
 10
-5780.0
 20
3112.5
 30
0.0
 11
-5566.666666666667
 21
3315.0
 31
0.0
  0
LINE
  5
8D
330
3E2
100
AcDbEntity
  8
A-PROJ
100
AcDbLine
 10
-5566.666666666667
 20
3315.0
 30
0.0
 11
-5353.333333333333
 21
3112.5
 31
0.0
  0
LINE
  5
8E
330
3E2
100
AcDbEntity
  8
A-PROJ
100
AcDbLine
 10
-5353.333333333333
 20
3112.5
 30
0.0
 11
-5566.666666666667
 21
2910.0
 31
0.0
  0
LINE
  5
8F
330
3E2
100
AcDbEntity
  8
A-PROJ
100
AcDbLine
 10
-5566.666666666667
 20
2910.0
 30
0.0
 11
-5780.0
 21
3112.5
 31
0.0
  0
LINE
  5
90
330
3E2
100
AcDbEntity
  8
A-PROJ
100
AcDbLine
 10
-5780.0
 20
3637.5
 30
0.0
 11
-5566.666666666667
 21
3840.0
 31
0.0
  0
LINE
  5
91
330
3E2
100
AcDbEntity
  8
A-PROJ
100
AcDbLine
 10
-5566.666666666667
 20
3840.0
 30
0.0
 11
-5353.333333333333
 21
3637.5
 31
0.0
  0
LINE
  5
92
330
3E2
100
AcDbEntity
  8
A-PROJ
100
AcDbLine
 10
-5353.333333333333
 20
3637.5
 30
0.0
 11
-5566.666666666667
 21
3435.0
 31
0.0
  0
LINE
  5
93
330
3E2
100
AcDbEntity
  8
A-PROJ
100
AcDbLine
 10
-5566.666666666667
 20
3435.0
 30
0.0
 11
-5780.0
 21
3637.5
 31
0.0
  0
LINE
  5
94
330
3E2
100
AcDbEntity
  8
A-PROJ
100
AcDbLine
 10
-5233.333333333333
 20
2062.5
 30
0.0
 11
-5020.0
 21
2265.0
 31
0.0
  0
LINE
  5
95
330
3E2
100
AcDbEntity
  8
A-PROJ
100
AcDbLine
 10
-5020.0
 20
2265.0
 30
0.0
 11
-4806.666666666666
 21
2062.5
 31
0.0
  0
LINE
  5
96
330
3E2
100
AcDbEntity
  8
A-PROJ
100
AcDbLine
 10
-4806.666666666666
 20
2062.5
 30
0.0
 11
-5020.0
 21
1860.0
 31
0.0
  0
LINE
  5
97
330
3E2
100
AcDbEntity
  8
A-PROJ
100
AcDbLine
 10
-5020.0
 20
1860.0
 30
0.0
 11
-5233.333333333333
 21
2062.5
 31
0.0
  0
LINE
  5
98
330
3E2
100
AcDbEntity
  8
A-PROJ
100
AcDbLine
 10
-5233.333333333333
 20
2587.5
 30
0.0
 11
-5020.0
 21
2790.0
 31
0.0
  0
LINE
  5
99
330
3E2
100
AcDbEntity
  8
A-PROJ
100
AcDbLine
 10
-5020.0
 20
2790.0
 30
0.0
 11
-4806.666666666666
 21
2587.5
 31
0.0
  0
LINE
  5
9A
330
3E2
100
AcDbEntity
  8
A-PROJ
100
AcDbLine
 10
-4806.666666666666
 20
2587.5
 30
0.0
 11
-5020.0
 21
2385.0
 31
0.0
  0
LINE
  5
9B
330
3E2
100
AcDbEntity
  8
A-PROJ
100
AcDbLine
 10
-5020.0
 20
2385.0
 30
0.0
 11
-5233.333333333333
 21
2587.5
 31
0.0
  0
LINE
  5
9C
330
3E2
100
AcDbEntity
  8
A-PROJ
100
AcDbLine
 10
-5233.333333333333
 20
3112.5
 30
0.0
 11
-5020.0
 21
3315.0
 31
0.0
  0
LINE
  5
9D
330
3E2
100
AcDbEntity
  8
A-PROJ
100
AcDbLine
 10
-5020.0
 20
3315.0
 30
0.0
 11
-4806.666666666666
 21
3112.5
 31
0.0
  0
LINE
  5
9E
330
3E2
100
AcDbEntity
  8
A-PROJ
100
AcDbLine
 10
-4806.666666666666
 20
3112.5
 30
0.0
 11
-5020.0
 21
2910.0
 31
0.0
  0
LINE
  5
9F
330
3E2
100
AcDbEntity
  8
A-PROJ
100
AcDbLine
 10
-5020.0
 20
2910.0
 30
0.0
 11
-5233.333333333333
 21
3112.5
 31
0.0
  0
LINE
  5
A0
330
3E2
100
AcDbEntity
  8
A-PROJ
100
AcDbLine
 10
-5233.333333333333
 20
3637.5
 30
0.0
 11
-5020.0
 21
3840.0
 31
0.0
  0
LINE
  5
A1
330
3E2
100
AcDbEntity
  8
A-PROJ
100
AcDbLine
 10
-5020.0
 20
3840.0
 30
0.0
 11
-4806.666666666666
 21
3637.5
 31
0.0
  0
LINE
  5
A2
330
3E2
100
AcDbEntity
  8
A-PROJ
100
AcDbLine
 10
-4806.666666666666
 20
3637.5
 30
0.0
 11
-5020.0
 21
3435.0
 31
0.0
  0
LINE
  5
A3
330
3E2
100
AcDbEntity
  8
A-PROJ
100
AcDbLine
 10
-5020.0
 20
3435.0
 30
0.0
 11
-5233.333333333333
 21
3637.5
 31
0.0
  0
LINE
  5
A4
330
3E2
100
AcDbEntity
  8
A-PROJ
100
AcDbLine
 10
-4686.666666666667
 20
2062.5
 30
0.0
 11
-4473.333333333334
 21
2265.0
 31
0.0
  0
LINE
  5
A5
330
3E2
100
AcDbEntity
  8
A-PROJ
100
AcDbLine
 10
-4473.333333333334
 20
2265.0
 30
0.0
 11
-4260.0
 21
2062.5
 31
0.0
  0
LINE
  5
A6
330
3E2
100
AcDbEntity
  8
A-PROJ
100
AcDbLine
 10
-4260.0
 20
2062.5
 30
0.0
 11
-4473.333333333334
 21
1860.0
 31
0.0
  0
LINE
  5
A7
330
3E2
100
AcDbEntity
  8
A-PROJ
100
AcDbLine
 10
-4473.333333333334
 20
1860.0
 30
0.0
 11
-4686.666666666667
 21
2062.5
 31
0.0
  0
LINE
  5
A8
330
3E2
100
AcDbEntity
  8
A-PROJ
100
AcDbLine
 10
-4686.666666666667
 20
2587.5
 30
0.0
 11
-4473.333333333334
 21
2790.0
 31
0.0
  0
LINE
  5
A9
330
3E2
100
AcDbEntity
  8
A-PROJ
100
AcDbLine
 10
-4473.333333333334
 20
2790.0
 30
0.0
 11
-4260.0
 21
2587.5
 31
0.0
  0
LINE
  5
AA
330
3E2
100
AcDbEntity
  8
A-PROJ
100
AcDbLine
 10
-4260.0
 20
2587.5
 30
0.0
 11
-4473.333333333334
 21
2385.0
 31
0.0
  0
LINE
  5
AB
330
3E2
100
AcDbEntity
  8
A-PROJ
100
AcDbLine
 10
-4473.333333333334
 20
2385.0
 30
0.0
 11
-4686.666666666667
 21
2587.5
 31
0.0
  0
LINE
  5
AC
330
3E2
100
AcDbEntity
  8
A-PROJ
100
AcDbLine
 10
-4686.666666666667
 20
3112.5
 30
0.0
 11
-4473.333333333334
 21
3315.0
 31
0.0
  0
LINE
  5
AD
330
3E2
100
AcDbEntity
  8
A-PROJ
100
AcDbLine
 10
-4473.333333333334
 20
3315.0
 30
0.0
 11
-4260.0
 21
3112.5
 31
0.0
  0
LINE
  5
AE
330
3E2
100
AcDbEntity
  8
A-PROJ
100
AcDbLine
 10
-4260.0
 20
3112.5
 30
0.0
 11
-4473.333333333334
 21
2910.0
 31
0.0
  0
LINE
  5
AF
330
3E2
100
AcDbEntity
  8
A-PROJ
100
AcDbLine
 10
-4473.333333333334
 20
2910.0
 30
0.0
 11
-4686.666666666667
 21
3112.5
 31
0.0
  0
LINE
  5
B0
330
3E2
100
AcDbEntity
  8
A-PROJ
100
AcDbLine
 10
-4686.666666666667
 20
3637.5
 30
0.0
 11
-4473.333333333334
 21
3840.0
 31
0.0
  0
LINE
  5
B1
330
3E2
100
AcDbEntity
  8
A-PROJ
100
AcDbLine
 10
-4473.333333333334
 20
3840.0
 30
0.0
 11
-4260.0
 21
3637.5
 31
0.0
  0
LINE
  5
B2
330
3E2
100
AcDbEntity
  8
A-PROJ
100
AcDbLine
 10
-4260.0
 20
3637.5
 30
0.0
 11
-4473.333333333334
 21
3435.0
 31
0.0
  0
LINE
  5
B3
330
3E2
100
AcDbEntity
  8
A-PROJ
100
AcDbLine
 10
-4473.333333333334
 20
3435.0
 30
0.0
 11
-4686.666666666667
 21
3637.5
 31
0.0
  0
LINE
  5
B4
330
3E2
100
AcDbEntity
  8
A-PROJ
100
AcDbLine
 10
-4140.0
 20
2062.5
 30
0.0
 11
-3926.666666666667
 21
2265.0
 31
0.0
  0
LINE
  5
B5
330
3E2
100
AcDbEntity
  8
A-PROJ
100
AcDbLine
 10
-3926.666666666667
 20
2265.0
 30
0.0
 11
-3713.333333333334
 21
2062.5
 31
0.0
  0
LINE
  5
B6
330
3E2
100
AcDbEntity
  8
A-PROJ
100
AcDbLine
 10
-3713.333333333334
 20
2062.5
 30
0.0
 11
-3926.666666666667
 21
1860.0
 31
0.0
  0
LINE
  5
B7
330
3E2
100
AcDbEntity
  8
A-PROJ
100
AcDbLine
 10
-3926.666666666667
 20
1860.0
 30
0.0
 11
-4140.0
 21
2062.5
 31
0.0
  0
LINE
  5
B8
330
3E2
100
AcDbEntity
  8
A-PROJ
100
AcDbLine
 10
-4140.0
 20
2587.5
 30
0.0
 11
-3926.666666666667
 21
2790.0
 31
0.0
  0
LINE
  5
B9
330
3E2
100
AcDbEntity
  8
A-PROJ
100
AcDbLine
 10
-3926.666666666667
 20
2790.0
 30
0.0
 11
-3713.333333333334
 21
2587.5
 31
0.0
  0
LINE
  5
BA
330
3E2
100
AcDbEntity
  8
A-PROJ
100
AcDbLine
 10
-3713.333333333334
 20
2587.5
 30
0.0
 11
-3926.666666666667
 21
2385.0
 31
0.0
  0
LINE
  5
BB
330
3E2
100
AcDbEntity
  8
A-PROJ
100
AcDbLine
 10
-3926.666666666667
 20
2385.0
 30
0.0
 11
-4140.0
 21
2587.5
 31
0.0
  0
LINE
  5
BC
330
3E2
100
AcDbEntity
  8
A-PROJ
100
AcDbLine
 10
-4140.0
 20
3112.5
 30
0.0
 11
-3926.666666666667
 21
3315.0
 31
0.0
  0
LINE
  5
BD
330
3E2
100
AcDbEntity
  8
A-PROJ
100
AcDbLine
 10
-3926.666666666667
 20
3315.0
 30
0.0
 11
-3713.333333333334
 21
3112.5
 31
0.0
  0
LINE
  5
BE
330
3E2
100
AcDbEntity
  8
A-PROJ
100
AcDbLine
 10
-3713.333333333334
 20
3112.5
 30
0.0
 11
-3926.666666666667
 21
2910.0
 31
0.0
  0
LINE
  5
BF
330
3E2
100
AcDbEntity
  8
A-PROJ
100
AcDbLine
 10
-3926.666666666667
 20
2910.0
 30
0.0
 11
-4140.0
 21
3112.5
 31
0.0
  0
LINE
  5
C0
330
3E2
100
AcDbEntity
  8
A-PROJ
100
AcDbLine
 10
-4140.0
 20
3637.5
 30
0.0
 11
-3926.666666666667
 21
3840.0
 31
0.0
  0
LINE
  5
C1
330
3E2
100
AcDbEntity
  8
A-PROJ
100
AcDbLine
 10
-3926.666666666667
 20
3840.0
 30
0.0
 11
-3713.333333333334
 21
3637.5
 31
0.0
  0
LINE
  5
C2
330
3E2
100
AcDbEntity
  8
A-PROJ
100
AcDbLine
 10
-3713.333333333334
 20
3637.5
 30
0.0
 11
-3926.666666666667
 21
3435.0
 31
0.0
  0
LINE
  5
C3
330
3E2
100
AcDbEntity
  8
A-PROJ
100
AcDbLine
 10
-3926.666666666667
 20
3435.0
 30
0.0
 11
-4140.0
 21
3637.5
 31
0.0
  0
LINE
  5
C4
330
3E2
100
AcDbEntity
  8
A-PROJ
100
AcDbLine
 10
-3593.333333333334
 20
2062.5
 30
0.0
 11
-3380.0
 21
2265.0
 31
0.0
  0
LINE
  5
C5
330
3E2
100
AcDbEntity
  8
A-PROJ
100
AcDbLine
 10
-3380.0
 20
2265.0
 30
0.0
 11
-3166.666666666667
 21
2062.5
 31
0.0
  0
LINE
  5
C6
330
3E2
100
AcDbEntity
  8
A-PROJ
100
AcDbLine
 10
-3166.666666666667
 20
2062.5
 30
0.0
 11
-3380.0
 21
1860.0
 31
0.0
  0
LINE
  5
C7
330
3E2
100
AcDbEntity
  8
A-PROJ
100
AcDbLine
 10
-3380.0
 20
1860.0
 30
0.0
 11
-3593.333333333334
 21
2062.5
 31
0.0
  0
LINE
  5
C8
330
3E2
100
AcDbEntity
  8
A-PROJ
100
AcDbLine
 10
-3593.333333333334
 20
2587.5
 30
0.0
 11
-3380.0
 21
2790.0
 31
0.0
  0
LINE
  5
C9
330
3E2
100
AcDbEntity
  8
A-PROJ
100
AcDbLine
 10
-3380.0
 20
2790.0
 30
0.0
 11
-3166.666666666667
 21
2587.5
 31
0.0
  0
LINE
  5
CA
330
3E2
100
AcDbEntity
  8
A-PROJ
100
AcDbLine
 10
-3166.666666666667
 20
2587.5
 30
0.0
 11
-3380.0
 21
2385.0
 31
0.0
  0
LINE
  5
CB
330
3E2
100
AcDbEntity
  8
A-PROJ
100
AcDbLine
 10
-3380.0
 20
2385.0
 30
0.0
 11
-3593.333333333334
 21
2587.5
 31
0.0
  0
LINE
  5
CC
330
3E2
100
AcDbEntity
  8
A-PROJ
100
AcDbLine
 10
-3593.333333333334
 20
3112.5
 30
0.0
 11
-3380.0
 21
3315.0
 31
0.0
  0
LINE
  5
CD
330
3E2
100
AcDbEntity
  8
A-PROJ
100
AcDbLine
 10
-3380.0
 20
3315.0
 30
0.0
 11
-3166.666666666667
 21
3112.5
 31
0.0
  0
LINE
  5
CE
330
3E2
100
AcDbEntity
  8
A-PROJ
100
AcDbLine
 10
-3166.666666666667
 20
3112.5
 30
0.0
 11
-3380.0
 21
2910.0
 31
0.0
  0
LINE
  5
CF
330
3E2
100
AcDbEntity
  8
A-PROJ
100
AcDbLine
 10
-3380.0
 20
2910.0
 30
0.0
 11
-3593.333333333334
 21
3112.5
 31
0.0
  0
LINE
  5
D0
330
3E2
100
AcDbEntity
  8
A-PROJ
100
AcDbLine
 10
-3593.333333333334
 20
3637.5
 30
0.0
 11
-3380.0
 21
3840.0
 31
0.0
  0
LINE
  5
D1
330
3E2
100
AcDbEntity
  8
A-PROJ
100
AcDbLine
 10
-3380.0
 20
3840.0
 30
0.0
 11
-3166.666666666667
 21
3637.5
 31
0.0
  0
LINE
  5
D2
330
3E2
100
AcDbEntity
  8
A-PROJ
100
AcDbLine
 10
-3166.666666666667
 20
3637.5
 30
0.0
 11
-3380.0
 21
3435.0
 31
0.0
  0
LINE
  5
D3
330
3E2
100
AcDbEntity
  8
A-PROJ
100
AcDbLine
 10
-3380.0
 20
3435.0
 30
0.0
 11
-3593.333333333334
 21
3637.5
 31
0.0
  0
LINE
  5
D4
330
3E2
100
AcDbEntity
  8
A-PROJ
100
AcDbLine
 10
-3046.666666666667
 20
2062.5
 30
0.0
 11
-2833.333333333334
 21
2265.0
 31
0.0
  0
LINE
  5
D5
330
3E2
100
AcDbEntity
  8
A-PROJ
100
AcDbLine
 10
-2833.333333333334
 20
2265.0
 30
0.0
 11
-2620.000000000001
 21
2062.5
 31
0.0
  0
LINE
  5
D6
330
3E2
100
AcDbEntity
  8
A-PROJ
100
AcDbLine
 10
-2620.000000000001
 20
2062.5
 30
0.0
 11
-2833.333333333334
 21
1860.0
 31
0.0
  0
LINE
  5
D7
330
3E2
100
AcDbEntity
  8
A-PROJ
100
AcDbLine
 10
-2833.333333333334
 20
1860.0
 30
0.0
 11
-3046.666666666667
 21
2062.5
 31
0.0
  0
LINE
  5
D8
330
3E2
100
AcDbEntity
  8
A-PROJ
100
AcDbLine
 10
-3046.666666666667
 20
2587.5
 30
0.0
 11
-2833.333333333334
 21
2790.0
 31
0.0
  0
LINE
  5
D9
330
3E2
100
AcDbEntity
  8
A-PROJ
100
AcDbLine
 10
-2833.333333333334
 20
2790.0
 30
0.0
 11
-2620.000000000001
 21
2587.5
 31
0.0
  0
LINE
  5
DA
330
3E2
100
AcDbEntity
  8
A-PROJ
100
AcDbLine
 10
-2620.000000000001
 20
2587.5
 30
0.0
 11
-2833.333333333334
 21
2385.0
 31
0.0
  0
LINE
  5
DB
330
3E2
100
AcDbEntity
  8
A-PROJ
100
AcDbLine
 10
-2833.333333333334
 20
2385.0
 30
0.0
 11
-3046.666666666667
 21
2587.5
 31
0.0
  0
LINE
  5
DC
330
3E2
100
AcDbEntity
  8
A-PROJ
100
AcDbLine
 10
-3046.666666666667
 20
3112.5
 30
0.0
 11
-2833.333333333334
 21
3315.0
 31
0.0
  0
LINE
  5
DD
330
3E2
100
AcDbEntity
  8
A-PROJ
100
AcDbLine
 10
-2833.333333333334
 20
3315.0
 30
0.0
 11
-2620.000000000001
 21
3112.5
 31
0.0
  0
LINE
  5
DE
330
3E2
100
AcDbEntity
  8
A-PROJ
100
AcDbLine
 10
-2620.000000000001
 20
3112.5
 30
0.0
 11
-2833.333333333334
 21
2910.0
 31
0.0
  0
LINE
  5
DF
330
3E2
100
AcDbEntity
  8
A-PROJ
100
AcDbLine
 10
-2833.333333333334
 20
2910.0
 30
0.0
 11
-3046.666666666667
 21
3112.5
 31
0.0
  0
LINE
  5
E0
330
3E2
100
AcDbEntity
  8
A-PROJ
100
AcDbLine
 10
-3046.666666666667
 20
3637.5
 30
0.0
 11
-2833.333333333334
 21
3840.0
 31
0.0
  0
LINE
  5
E1
330
3E2
100
AcDbEntity
  8
A-PROJ
100
AcDbLine
 10
-2833.333333333334
 20
3840.0
 30
0.0
 11
-2620.000000000001
 21
3637.5
 31
0.0
  0
LINE
  5
E2
330
3E2
100
AcDbEntity
  8
A-PROJ
100
AcDbLine
 10
-2620.000000000001
 20
3637.5
 30
0.0
 11
-2833.333333333334
 21
3435.0
 31
0.0
  0
LINE
  5
E3
330
3E2
100
AcDbEntity
  8
A-PROJ
100
AcDbLine
 10
-2833.333333333334
 20
3435.0
 30
0.0
 11
-3046.666666666667
 21
3637.5
 31
0.0
  0
LWPOLYLINE
  5
E4
330
3E2
100
AcDbEntity
  8
A-OPEN
100
AcDbPolyline
 90
        4
 70
     1
 43
0.0
 10
-2280.0
 20
900.0
 10
2280.0
 20
900.0
 10
2280.0
 20
3900.0
 10
-2280.0
 20
3900.0
1001
GUJIAN_SOURCE
1000
72cba1e7-e593-5193-a369-d2d1b46377d1
1000
demo
  0
LINE
  5
E5
330
3E2
100
AcDbEntity
  8
A-OPEN
100
AcDbLine
 10
-1200.0
 20
900.0
 30
0.0
 11
-1200.0
 21
3900.0
 31
0.0
  0
LINE
  5
E6
330
3E2
100
AcDbEntity
  8
A-OPEN
100
AcDbLine
 10
0.0
 20
900.0
 30
0.0
 11
0.0
 21
3900.0
 31
0.0
  0
LINE
  5
E7
330
3E2
100
AcDbEntity
  8
A-OPEN
100
AcDbLine
 10
1200.0
 20
900.0
 30
0.0
 11
1200.0
 21
3900.0
 31
0.0
  0
LINE
  5
E8
330
3E2
100
AcDbEntity
  8
A-OPEN
100
AcDbLine
 10
-2280.0
 20
1650.0
 30
0.0
 11
2280.0
 21
1650.0
 31
0.0
  0
LINE
  5
E9
330
3E2
100
AcDbEntity
  8
A-OPEN
100
AcDbLine
 10
-2280.0
 20
2400.0
 30
0.0
 11
2280.0
 21
2400.0
 31
0.0
  0
LINE
  5
EA
330
3E2
100
AcDbEntity
  8
A-OPEN
100
AcDbLine
 10
-2280.0
 20
3150.0
 30
0.0
 11
2280.0
 21
3150.0
 31
0.0
  0
LWPOLYLINE
  5
EB
330
3E2
100
AcDbEntity
  8
A-PROJ
100
AcDbPolyline
 90
        4
 70
     1
 43
0.0
 10
-2190.0
 20
1020.0
 10
-1230.0
 20
1020.0
 10
-1230.0
 20
1540.0
 10
-2190.0
 20
1540.0
  0
LWPOLYLINE
  5
EC
330
3E2
100
AcDbEntity
  8
A-PROJ
100
AcDbPolyline
 90
        4
 70
     1
 43
0.0
 10
-2190.0
 20
1680.0
 10
-1230.0
 20
1680.0
 10
-1230.0
 20
2200.0
 10
-2190.0
 20
2200.0
  0
LINE
  5
ED
330
3E2
100
AcDbEntity
  8
A-PROJ
100
AcDbLine
 10
-2160.0
 20
2500.0
 30
0.0
 11
-1740.0
 21
2920.0
 31
0.0
  0
LINE
  5
EE
330
3E2
100
AcDbEntity
  8
A-PROJ
100
AcDbLine
 10
-2160.0
 20
2920.0
 30
0.0
 11
-1740.0
 21
2500.0
 31
0.0
  0
LINE
  5
EF
330
3E2
100
AcDbEntity
  8
A-PROJ
100
AcDbLine
 10
-1860.0
 20
2500.0
 30
0.0
 11
-1440.0
 21
2920.0
 31
0.0
  0
LINE
  5
F0
330
3E2
100
AcDbEntity
  8
A-PROJ
100
AcDbLine
 10
-1860.0
 20
2920.0
 30
0.0
 11
-1440.0
 21
2500.0
 31
0.0
  0
LINE
  5
F1
330
3E2
100
AcDbEntity
  8
A-PROJ
100
AcDbLine
 10
-1560.0
 20
2500.0
 30
0.0
 11
-1240.0
 21
2920.0
 31
0.0
  0
LINE
  5
F2
330
3E2
100
AcDbEntity
  8
A-PROJ
100
AcDbLine
 10
-1560.0
 20
2920.0
 30
0.0
 11
-1240.0
 21
2500.0
 31
0.0
  0
LWPOLYLINE
  5
F3
330
3E2
100
AcDbEntity
  8
A-PROJ
100
AcDbPolyline
 90
        4
 70
     1
 43
0.0
 10
-1050.0
 20
1020.0
 10
-90.0
 20
1020.0
 10
-90.0
 20
1540.0
 10
-1050.0
 20
1540.0
  0
LWPOLYLINE
  5
F4
330
3E2
100
AcDbEntity
  8
A-PROJ
100
AcDbPolyline
 90
        4
 70
     1
 43
0.0
 10
-1050.0
 20
1680.0
 10
-90.0
 20
1680.0
 10
-90.0
 20
2200.0
 10
-1050.0
 20
2200.0
  0
LINE
  5
F5
330
3E2
100
AcDbEntity
  8
A-PROJ
100
AcDbLine
 10
-1020.0
 20
2500.0
 30
0.0
 11
-600.0
 21
2920.0
 31
0.0
  0
LINE
  5
F6
330
3E2
100
AcDbEntity
  8
A-PROJ
100
AcDbLine
 10
-1020.0
 20
2920.0
 30
0.0
 11
-600.0
 21
2500.0
 31
0.0
  0
LINE
  5
F7
330
3E2
100
AcDbEntity
  8
A-PROJ
100
AcDbLine
 10
-720.0
 20
2500.0
 30
0.0
 11
-300.0
 21
2920.0
 31
0.0
  0
LINE
  5
F8
330
3E2
100
AcDbEntity
  8
A-PROJ
100
AcDbLine
 10
-720.0
 20
2920.0
 30
0.0
 11
-300.0
 21
2500.0
 31
0.0
  0
LINE
  5
F9
330
3E2
100
AcDbEntity
  8
A-PROJ
100
AcDbLine
 10
-420.0
 20
2500.0
 30
0.0
 11
-100.0
 21
2920.0
 31
0.0
  0
LINE
  5
FA
330
3E2
100
AcDbEntity
  8
A-PROJ
100
AcDbLine
 10
-420.0
 20
2920.0
 30
0.0
 11
-100.0
 21
2500.0
 31
0.0
  0
LWPOLYLINE
  5
FB
330
3E2
100
AcDbEntity
  8
A-PROJ
100
AcDbPolyline
 90
        4
 70
     1
 43
0.0
 10
90.0
 20
1020.0
 10
1050.0
 20
1020.0
 10
1050.0
 20
1540.0
 10
90.0
 20
1540.0
  0
LWPOLYLINE
  5
FC
330
3E2
100
AcDbEntity
  8
A-PROJ
100
AcDbPolyline
 90
        4
 70
     1
 43
0.0
 10
90.0
 20
1680.0
 10
1050.0
 20
1680.0
 10
1050.0
 20
2200.0
 10
90.0
 20
2200.0
  0
LINE
  5
FD
330
3E2
100
AcDbEntity
  8
A-PROJ
100
AcDbLine
 10
120.0
 20
2500.0
 30
0.0
 11
540.0
 21
2920.0
 31
0.0
  0
LINE
  5
FE
330
3E2
100
AcDbEntity
  8
A-PROJ
100
AcDbLine
 10
120.0
 20
2920.0
 30
0.0
 11
540.0
 21
2500.0
 31
0.0
  0
LINE
  5
FF
330
3E2
100
AcDbEntity
  8
A-PROJ
100
AcDbLine
 10
420.0
 20
2500.0
 30
0.0
 11
840.0
 21
2920.0
 31
0.0
  0
LINE
  5
100
330
3E2
100
AcDbEntity
  8
A-PROJ
100
AcDbLine
 10
420.0
 20
2920.0
 30
0.0
 11
840.0
 21
2500.0
 31
0.0
  0
LINE
  5
101
330
3E2
100
AcDbEntity
  8
A-PROJ
100
AcDbLine
 10
720.0
 20
2500.0
 30
0.0
 11
1040.0
 21
2920.0
 31
0.0
  0
LINE
  5
102
330
3E2
100
AcDbEntity
  8
A-PROJ
100
AcDbLine
 10
720.0
 20
2920.0
 30
0.0
 11
1040.0
 21
2500.0
 31
0.0
  0
LWPOLYLINE
  5
103
330
3E2
100
AcDbEntity
  8
A-PROJ
100
AcDbPolyline
 90
        4
 70
     1
 43
0.0
 10
1230.0
 20
1020.0
 10
2190.0
 20
1020.0
 10
2190.0
 20
1540.0
 10
1230.0
 20
1540.0
  0
LWPOLYLINE
  5
104
330
3E2
100
AcDbEntity
  8
A-PROJ
100
AcDbPolyline
 90
        4
 70
     1
 43
0.0
 10
1230.0
 20
1680.0
 10
2190.0
 20
1680.0
 10
2190.0
 20
2200.0
 10
1230.0
 20
2200.0
  0
LINE
  5
105
330
3E2
100
AcDbEntity
  8
A-PROJ
100
AcDbLine
 10
1260.0
 20
2500.0
 30
0.0
 11
1680.0
 21
2920.0
 31
0.0
  0
LINE
  5
106
330
3E2
100
AcDbEntity
  8
A-PROJ
100
AcDbLine
 10
1260.0
 20
2920.0
 30
0.0
 11
1680.0
 21
2500.0
 31
0.0
  0
LINE
  5
107
330
3E2
100
AcDbEntity
  8
A-PROJ
100
AcDbLine
 10
1560.0
 20
2500.0
 30
0.0
 11
1980.0
 21
2920.0
 31
0.0
  0
LINE
  5
108
330
3E2
100
AcDbEntity
  8
A-PROJ
100
AcDbLine
 10
1560.0
 20
2920.0
 30
0.0
 11
1980.0
 21
2500.0
 31
0.0
  0
LINE
  5
109
330
3E2
100
AcDbEntity
  8
A-PROJ
100
AcDbLine
 10
1860.0
 20
2500.0
 30
0.0
 11
2180.0
 21
2920.0
 31
0.0
  0
LINE
  5
10A
330
3E2
100
AcDbEntity
  8
A-PROJ
100
AcDbLine
 10
1860.0
 20
2920.0
 30
0.0
 11
2180.0
 21
2500.0
 31
0.0
  0
LWPOLYLINE
  5
10B
330
3E2
100
AcDbEntity
  8
A-OPEN
100
AcDbPolyline
 90
        4
 70
     1
 43
0.0
 10
2560.0
 20
1800.0
 10
5840.0
 20
1800.0
 10
5840.0
 20
3900.0
 10
2560.0
 20
3900.0
1001
GUJIAN_SOURCE
1000
5fc5ae0d-2193-5667-8e39-9902207ab7b6
1000
demo
  0
LINE
  5
10C
330
3E2
100
AcDbEntity
  8
A-OPEN
100
AcDbLine
 10
3000.0
 20
1800.0
 30
0.0
 11
3000.0
 21
3900.0
 31
0.0
  0
LINE
  5
10D
330
3E2
100
AcDbEntity
  8
A-OPEN
100
AcDbLine
 10
3600.0
 20
1800.0
 30
0.0
 11
3600.0
 21
3900.0
 31
0.0
  0
LINE
  5
10E
330
3E2
100
AcDbEntity
  8
A-OPEN
100
AcDbLine
 10
4200.0
 20
1800.0
 30
0.0
 11
4200.0
 21
3900.0
 31
0.0
  0
LINE
  5
10F
330
3E2
100
AcDbEntity
  8
A-OPEN
100
AcDbLine
 10
4800.0
 20
1800.0
 30
0.0
 11
4800.0
 21
3900.0
 31
0.0
  0
LINE
  5
110
330
3E2
100
AcDbEntity
  8
A-OPEN
100
AcDbLine
 10
5400.0
 20
1800.0
 30
0.0
 11
5400.0
 21
3900.0
 31
0.0
  0
LINE
  5
111
330
3E2
100
AcDbEntity
  8
A-OPEN
100
AcDbLine
 10
2560.0
 20
2325.0
 30
0.0
 11
5840.0
 21
2325.0
 31
0.0
  0
LINE
  5
112
330
3E2
100
AcDbEntity
  8
A-OPEN
100
AcDbLine
 10
2560.0
 20
2850.0
 30
0.0
 11
5840.0
 21
2850.0
 31
0.0
  0
LINE
  5
113
330
3E2
100
AcDbEntity
  8
A-OPEN
100
AcDbLine
 10
2560.0
 20
3375.0
 30
0.0
 11
5840.0
 21
3375.0
 31
0.0
  0
LINE
  5
114
330
3E2
100
AcDbEntity
  8
A-PROJ
100
AcDbLine
 10
2620.0
 20
2062.5
 30
0.0
 11
2833.333333333334
 21
2265.0
 31
0.0
  0
LINE
  5
115
330
3E2
100
AcDbEntity
  8
A-PROJ
100
AcDbLine
 10
2833.333333333334
 20
2265.0
 30
0.0
 11
3046.666666666667
 21
2062.5
 31
0.0
  0
LINE
  5
116
330
3E2
100
AcDbEntity
  8
A-PROJ
100
AcDbLine
 10
3046.666666666667
 20
2062.5
 30
0.0
 11
2833.333333333334
 21
1860.0
 31
0.0
  0
LINE
  5
117
330
3E2
100
AcDbEntity
  8
A-PROJ
100
AcDbLine
 10
2833.333333333334
 20
1860.0
 30
0.0
 11
2620.0
 21
2062.5
 31
0.0
  0
LINE
  5
118
330
3E2
100
AcDbEntity
  8
A-PROJ
100
AcDbLine
 10
2620.0
 20
2587.5
 30
0.0
 11
2833.333333333334
 21
2790.0
 31
0.0
  0
LINE
  5
119
330
3E2
100
AcDbEntity
  8
A-PROJ
100
AcDbLine
 10
2833.333333333334
 20
2790.0
 30
0.0
 11
3046.666666666667
 21
2587.5
 31
0.0
  0
LINE
  5
11A
330
3E2
100
AcDbEntity
  8
A-PROJ
100
AcDbLine
 10
3046.666666666667
 20
2587.5
 30
0.0
 11
2833.333333333334
 21
2385.0
 31
0.0
  0
LINE
  5
11B
330
3E2
100
AcDbEntity
  8
A-PROJ
100
AcDbLine
 10
2833.333333333334
 20
2385.0
 30
0.0
 11
2620.0
 21
2587.5
 31
0.0
  0
LINE
  5
11C
330
3E2
100
AcDbEntity
  8
A-PROJ
100
AcDbLine
 10
2620.0
 20
3112.5
 30
0.0
 11
2833.333333333334
 21
3315.0
 31
0.0
  0
LINE
  5
11D
330
3E2
100
AcDbEntity
  8
A-PROJ
100
AcDbLine
 10
2833.333333333334
 20
3315.0
 30
0.0
 11
3046.666666666667
 21
3112.5
 31
0.0
  0
LINE
  5
11E
330
3E2
100
AcDbEntity
  8
A-PROJ
100
AcDbLine
 10
3046.666666666667
 20
3112.5
 30
0.0
 11
2833.333333333334
 21
2910.0
 31
0.0
  0
LINE
  5
11F
330
3E2
100
AcDbEntity
  8
A-PROJ
100
AcDbLine
 10
2833.333333333334
 20
2910.0
 30
0.0
 11
2620.0
 21
3112.5
 31
0.0
  0
LINE
  5
120
330
3E2
100
AcDbEntity
  8
A-PROJ
100
AcDbLine
 10
2620.0
 20
3637.5
 30
0.0
 11
2833.333333333334
 21
3840.0
 31
0.0
  0
LINE
  5
121
330
3E2
100
AcDbEntity
  8
A-PROJ
100
AcDbLine
 10
2833.333333333334
 20
3840.0
 30
0.0
 11
3046.666666666667
 21
3637.5
 31
0.0
  0
LINE
  5
122
330
3E2
100
AcDbEntity
  8
A-PROJ
100
AcDbLine
 10
3046.666666666667
 20
3637.5
 30
0.0
 11
2833.333333333334
 21
3435.0
 31
0.0
  0
LINE
  5
123
330
3E2
100
AcDbEntity
  8
A-PROJ
100
AcDbLine
 10
2833.333333333334
 20
3435.0
 30
0.0
 11
2620.0
 21
3637.5
 31
0.0
  0
LINE
  5
124
330
3E2
100
AcDbEntity
  8
A-PROJ
100
AcDbLine
 10
3166.666666666667
 20
2062.5
 30
0.0
 11
3380.0
 21
2265.0
 31
0.0
  0
LINE
  5
125
330
3E2
100
AcDbEntity
  8
A-PROJ
100
AcDbLine
 10
3380.0
 20
2265.0
 30
0.0
 11
3593.333333333333
 21
2062.5
 31
0.0
  0
LINE
  5
126
330
3E2
100
AcDbEntity
  8
A-PROJ
100
AcDbLine
 10
3593.333333333333
 20
2062.5
 30
0.0
 11
3380.0
 21
1860.0
 31
0.0
  0
LINE
  5
127
330
3E2
100
AcDbEntity
  8
A-PROJ
100
AcDbLine
 10
3380.0
 20
1860.0
 30
0.0
 11
3166.666666666667
 21
2062.5
 31
0.0
  0
LINE
  5
128
330
3E2
100
AcDbEntity
  8
A-PROJ
100
AcDbLine
 10
3166.666666666667
 20
2587.5
 30
0.0
 11
3380.0
 21
2790.0
 31
0.0
  0
LINE
  5
129
330
3E2
100
AcDbEntity
  8
A-PROJ
100
AcDbLine
 10
3380.0
 20
2790.0
 30
0.0
 11
3593.333333333333
 21
2587.5
 31
0.0
  0
LINE
  5
12A
330
3E2
100
AcDbEntity
  8
A-PROJ
100
AcDbLine
 10
3593.333333333333
 20
2587.5
 30
0.0
 11
3380.0
 21
2385.0
 31
0.0
  0
LINE
  5
12B
330
3E2
100
AcDbEntity
  8
A-PROJ
100
AcDbLine
 10
3380.0
 20
2385.0
 30
0.0
 11
3166.666666666667
 21
2587.5
 31
0.0
  0
LINE
  5
12C
330
3E2
100
AcDbEntity
  8
A-PROJ
100
AcDbLine
 10
3166.666666666667
 20
3112.5
 30
0.0
 11
3380.0
 21
3315.0
 31
0.0
  0
LINE
  5
12D
330
3E2
100
AcDbEntity
  8
A-PROJ
100
AcDbLine
 10
3380.0
 20
3315.0
 30
0.0
 11
3593.333333333333
 21
3112.5
 31
0.0
  0
LINE
  5
12E
330
3E2
100
AcDbEntity
  8
A-PROJ
100
AcDbLine
 10
3593.333333333333
 20
3112.5
 30
0.0
 11
3380.0
 21
2910.0
 31
0.0
  0
LINE
  5
12F
330
3E2
100
AcDbEntity
  8
A-PROJ
100
AcDbLine
 10
3380.0
 20
2910.0
 30
0.0
 11
3166.666666666667
 21
3112.5
 31
0.0
  0
LINE
  5
130
330
3E2
100
AcDbEntity
  8
A-PROJ
100
AcDbLine
 10
3166.666666666667
 20
3637.5
 30
0.0
 11
3380.0
 21
3840.0
 31
0.0
  0
LINE
  5
131
330
3E2
100
AcDbEntity
  8
A-PROJ
100
AcDbLine
 10
3380.0
 20
3840.0
 30
0.0
 11
3593.333333333333
 21
3637.5
 31
0.0
  0
LINE
  5
132
330
3E2
100
AcDbEntity
  8
A-PROJ
100
AcDbLine
 10
3593.333333333333
 20
3637.5
 30
0.0
 11
3380.0
 21
3435.0
 31
0.0
  0
LINE
  5
133
330
3E2
100
AcDbEntity
  8
A-PROJ
100
AcDbLine
 10
3380.0
 20
3435.0
 30
0.0
 11
3166.666666666667
 21
3637.5
 31
0.0
  0
LINE
  5
134
330
3E2
100
AcDbEntity
  8
A-PROJ
100
AcDbLine
 10
3713.333333333333
 20
2062.5
 30
0.0
 11
3926.666666666667
 21
2265.0
 31
0.0
  0
LINE
  5
135
330
3E2
100
AcDbEntity
  8
A-PROJ
100
AcDbLine
 10
3926.666666666667
 20
2265.0
 30
0.0
 11
4140.0
 21
2062.5
 31
0.0
  0
LINE
  5
136
330
3E2
100
AcDbEntity
  8
A-PROJ
100
AcDbLine
 10
4140.0
 20
2062.5
 30
0.0
 11
3926.666666666667
 21
1860.0
 31
0.0
  0
LINE
  5
137
330
3E2
100
AcDbEntity
  8
A-PROJ
100
AcDbLine
 10
3926.666666666667
 20
1860.0
 30
0.0
 11
3713.333333333333
 21
2062.5
 31
0.0
  0
LINE
  5
138
330
3E2
100
AcDbEntity
  8
A-PROJ
100
AcDbLine
 10
3713.333333333333
 20
2587.5
 30
0.0
 11
3926.666666666667
 21
2790.0
 31
0.0
  0
LINE
  5
139
330
3E2
100
AcDbEntity
  8
A-PROJ
100
AcDbLine
 10
3926.666666666667
 20
2790.0
 30
0.0
 11
4140.0
 21
2587.5
 31
0.0
  0
LINE
  5
13A
330
3E2
100
AcDbEntity
  8
A-PROJ
100
AcDbLine
 10
4140.0
 20
2587.5
 30
0.0
 11
3926.666666666667
 21
2385.0
 31
0.0
  0
LINE
  5
13B
330
3E2
100
AcDbEntity
  8
A-PROJ
100
AcDbLine
 10
3926.666666666667
 20
2385.0
 30
0.0
 11
3713.333333333333
 21
2587.5
 31
0.0
  0
LINE
  5
13C
330
3E2
100
AcDbEntity
  8
A-PROJ
100
AcDbLine
 10
3713.333333333333
 20
3112.5
 30
0.0
 11
3926.666666666667
 21
3315.0
 31
0.0
  0
LINE
  5
13D
330
3E2
100
AcDbEntity
  8
A-PROJ
100
AcDbLine
 10
3926.666666666667
 20
3315.0
 30
0.0
 11
4140.0
 21
3112.5
 31
0.0
  0
LINE
  5
13E
330
3E2
100
AcDbEntity
  8
A-PROJ
100
AcDbLine
 10
4140.0
 20
3112.5
 30
0.0
 11
3926.666666666667
 21
2910.0
 31
0.0
  0
LINE
  5
13F
330
3E2
100
AcDbEntity
  8
A-PROJ
100
AcDbLine
 10
3926.666666666667
 20
2910.0
 30
0.0
 11
3713.333333333333
 21
3112.5
 31
0.0
  0
LINE
  5
140
330
3E2
100
AcDbEntity
  8
A-PROJ
100
AcDbLine
 10
3713.333333333333
 20
3637.5
 30
0.0
 11
3926.666666666667
 21
3840.0
 31
0.0
  0
LINE
  5
141
330
3E2
100
AcDbEntity
  8
A-PROJ
100
AcDbLine
 10
3926.666666666667
 20
3840.0
 30
0.0
 11
4140.0
 21
3637.5
 31
0.0
  0
LINE
  5
142
330
3E2
100
AcDbEntity
  8
A-PROJ
100
AcDbLine
 10
4140.0
 20
3637.5
 30
0.0
 11
3926.666666666667
 21
3435.0
 31
0.0
  0
LINE
  5
143
330
3E2
100
AcDbEntity
  8
A-PROJ
100
AcDbLine
 10
3926.666666666667
 20
3435.0
 30
0.0
 11
3713.333333333333
 21
3637.5
 31
0.0
  0
LINE
  5
144
330
3E2
100
AcDbEntity
  8
A-PROJ
100
AcDbLine
 10
4260.0
 20
2062.5
 30
0.0
 11
4473.333333333333
 21
2265.0
 31
0.0
  0
LINE
  5
145
330
3E2
100
AcDbEntity
  8
A-PROJ
100
AcDbLine
 10
4473.333333333333
 20
2265.0
 30
0.0
 11
4686.666666666667
 21
2062.5
 31
0.0
  0
LINE
  5
146
330
3E2
100
AcDbEntity
  8
A-PROJ
100
AcDbLine
 10
4686.666666666667
 20
2062.5
 30
0.0
 11
4473.333333333333
 21
1860.0
 31
0.0
  0
LINE
  5
147
330
3E2
100
AcDbEntity
  8
A-PROJ
100
AcDbLine
 10
4473.333333333333
 20
1860.0
 30
0.0
 11
4260.0
 21
2062.5
 31
0.0
  0
LINE
  5
148
330
3E2
100
AcDbEntity
  8
A-PROJ
100
AcDbLine
 10
4260.0
 20
2587.5
 30
0.0
 11
4473.333333333333
 21
2790.0
 31
0.0
  0
LINE
  5
149
330
3E2
100
AcDbEntity
  8
A-PROJ
100
AcDbLine
 10
4473.333333333333
 20
2790.0
 30
0.0
 11
4686.666666666667
 21
2587.5
 31
0.0
  0
LINE
  5
14A
330
3E2
100
AcDbEntity
  8
A-PROJ
100
AcDbLine
 10
4686.666666666667
 20
2587.5
 30
0.0
 11
4473.333333333333
 21
2385.0
 31
0.0
  0
LINE
  5
14B
330
3E2
100
AcDbEntity
  8
A-PROJ
100
AcDbLine
 10
4473.333333333333
 20
2385.0
 30
0.0
 11
4260.0
 21
2587.5
 31
0.0
  0
LINE
  5
14C
330
3E2
100
AcDbEntity
  8
A-PROJ
100
AcDbLine
 10
4260.0
 20
3112.5
 30
0.0
 11
4473.333333333333
 21
3315.0
 31
0.0
  0
LINE
  5
14D
330
3E2
100
AcDbEntity
  8
A-PROJ
100
AcDbLine
 10
4473.333333333333
 20
3315.0
 30
0.0
 11
4686.666666666667
 21
3112.5
 31
0.0
  0
LINE
  5
14E
330
3E2
100
AcDbEntity
  8
A-PROJ
100
AcDbLine
 10
4686.666666666667
 20
3112.5
 30
0.0
 11
4473.333333333333
 21
2910.0
 31
0.0
  0
LINE
  5
14F
330
3E2
100
AcDbEntity
  8
A-PROJ
100
AcDbLine
 10
4473.333333333333
 20
2910.0
 30
0.0
 11
4260.0
 21
3112.5
 31
0.0
  0
LINE
  5
150
330
3E2
100
AcDbEntity
  8
A-PROJ
100
AcDbLine
 10
4260.0
 20
3637.5
 30
0.0
 11
4473.333333333333
 21
3840.0
 31
0.0
  0
LINE
  5
151
330
3E2
100
AcDbEntity
  8
A-PROJ
100
AcDbLine
 10
4473.333333333333
 20
3840.0
 30
0.0
 11
4686.666666666667
 21
3637.5
 31
0.0
  0
LINE
  5
152
330
3E2
100
AcDbEntity
  8
A-PROJ
100
AcDbLine
 10
4686.666666666667
 20
3637.5
 30
0.0
 11
4473.333333333333
 21
3435.0
 31
0.0
  0
LINE
  5
153
330
3E2
100
AcDbEntity
  8
A-PROJ
100
AcDbLine
 10
4473.333333333333
 20
3435.0
 30
0.0
 11
4260.0
 21
3637.5
 31
0.0
  0
LINE
  5
154
330
3E2
100
AcDbEntity
  8
A-PROJ
100
AcDbLine
 10
4806.666666666666
 20
2062.5
 30
0.0
 11
5019.999999999999
 21
2265.0
 31
0.0
  0
LINE
  5
155
330
3E2
100
AcDbEntity
  8
A-PROJ
100
AcDbLine
 10
5019.999999999999
 20
2265.0
 30
0.0
 11
5233.333333333333
 21
2062.5
 31
0.0
  0
LINE
  5
156
330
3E2
100
AcDbEntity
  8
A-PROJ
100
AcDbLine
 10
5233.333333333333
 20
2062.5
 30
0.0
 11
5019.999999999999
 21
1860.0
 31
0.0
  0
LINE
  5
157
330
3E2
100
AcDbEntity
  8
A-PROJ
100
AcDbLine
 10
5019.999999999999
 20
1860.0
 30
0.0
 11
4806.666666666666
 21
2062.5
 31
0.0
  0
LINE
  5
158
330
3E2
100
AcDbEntity
  8
A-PROJ
100
AcDbLine
 10
4806.666666666666
 20
2587.5
 30
0.0
 11
5019.999999999999
 21
2790.0
 31
0.0
  0
LINE
  5
159
330
3E2
100
AcDbEntity
  8
A-PROJ
100
AcDbLine
 10
5019.999999999999
 20
2790.0
 30
0.0
 11
5233.333333333333
 21
2587.5
 31
0.0
  0
LINE
  5
15A
330
3E2
100
AcDbEntity
  8
A-PROJ
100
AcDbLine
 10
5233.333333333333
 20
2587.5
 30
0.0
 11
5019.999999999999
 21
2385.0
 31
0.0
  0
LINE
  5
15B
330
3E2
100
AcDbEntity
  8
A-PROJ
100
AcDbLine
 10
5019.999999999999
 20
2385.0
 30
0.0
 11
4806.666666666666
 21
2587.5
 31
0.0
  0
LINE
  5
15C
330
3E2
100
AcDbEntity
  8
A-PROJ
100
AcDbLine
 10
4806.666666666666
 20
3112.5
 30
0.0
 11
5019.999999999999
 21
3315.0
 31
0.0
  0
LINE
  5
15D
330
3E2
100
AcDbEntity
  8
A-PROJ
100
AcDbLine
 10
5019.999999999999
 20
3315.0
 30
0.0
 11
5233.333333333333
 21
3112.5
 31
0.0
  0
LINE
  5
15E
330
3E2
100
AcDbEntity
  8
A-PROJ
100
AcDbLine
 10
5233.333333333333
 20
3112.5
 30
0.0
 11
5019.999999999999
 21
2910.0
 31
0.0
  0
LINE
  5
15F
330
3E2
100
AcDbEntity
  8
A-PROJ
100
AcDbLine
 10
5019.999999999999
 20
2910.0
 30
0.0
 11
4806.666666666666
 21
3112.5
 31
0.0
  0
LINE
  5
160
330
3E2
100
AcDbEntity
  8
A-PROJ
100
AcDbLine
 10
4806.666666666666
 20
3637.5
 30
0.0
 11
5019.999999999999
 21
3840.0
 31
0.0
  0
LINE
  5
161
330
3E2
100
AcDbEntity
  8
A-PROJ
100
AcDbLine
 10
5019.999999999999
 20
3840.0
 30
0.0
 11
5233.333333333333
 21
3637.5
 31
0.0
  0
LINE
  5
162
330
3E2
100
AcDbEntity
  8
A-PROJ
100
AcDbLine
 10
5233.333333333333
 20
3637.5
 30
0.0
 11
5019.999999999999
 21
3435.0
 31
0.0
  0
LINE
  5
163
330
3E2
100
AcDbEntity
  8
A-PROJ
100
AcDbLine
 10
5019.999999999999
 20
3435.0
 30
0.0
 11
4806.666666666666
 21
3637.5
 31
0.0
  0
LINE
  5
164
330
3E2
100
AcDbEntity
  8
A-PROJ
100
AcDbLine
 10
5353.333333333333
 20
2062.5
 30
0.0
 11
5566.666666666666
 21
2265.0
 31
0.0
  0
LINE
  5
165
330
3E2
100
AcDbEntity
  8
A-PROJ
100
AcDbLine
 10
5566.666666666666
 20
2265.0
 30
0.0
 11
5780.0
 21
2062.5
 31
0.0
  0
LINE
  5
166
330
3E2
100
AcDbEntity
  8
A-PROJ
100
AcDbLine
 10
5780.0
 20
2062.5
 30
0.0
 11
5566.666666666666
 21
1860.0
 31
0.0
  0
LINE
  5
167
330
3E2
100
AcDbEntity
  8
A-PROJ
100
AcDbLine
 10
5566.666666666666
 20
1860.0
 30
0.0
 11
5353.333333333333
 21
2062.5
 31
0.0
  0
LINE
  5
168
330
3E2
100
AcDbEntity
  8
A-PROJ
100
AcDbLine
 10
5353.333333333333
 20
2587.5
 30
0.0
 11
5566.666666666666
 21
2790.0
 31
0.0
  0
LINE
  5
169
330
3E2
100
AcDbEntity
  8
A-PROJ
100
AcDbLine
 10
5566.666666666666
 20
2790.0
 30
0.0
 11
5780.0
 21
2587.5
 31
0.0
  0
LINE
  5
16A
330
3E2
100
AcDbEntity
  8
A-PROJ
100
AcDbLine
 10
5780.0
 20
2587.5
 30
0.0
 11
5566.666666666666
 21
2385.0
 31
0.0
  0
LINE
  5
16B
330
3E2
100
AcDbEntity
  8
A-PROJ
100
AcDbLine
 10
5566.666666666666
 20
2385.0
 30
0.0
 11
5353.333333333333
 21
2587.5
 31
0.0
  0
LINE
  5
16C
330
3E2
100
AcDbEntity
  8
A-PROJ
100
AcDbLine
 10
5353.333333333333
 20
3112.5
 30
0.0
 11
5566.666666666666
 21
3315.0
 31
0.0
  0
LINE
  5
16D
330
3E2
100
AcDbEntity
  8
A-PROJ
100
AcDbLine
 10
5566.666666666666
 20
3315.0
 30
0.0
 11
5780.0
 21
3112.5
 31
0.0
  0
LINE
  5
16E
330
3E2
100
AcDbEntity
  8
A-PROJ
100
AcDbLine
 10
5780.0
 20
3112.5
 30
0.0
 11
5566.666666666666
 21
2910.0
 31
0.0
  0
LINE
  5
16F
330
3E2
100
AcDbEntity
  8
A-PROJ
100
AcDbLine
 10
5566.666666666666
 20
2910.0
 30
0.0
 11
5353.333333333333
 21
3112.5
 31
0.0
  0
LINE
  5
170
330
3E2
100
AcDbEntity
  8
A-PROJ
100
AcDbLine
 10
5353.333333333333
 20
3637.5
 30
0.0
 11
5566.666666666666
 21
3840.0
 31
0.0
  0
LINE
  5
171
330
3E2
100
AcDbEntity
  8
A-PROJ
100
AcDbLine
 10
5566.666666666666
 20
3840.0
 30
0.0
 11
5780.0
 21
3637.5
 31
0.0
  0
LINE
  5
172
330
3E2
100
AcDbEntity
  8
A-PROJ
100
AcDbLine
 10
5780.0
 20
3637.5
 30
0.0
 11
5566.666666666666
 21
3435.0
 31
0.0
  0
LINE
  5
173
330
3E2
100
AcDbEntity
  8
A-PROJ
100
AcDbLine
 10
5566.666666666666
 20
3435.0
 30
0.0
 11
5353.333333333333
 21
3637.5
 31
0.0
  0
LWPOLYLINE
  5
174
330
3E2
100
AcDbEntity
  8
A-TIMBER
100
AcDbPolyline
 90
        4
 70
     1
 43
0.0
 10
-6000.0
 20
4120.0
 10
6000.0
 20
4120.0
 10
6000.0
 20
4480.0
 10
-6000.0
 20
4480.0
  0
LWPOLYLINE
  5
175
330
3E2
100
AcDbEntity
  8
A-PROJ
100
AcDbPolyline
 90
        4
 70
     1
 43
0.0
 10
-5975.0
 20
4160.0
 10
-5358.333333333333
 20
4160.0
 10
-5358.333333333333
 20
4440.0
 10
-5975.0
 20
4440.0
  0
LINE
  5
176
330
3E2
100
AcDbEntity
  8
A-PROJ
100
AcDbLine
 10
-5930.0
 20
4300.0
 30
0.0
 11
-5403.333333333333
 21
4420.0
 31
0.0
  0
LINE
  5
177
330
3E2
100
AcDbEntity
  8
A-PROJ
100
AcDbLine
 10
-5930.0
 20
4420.0
 30
0.0
 11
-5403.333333333333
 21
4300.0
 31
0.0
  0
LWPOLYLINE
  5
178
330
3E2
100
AcDbEntity
  8
A-PROJ
100
AcDbPolyline
 90
        4
 70
     1
 43
0.0
 10
-5308.333333333333
 20
4160.0
 10
-4691.666666666667
 20
4160.0
 10
-4691.666666666667
 20
4440.0
 10
-5308.333333333333
 20
4440.0
  0
LINE
  5
179
330
3E2
100
AcDbEntity
  8
A-PROJ
100
AcDbLine
 10
-5263.333333333333
 20
4300.0
 30
0.0
 11
-4736.666666666667
 21
4420.0
 31
0.0
  0
LINE
  5
17A
330
3E2
100
AcDbEntity
  8
A-PROJ
100
AcDbLine
 10
-5263.333333333333
 20
4420.0
 30
0.0
 11
-4736.666666666667
 21
4300.0
 31
0.0
  0
LWPOLYLINE
  5
17B
330
3E2
100
AcDbEntity
  8
A-PROJ
100
AcDbPolyline
 90
        4
 70
     1
 43
0.0
 10
-4641.666666666667
 20
4160.0
 10
-4025.0
 20
4160.0
 10
-4025.0
 20
4440.0
 10
-4641.666666666667
 20
4440.0
  0
LINE
  5
17C
330
3E2
100
AcDbEntity
  8
A-PROJ
100
AcDbLine
 10
-4596.666666666667
 20
4300.0
 30
0.0
 11
-4070.0
 21
4420.0
 31
0.0
  0
LINE
  5
17D
330
3E2
100
AcDbEntity
  8
A-PROJ
100
AcDbLine
 10
-4596.666666666667
 20
4420.0
 30
0.0
 11
-4070.0
 21
4300.0
 31
0.0
  0
LWPOLYLINE
  5
17E
330
3E2
100
AcDbEntity
  8
A-PROJ
100
AcDbPolyline
 90
        4
 70
     1
 43
0.0
 10
-3975.0
 20
4160.0
 10
-3358.333333333334
 20
4160.0
 10
-3358.333333333334
 20
4440.0
 10
-3975.0
 20
4440.0
  0
LINE
  5
17F
330
3E2
100
AcDbEntity
  8
A-PROJ
100
AcDbLine
 10
-3930.0
 20
4300.0
 30
0.0
 11
-3403.333333333334
 21
4420.0
 31
0.0
  0
LINE
  5
180
330
3E2
100
AcDbEntity
  8
A-PROJ
100
AcDbLine
 10
-3930.0
 20
4420.0
 30
0.0
 11
-3403.333333333334
 21
4300.0
 31
0.0
  0
LWPOLYLINE
  5
181
330
3E2
100
AcDbEntity
  8
A-PROJ
100
AcDbPolyline
 90
        4
 70
     1
 43
0.0
 10
-3308.333333333334
 20
4160.0
 10
-2691.666666666667
 20
4160.0
 10
-2691.666666666667
 20
4440.0
 10
-3308.333333333334
 20
4440.0
  0
LINE
  5
182
330
3E2
100
AcDbEntity
  8
A-PROJ
100
AcDbLine
 10
-3263.333333333334
 20
4300.0
 30
0.0
 11
-2736.666666666667
 21
4420.0
 31
0.0
  0
LINE
  5
183
330
3E2
100
AcDbEntity
  8
A-PROJ
100
AcDbLine
 10
-3263.333333333334
 20
4420.0
 30
0.0
 11
-2736.666666666667
 21
4300.0
 31
0.0
  0
LWPOLYLINE
  5
184
330
3E2
100
AcDbEntity
  8
A-PROJ
100
AcDbPolyline
 90
        4
 70
     1
 43
0.0
 10
-2641.666666666667
 20
4160.0
 10
-2025.0
 20
4160.0
 10
-2025.0
 20
4440.0
 10
-2641.666666666667
 20
4440.0
  0
LINE
  5
185
330
3E2
100
AcDbEntity
  8
A-PROJ
100
AcDbLine
 10
-2596.666666666667
 20
4300.0
 30
0.0
 11
-2070.0
 21
4420.0
 31
0.0
  0
LINE
  5
186
330
3E2
100
AcDbEntity
  8
A-PROJ
100
AcDbLine
 10
-2596.666666666667
 20
4420.0
 30
0.0
 11
-2070.0
 21
4300.0
 31
0.0
  0
LWPOLYLINE
  5
187
330
3E2
100
AcDbEntity
  8
A-PROJ
100
AcDbPolyline
 90
        4
 70
     1
 43
0.0
 10
-1975.0
 20
4160.0
 10
-1358.333333333333
 20
4160.0
 10
-1358.333333333333
 20
4440.0
 10
-1975.0
 20
4440.0
  0
LINE
  5
188
330
3E2
100
AcDbEntity
  8
A-PROJ
100
AcDbLine
 10
-1930.0
 20
4300.0
 30
0.0
 11
-1403.333333333333
 21
4420.0
 31
0.0
  0
LINE
  5
189
330
3E2
100
AcDbEntity
  8
A-PROJ
100
AcDbLine
 10
-1930.0
 20
4420.0
 30
0.0
 11
-1403.333333333333
 21
4300.0
 31
0.0
  0
LWPOLYLINE
  5
18A
330
3E2
100
AcDbEntity
  8
A-PROJ
100
AcDbPolyline
 90
        4
 70
     1
 43
0.0
 10
-1308.333333333333
 20
4160.0
 10
-691.666666666667
 20
4160.0
 10
-691.666666666667
 20
4440.0
 10
-1308.333333333333
 20
4440.0
  0
LINE
  5
18B
330
3E2
100
AcDbEntity
  8
A-PROJ
100
AcDbLine
 10
-1263.333333333333
 20
4300.0
 30
0.0
 11
-736.666666666667
 21
4420.0
 31
0.0
  0
LINE
  5
18C
330
3E2
100
AcDbEntity
  8
A-PROJ
100
AcDbLine
 10
-1263.333333333333
 20
4420.0
 30
0.0
 11
-736.666666666667
 21
4300.0
 31
0.0
  0
LWPOLYLINE
  5
18D
330
3E2
100
AcDbEntity
  8
A-PROJ
100
AcDbPolyline
 90
        4
 70
     1
 43
0.0
 10
-641.666666666667
 20
4160.0
 10
-25.0
 20
4160.0
 10
-25.0
 20
4440.0
 10
-641.666666666667
 20
4440.0
  0
LINE
  5
18E
330
3E2
100
AcDbEntity
  8
A-PROJ
100
AcDbLine
 10
-596.666666666667
 20
4300.0
 30
0.0
 11
-70.0
 21
4420.0
 31
0.0
  0
LINE
  5
18F
330
3E2
100
AcDbEntity
  8
A-PROJ
100
AcDbLine
 10
-596.666666666667
 20
4420.0
 30
0.0
 11
-70.0
 21
4300.0
 31
0.0
  0
LWPOLYLINE
  5
190
330
3E2
100
AcDbEntity
  8
A-PROJ
100
AcDbPolyline
 90
        4
 70
     1
 43
0.0
 10
25.0
 20
4160.0
 10
641.666666666667
 20
4160.0
 10
641.666666666667
 20
4440.0
 10
25.0
 20
4440.0
  0
LINE
  5
191
330
3E2
100
AcDbEntity
  8
A-PROJ
100
AcDbLine
 10
70.0
 20
4300.0
 30
0.0
 11
596.666666666667
 21
4420.0
 31
0.0
  0
LINE
  5
192
330
3E2
100
AcDbEntity
  8
A-PROJ
100
AcDbLine
 10
70.0
 20
4420.0
 30
0.0
 11
596.666666666667
 21
4300.0
 31
0.0
  0
LWPOLYLINE
  5
193
330
3E2
100
AcDbEntity
  8
A-PROJ
100
AcDbPolyline
 90
        4
 70
     1
 43
0.0
 10
691.666666666667
 20
4160.0
 10
1308.333333333333
 20
4160.0
 10
1308.333333333333
 20
4440.0
 10
691.666666666667
 20
4440.0
  0
LINE
  5
194
330
3E2
100
AcDbEntity
  8
A-PROJ
100
AcDbLine
 10
736.666666666667
 20
4300.0
 30
0.0
 11
1263.333333333333
 21
4420.0
 31
0.0
  0
LINE
  5
195
330
3E2
100
AcDbEntity
  8
A-PROJ
100
AcDbLine
 10
736.666666666667
 20
4420.0
 30
0.0
 11
1263.333333333333
 21
4300.0
 31
0.0
  0
LWPOLYLINE
  5
196
330
3E2
100
AcDbEntity
  8
A-PROJ
100
AcDbPolyline
 90
        4
 70
     1
 43
0.0
 10
1358.333333333333
 20
4160.0
 10
1975.0
 20
4160.0
 10
1975.0
 20
4440.0
 10
1358.333333333333
 20
4440.0
  0
LINE
  5
197
330
3E2
100
AcDbEntity
  8
A-PROJ
100
AcDbLine
 10
1403.333333333333
 20
4300.0
 30
0.0
 11
1930.0
 21
4420.0
 31
0.0
  0
LINE
  5
198
330
3E2
100
AcDbEntity
  8
A-PROJ
100
AcDbLine
 10
1403.333333333333
 20
4420.0
 30
0.0
 11
1930.0
 21
4300.0
 31
0.0
  0
LWPOLYLINE
  5
199
330
3E2
100
AcDbEntity
  8
A-PROJ
100
AcDbPolyline
 90
        4
 70
     1
 43
0.0
 10
2025.0
 20
4160.0
 10
2641.666666666666
 20
4160.0
 10
2641.666666666666
 20
4440.0
 10
2025.0
 20
4440.0
  0
LINE
  5
19A
330
3E2
100
AcDbEntity
  8
A-PROJ
100
AcDbLine
 10
2070.0
 20
4300.0
 30
0.0
 11
2596.666666666666
 21
4420.0
 31
0.0
  0
LINE
  5
19B
330
3E2
100
AcDbEntity
  8
A-PROJ
100
AcDbLine
 10
2070.0
 20
4420.0
 30
0.0
 11
2596.666666666666
 21
4300.0
 31
0.0
  0
LWPOLYLINE
  5
19C
330
3E2
100
AcDbEntity
  8
A-PROJ
100
AcDbPolyline
 90
        4
 70
     1
 43
0.0
 10
2691.666666666666
 20
4160.0
 10
3308.333333333334
 20
4160.0
 10
3308.333333333334
 20
4440.0
 10
2691.666666666666
 20
4440.0
  0
LINE
  5
19D
330
3E2
100
AcDbEntity
  8
A-PROJ
100
AcDbLine
 10
2736.666666666666
 20
4300.0
 30
0.0
 11
3263.333333333334
 21
4420.0
 31
0.0
  0
LINE
  5
19E
330
3E2
100
AcDbEntity
  8
A-PROJ
100
AcDbLine
 10
2736.666666666666
 20
4420.0
 30
0.0
 11
3263.333333333334
 21
4300.0
 31
0.0
  0
LWPOLYLINE
  5
19F
330
3E2
100
AcDbEntity
  8
A-PROJ
100
AcDbPolyline
 90
        4
 70
     1
 43
0.0
 10
3358.333333333334
 20
4160.0
 10
3975.0
 20
4160.0
 10
3975.0
 20
4440.0
 10
3358.333333333334
 20
4440.0
  0
LINE
  5
1A0
330
3E2
100
AcDbEntity
  8
A-PROJ
100
AcDbLine
 10
3403.333333333334
 20
4300.0
 30
0.0
 11
3930.0
 21
4420.0
 31
0.0
  0
LINE
  5
1A1
330
3E2
100
AcDbEntity
  8
A-PROJ
100
AcDbLine
 10
3403.333333333334
 20
4420.0
 30
0.0
 11
3930.0
 21
4300.0
 31
0.0
  0
LWPOLYLINE
  5
1A2
330
3E2
100
AcDbEntity
  8
A-PROJ
100
AcDbPolyline
 90
        4
 70
     1
 43
0.0
 10
4025.0
 20
4160.0
 10
4641.666666666666
 20
4160.0
 10
4641.666666666666
 20
4440.0
 10
4025.0
 20
4440.0
  0
LINE
  5
1A3
330
3E2
100
AcDbEntity
  8
A-PROJ
100
AcDbLine
 10
4070.0
 20
4300.0
 30
0.0
 11
4596.666666666666
 21
4420.0
 31
0.0
  0
LINE
  5
1A4
330
3E2
100
AcDbEntity
  8
A-PROJ
100
AcDbLine
 10
4070.0
 20
4420.0
 30
0.0
 11
4596.666666666666
 21
4300.0
 31
0.0
  0
LWPOLYLINE
  5
1A5
330
3E2
100
AcDbEntity
  8
A-PROJ
100
AcDbPolyline
 90
        4
 70
     1
 43
0.0
 10
4691.666666666666
 20
4160.0
 10
5308.333333333334
 20
4160.0
 10
5308.333333333334
 20
4440.0
 10
4691.666666666666
 20
4440.0
  0
LINE
  5
1A6
330
3E2
100
AcDbEntity
  8
A-PROJ
100
AcDbLine
 10
4736.666666666666
 20
4300.0
 30
0.0
 11
5263.333333333334
 21
4420.0
 31
0.0
  0
LINE
  5
1A7
330
3E2
100
AcDbEntity
  8
A-PROJ
100
AcDbLine
 10
4736.666666666666
 20
4420.0
 30
0.0
 11
5263.333333333334
 21
4300.0
 31
0.0
  0
LWPOLYLINE
  5
1A8
330
3E2
100
AcDbEntity
  8
A-PROJ
100
AcDbPolyline
 90
        4
 70
     1
 43
0.0
 10
5358.333333333334
 20
4160.0
 10
5975.0
 20
4160.0
 10
5975.0
 20
4440.0
 10
5358.333333333334
 20
4440.0
  0
LINE
  5
1A9
330
3E2
100
AcDbEntity
  8
A-PROJ
100
AcDbLine
 10
5403.333333333334
 20
4300.0
 30
0.0
 11
5930.0
 21
4420.0
 31
0.0
  0
LINE
  5
1AA
330
3E2
100
AcDbEntity
  8
A-PROJ
100
AcDbLine
 10
5403.333333333334
 20
4420.0
 30
0.0
 11
5930.0
 21
4300.0
 31
0.0
  0
LWPOLYLINE
  5
1AB
330
3E2
100
AcDbEntity
  8
A-OUTLINE
100
AcDbPolyline
 90
       49
 70
     0
 43
0.0
 10
-7400.0
 20
6050.0
 10
-7091.666666666667
 20
5882.535774445065
 10
-6783.333333333333
 20
5753.503265869253
 10
-6475.0
 20
5655.25233745575
 10
-6166.666666666667
 20
5581.403070701875
 10
-5858.333333333334
 20
5526.68052989705
 10
-5550.0
 20
5486.764526367188
 10
-5241.666666666667
 20
5458.153668210884
 10
-4933.333333333334
 20
5438.042981252858
 10
-4625.0
 20
5424.214386940002
 10
-4316.666666666667
 20
5414.939322905503
 10
-4008.333333333334
 20
5408.892791926398
 10
-3700.0
 20
5405.078125
 10
-3391.666666666667
 20
5402.761744264603
 10
-3083.333333333334
 20
5401.417211489858
 10
-2775.0
 20
5400.677847862244
 10
-2466.666666666667
 20
5400.297210791038
 10
-2158.333333333334
 20
5400.116713460199
 10
-1850.0
 20
5400.039672851562
 10
-1541.666666666667
 20
5400.011071964765
 10
-1233.333333333334
 20
5400.002321959305
 10
-925.0
 20
5400.000309944153
 10
-616.666666666667
 20
5400.000018140307
 10
-308.3333333333339
 20
5400.000000141721
 10
0.0
 20
5400.0
 10
308.333333333333
 20
5400.000000141721
 10
616.6666666666661
 20
5400.000018140307
 10
925.0
 20
5400.000309944153
 10
1233.333333333332
 20
5400.002321959305
 10
1541.666666666666
 20
5400.011071964765
 10
1850.0
 20
5400.039672851562
 10
2158.333333333332
 20
5400.116713460199
 10
2466.666666666666
 20
5400.297210791038
 10
2775.0
 20
5400.677847862244
 10
3083.333333333332
 20
5401.417211489858
 10
3391.666666666666
 20
5402.761744264603
 10
3700.0
 20
5405.078125
 10
4008.333333333332
 20
5408.892791926398
 10
4316.666666666666
 20
5414.939322905503
 10
4625.0
 20
5424.214386940002
 10
4933.333333333332
 20
5438.042981252857
 10
5241.666666666666
 20
5458.153668210884
 10
5550.0
 20
5486.764526367188
 10
5858.333333333332
 20
5526.68052989705
 10
6166.666666666666
 20
5581.403070701875
 10
6475.0
 20
5655.25233745575
 10
6783.333333333332
 20
5753.503265869252
 10
7091.666666666666
 20
5882.535774445065
 10
7400.0
 20
6050.0
1001
GUJIAN_SOURCE
1000
268530ca-e098-5c98-88a2-4e3e3c93a799
1000
demo
  0
LINE
  5
1AC
330
3E2
100
AcDbEntity
  8
A-OUTLINE
100
AcDbLine
 10
-3600.0
 20
9000.0
 30
0.0
 11
3600.0
 21
9000.0
 31
0.0
1001
GUJIAN_SOURCE
1000
528508c5-e906-51af-a5ce-83d479e7f61f
1000
demo
  0
LWPOLYLINE
  5
1AD
330
3E2
100
AcDbEntity
  8
A-ROOF
100
AcDbPolyline
 90
        4
 70
     0
 43
0.0
 10
-7400.0
 20
6050.0
 10
-3600.0
 20
9000.0
 10
3600.0
 20
9000.0
 10
7400.0
 20
6050.0
  0
LWPOLYLINE
  5
1AE
330
3E2
100
AcDbEntity
  8
A-PROJ
100
AcDbPolyline
 90
       41
 70
     0
 43
0.0
 10
-3980.0
 20
8938.546676470623
 10
-3781.0
 20
8938.544123801987
 10
-3582.0
 20
8938.542261821003
 10
-3383.0
 20
8938.540927196564
 10
-3184.0
 20
8938.539989083694
 10
-2985.0
 20
8938.539344014614
 10
-2786.0
 20
8938.538911356249
 10
-2587.0
 20
8938.538629300814
 10
-2388.0
 20
8938.538451356215
 10
-2189.0
 20
8938.538343302891
 10
-1990.0
 20
8938.538280583825
 10
-1791.0
 20
8938.538246094375
 10
-1592.0
 20
8938.538228338615
 10
-1393.0
 20
8938.538219918868
 10
-1194.0
 20
8938.538216325118
 10
-995.0
 20
8938.538214990958
 10
-796.0
 20
8938.538214582793
 10
-597.0
 20
8938.538214488937
 10
-398.0
 20
8938.538214475326
 10
-199.0
 20
8938.538214474487
 10
0.0
 20
8938.53821447448
 10
199.0
 20
8938.538214474487
 10
398.0
 20
8938.538214475326
 10
597.0
 20
8938.538214488937
 10
796.0
 20
8938.538214582793
 10
995.0
 20
8938.538214990958
 10
1194.0
 20
8938.538216325118
 10
1393.0
 20
8938.538219918868
 10
1592.0
 20
8938.538228338615
 10
1791.0
 20
8938.538246094375
 10
1990.0
 20
8938.538280583825
 10
2189.0
 20
8938.538343302891
 10
2388.0
 20
8938.538451356215
 10
2587.0
 20
8938.538629300814
 10
2786.0
 20
8938.538911356249
 10
2985.0
 20
8938.539344014614
 10
3184.0
 20
8938.539989083694
 10
3383.0
 20
8938.540927196564
 10
3582.0
 20
8938.542261821003
 10
3781.0
 20
8938.544123801987
 10
3980.0
 20
8938.546676470623
1001
GUJIAN_SOURCE
1000
fc2f8704-77f3-5a6f-8d21-662c7000b674
1000
demo
  0
LWPOLYLINE
  5
1AF
330
3E2
100
AcDbEntity
  8
A-PROJ
100
AcDbPolyline
 90
       41
 70
     0
 43
0.0
 10
-4360.0
 20
8743.030672356103
 10
-4142.0
 20
8742.992008216532
 10
-3924.0
 20
8742.963805616491
 10
-3706.0
 20
8742.943590652114
 10
-3488.0
 20
8742.92938147257
 10
-3270.0
 20
8742.919610897361
 10
-3052.0
 20
8742.913057613008
 10
-2834.0
 20
8742.90878544446
 10
-2616.0
 20
8742.906090196537
 10
-2398.0
 20
8742.90445356076
 10
-2180.0
 20
8742.90350358289
 10
-1962.0
 20
8742.902981186486
 10
-1744.0
 20
8742.902712247862
 10
-1526.0
 20
8742.902584717709
 10
-1308.0
 20
8742.902530284768
 10
-1090.0
 20
8742.902510076849
 10
-872.0
 20
8742.902503894544
 10
-654.0
 20
8742.902502472956
 10
-436.0
 20
8742.902502266783
 10
-218.0
 20
8742.902502254066
 10
0.0
 20
8742.902502253966
 10
218.0
 20
8742.902502254066
 10
436.0
 20
8742.902502266783
 10
654.0
 20
8742.902502472956
 10
872.0
 20
8742.902503894544
 10
1090.0
 20
8742.902510076849
 10
1308.0
 20
8742.902530284768
 10
1526.0
 20
8742.902584717709
 10
1744.0
 20
8742.902712247862
 10
1962.0
 20
8742.902981186486
 10
2180.0
 20
8742.90350358289
 10
2398.0
 20
8742.90445356076
 10
2616.0
 20
8742.906090196537
 10
2834.0
 20
8742.90878544446
 10
3052.0
 20
8742.913057613008
 10
3270.0
 20
8742.919610897361
 10
3488.0
 20
8742.92938147257
 10
3706.0
 20
8742.943590652114
 10
3924.0
 20
8742.963805616491
 10
4142.0
 20
8742.992008216532
 10
4360.0
 20
8743.030672356103
1001
GUJIAN_SOURCE
1000
fc2f8704-77f3-5a6f-8d21-662c7000b674
1000
demo
  0
LWPOLYLINE
  5
1B0
330
3E2
100
AcDbEntity
  8
A-PROJ
100
AcDbPolyline
 90
       41
 70
     0
 43
0.0
 10
-4740.0
 20
8483.795348703876
 10
-4503.0
 20
8483.561128101344
 10
-4266.0
 20
8483.39028167755
 10
-4029.0
 20
8483.267822955098
 10
-3792.0
 20
8483.181746227896
 10
-3555.0
 20
8483.12255779029
 10
-3318.0
 20
8483.082859138605
 10
-3081.0
 20
8483.056979087929
 10
-2844.0
 20
8483.040651746895
 10
-2607.0
 20
8483.030737293298
 10
-2370.0
 20
8483.02498249332
 10
-2133.0
 20
8483.021817907176
 10
-1896.0
 20
8483.020188723976
 10
-1659.0
 20
8483.01941616859
 10
-1422.0
 20
8483.019086423343
 10
-1185.0
 20
8483.0189640073
 10
-948.0
 20
8483.018926555977
 10
-711.0
 20
8483.018917944253
 10
-474.0
 20
8483.01891669529
 10
-237.0
 20
8483.018916618252
 10
0.0
 20
8483.018916617646
 10
237.0
 20
8483.018916618252
 10
474.0
 20
8483.01891669529
 10
711.0
 20
8483.018917944253
 10
948.0
 20
8483.018926555977
 10
1185.0
 20
8483.0189640073
 10
1422.0
 20
8483.019086423343
 10
1659.0
 20
8483.01941616859
 10
1896.0
 20
8483.020188723976
 10
2133.0
 20
8483.021817907176
 10
2370.0
 20
8483.02498249332
 10
2607.0
 20
8483.030737293298
 10
2844.0
 20
8483.040651746895
 10
3081.0
 20
8483.056979087929
 10
3318.0
 20
8483.082859138605
 10
3555.0
 20
8483.12255779029
 10
3792.0
 20
8483.181746227896
 10
4029.0
 20
8483.267822955098
 10
4266.0
 20
8483.39028167755
 10
4503.0
 20
8483.561128101344
 10
4740.0
 20
8483.795348703876
1001
GUJIAN_SOURCE
1000
fc2f8704-77f3-5a6f-8d21-662c7000b674
1000
demo
  0
LWPOLYLINE
  5
1B1
330
3E2
100
AcDbEntity
  8
A-PROJ
100
AcDbPolyline
 90
       41
 70
     0
 43
0.0
 10
-5120.0
 20
8173.205234896504
 10
-4864.0
 20
8172.252696175756
 10
-4608.0
 20
8171.557890372141
 10
-4352.0
 20
8171.059869815585
 10
-4096.0
 20
8170.709809168791
 10
-3840.0
 20
8170.469099009088
 10
-3584.0
 20
8170.30765077404
 10
-3328.0
 20
8170.20240063764
 10
-3072.0
 20
8170.135999883934
 10
-2816.0
 20
8170.095679344902
 10
-2560.0
 20
8170.072275469453
 10
-2304.0
 20
8170.059405590357
 10
-2048.0
 20
8170.052779955955
 10
-1792.0
 20
8170.049638093496
 10
-1536.0
 20
8170.048297070917
 10
-1280.0
 20
8170.047799223929
 10
-1024.0
 20
8170.04764691523
 10
-768.0
 20
8170.047611892691
 10
-512.0
 20
8170.047606813349
 10
-256.0
 20
8170.047606500053
 10
0.0
 20
8170.047606497586
 10
256.0
 20
8170.047606500053
 10
512.0
 20
8170.047606813349
 10
768.0
 20
8170.047611892691
 10
1024.0
 20
8170.04764691523
 10
1280.0
 20
8170.047799223929
 10
1536.0
 20
8170.048297070917
 10
1792.0
 20
8170.049638093496
 10
2048.0
 20
8170.052779955955
 10
2304.0
 20
8170.059405590357
 10
2560.0
 20
8170.072275469453
 10
2816.0
 20
8170.095679344902
 10
3072.0
 20
8170.135999883934
 10
3328.0
 20
8170.20240063764
 10
3584.0
 20
8170.30765077404
 10
3840.0
 20
8170.469099009088
 10
4096.0
 20
8170.709809168791
 10
4352.0
 20
8171.059869815585
 10
4608.0
 20
8171.557890372141
 10
4864.0
 20
8172.252696175756
 10
5120.0
 20
8173.205234896504
1001
GUJIAN_SOURCE
1000
fc2f8704-77f3-5a6f-8d21-662c7000b674
1000
demo
  0
LWPOLYLINE
  5
1B2
330
3E2
100
AcDbEntity
  8
A-PROJ
100
AcDbPolyline
 90
       41
 70
     0
 43
0.0
 10
-5500.0
 20
7820.743590307237
 10
-5225.0
 20
7817.672717862595
 10
-4950.0
 20
7815.432745932614
 10
-4675.0
 20
7813.827186420252
 10
-4400.0
 20
7812.698632199013
 10
-4125.0
 20
7811.922611045776
 10
-3850.0
 20
7811.402120985428
 10
-3575.0
 20
7811.062806964253
 10
-3300.0
 20
7810.848738769
 10
-3025.0
 20
7810.718750108624
 10
-2750.0
 20
7810.643298775623
 10
-2475.0
 20
7810.601807803946
 10
-2200.0
 20
7810.580447540403
 10
-1925.0
 20
7810.570318546546
 10
-1650.0
 20
7810.565995247981
 10
-1375.0
 20
7810.564390248032
 10
-1100.0
 20
7810.563899222757
 10
-825.0
 20
7810.563786314223
 10
-550.0
 20
7810.563769939025
 10
-275.0
 20
7810.563768928996
 10
0.0
 20
7810.563768921043
 10
275.0
 20
7810.563768928996
 10
550.0
 20
7810.563769939025
 10
825.0
 20
7810.563786314223
 10
1100.0
 20
7810.563899222757
 10
1375.0
 20
7810.564390248032
 10
1650.0
 20
7810.565995247981
 10
1925.0
 20
7810.570318546546
 10
2200.0
 20
7810.580447540403
 10
2475.0
 20
7810.601807803946
 10
2750.0
 20
7810.643298775623
 10
3025.0
 20
7810.718750108624
 10
3300.0
 20
7810.848738769
 10
3575.0
 20
7811.062806964253
 10
3850.0
 20
7811.402120985428
 10
4125.0
 20
7811.922611045776
 10
4400.0
 20
7812.698632199013
 10
4675.0
 20
7813.827186420252
 10
4950.0
 20
7815.432745932614
 10
5225.0
 20
7817.672717862595
 10
5500.0
 20
7820.743590307237
1001
GUJIAN_SOURCE
1000
fc2f8704-77f3-5a6f-8d21-662c7000b674
1000
demo
  0
LWPOLYLINE
  5
1B3
330
3E2
100
AcDbEntity
  8
A-PROJ
100
AcDbPolyline
 90
       41
 70
     0
 43
0.0
 10
-5880.0
 20
7437.143230684786
 10
-5586.0
 20
7428.672751654019
 10
-5292.0
 20
7422.494170288478
 10
-4998.0
 20
7418.065507611253
 10
-4704.0
 20
7414.952582851786
 10
-4410.0
 20
7412.812060565553
 10
-4116.0
 20
7411.376377312221
 10
-3822.0
 20
7410.44043733001
 10
-3528.0
 20
7409.849966643997
 10
-3234.0
 20
7409.491415046102
 10
-2940.0
 20
7409.283295384494
 10
-2646.0
 20
7409.168849600147
 10
-2352.0
 20
7409.109930948298
 10
-2058.0
 20
7409.08199184252
 10
-1764.0
 20
7409.070066759175
 10
-1470.0
 20
7409.06563963996
 10
-1176.0
 20
7409.064285230302
 10
-882.0
 20
7409.063973791324
 10
-588.0
 20
7409.06392862313
 10
-294.0
 20
7409.063925837137
 10
0.0
 20
7409.0639258152
 10
294.0
 20
7409.063925837137
 10
588.0
 20
7409.06392862313
 10
882.0
 20
7409.063973791324
 10
1176.0
 20
7409.064285230302
 10
1470.0
 20
7409.06563963996
 10
1764.0
 20
7409.070066759175
 10
2058.0
 20
7409.08199184252
 10
2352.0
 20
7409.109930948298
 10
2646.0
 20
7409.168849600147
 10
2940.0
 20
7409.283295384494
 10
3234.0
 20
7409.491415046102
 10
3528.0
 20
7409.849966643997
 10
3822.0
 20
7410.44043733001
 10
4116.0
 20
7411.376377312221
 10
4410.0
 20
7412.812060565553
 10
4704.0
 20
7414.952582851786
 10
4998.0
 20
7418.065507611253
 10
5292.0
 20
7422.494170288478
 10
5586.0
 20
7428.672751654019
 10
5880.0
 20
7437.143230684786
1001
GUJIAN_SOURCE
1000
fc2f8704-77f3-5a6f-8d21-662c7000b674
1000
demo
  0
LWPOLYLINE
  5
1B4
330
3E2
100
AcDbEntity
  8
A-PROJ
100
AcDbPolyline
 90
       41
 70
     0
 43
0.0
 10
-6260.0
 20
7038.004138684192
 10
-5947.0
 20
7017.153114572034
 10
-5634.0
 20
7001.943850897112
 10
-5321.0
 20
6991.042206263792
 10
-5008.0
 20
6983.379396523844
 10
-4695.0
 20
6978.110263380282
 10
-4382.0
 20
6974.576169732933
 10
-4069.0
 20
6972.272249604481
 10
-3756.0
 20
6970.818740485709
 10
-3443.0
 20
6969.936125938644
 10
-3130.0
 20
6969.423816296338
 10
-2817.0
 20
6969.142095298002
 10
-2504.0
 20
6968.997060498211
 10
-2191.0
 20
6968.928285288906
 10
-1878.0
 20
6968.898930372913
 10
-1565.0
 20
6968.888032527683
 10
-1252.0
 20
6968.88469849801
 10
-939.0
 20
6968.883931856407
 10
-626.0
 20
6968.883820669884
 10
-313.0
 20
6968.883813811852
 10
0.0
 20
6968.883813757851
 10
313.0
 20
6968.883813811852
 10
626.0
 20
6968.883820669884
 10
939.0
 20
6968.883931856407
 10
1252.0
 20
6968.88469849801
 10
1565.0
 20
6968.888032527683
 10
1878.0
 20
6968.898930372913
 10
2191.0
 20
6968.928285288906
 10
2504.0
 20
6968.997060498211
 10
2817.0
 20
6969.142095298002
 10
3130.0
 20
6969.423816296338
 10
3443.0
 20
6969.936125938644
 10
3756.0
 20
6970.818740485709
 10
4069.0
 20
6972.272249604481
 10
4382.0
 20
6974.576169732933
 10
4695.0
 20
6978.110263380282
 10
5008.0
 20
6983.379396523844
 10
5321.0
 20
6991.042206263792
 10
5634.0
 20
7001.943850897112
 10
5947.0
 20
7017.153114572034
 10
6260.0
 20
7038.004138684192
1001
GUJIAN_SOURCE
1000
fc2f8704-77f3-5a6f-8d21-662c7000b674
1000
demo
  0
LWPOLYLINE
  5
1B5
330
3E2
100
AcDbEntity
  8
A-PROJ
100
AcDbPolyline
 90
       41
 70
     0
 43
0.0
 10
-6640.0
 20
6648.49142424611
 10
-6308.0
 20
6601.473932765609
 10
-5976.0
 20
6567.178186838995
 10
-5644.0
 20
6542.595797939846
 10
-5312.0
 20
6525.316738181117
 10
-4980.0
 20
6513.435239154765
 10
-4648.0
 20
6505.466123726106
 10
-4316.0
 20
6500.270957079684
 10
-3984.0
 20
6496.993403313449
 10
-3652.0
 20
6495.003173878004
 10
-3320.0
 20
6493.847954157719
 10
-2988.0
 20
6493.212694490476
 10
-2656.0
 20
6492.885651922836
 10
-2324.0
 20
6492.730568997406
 10
-1992.0
 20
6492.664375869183
 10
-1660.0
 20
6492.639802047654
 10
-1328.0
 20
6492.632284061443
 10
-996.0
 20
6492.630555342274
 10
-664.0
 20
6492.630304625026
 10
-332.0
 20
6492.630289160679
 10
0.0
 20
6492.630289038912
 10
332.0
 20
6492.630289160679
 10
664.0
 20
6492.630304625026
 10
996.0
 20
6492.630555342274
 10
1328.0
 20
6492.632284061443
 10
1660.0
 20
6492.639802047654
 10
1992.0
 20
6492.664375869183
 10
2324.0
 20
6492.730568997406
 10
2656.0
 20
6492.885651922836
 10
2988.0
 20
6493.212694490476
 10
3320.0
 20
6493.847954157719
 10
3652.0
 20
6495.003173878004
 10
3984.0
 20
6496.993403313449
 10
4316.0
 20
6500.270957079684
 10
4648.0
 20
6505.466123726106
 10
4980.0
 20
6513.435239154765
 10
5312.0
 20
6525.316738181117
 10
5644.0
 20
6542.595797939846
 10
5976.0
 20
6567.178186838995
 10
6308.0
 20
6601.473932765609
 10
6640.0
 20
6648.49142424611
1001
GUJIAN_SOURCE
1000
fc2f8704-77f3-5a6f-8d21-662c7000b674
1000
demo
  0
LWPOLYLINE
  5
1B6
330
3E2
100
AcDbEntity
  8
A-PROJ
100
AcDbPolyline
 90
       41
 70
     0
 43
0.0
 10
-7020.0
 20
6310.042252551094
 10
-6669.0
 20
6211.209645572812
 10
-6318.0
 20
6139.118645575553
 10
-5967.0
 20
6087.445502152653
 10
-5616.0
 20
6051.124242376449
 10
-5265.0
 20
6026.148866476797
 10
-4914.0
 20
6009.397473998704
 10
-4563.0
 20
5998.477030410908
 10
-4212.0
 20
5991.587484137201
 10
-3861.0
 20
5987.40394398233
 10
-3510.0
 20
5984.975626924287
 10
-3159.0
 20
5983.640286244791
 10
-2808.0
 20
5982.952829969799
 10
-2457.0
 20
5982.626839591847
 10
-2106.0
 20
5982.487699046054
 10
-1755.0
 20
5982.436043911578
 10
-1404.0
 20
5982.420240810371
 10
-1053.0
 20
5982.416606975029
 10
-702.0
 20
5982.416079957563
 10
-351.0
 20
5982.416047450901
 10
0.0
 20
5982.416047194943
 10
351.0
 20
5982.416047450901
 10
702.0
 20
5982.416079957563
 10
1053.0
 20
5982.416606975029
 10
1404.0
 20
5982.420240810371
 10
1755.0
 20
5982.436043911578
 10
2106.0
 20
5982.487699046054
 10
2457.0
 20
5982.626839591847
 10
2808.0
 20
5982.952829969799
 10
3159.0
 20
5983.640286244791
 10
3510.0
 20
5984.975626924287
 10
3861.0
 20
5987.40394398233
 10
4212.0
 20
5991.587484137201
 10
4563.0
 20
5998.477030410908
 10
4914.0
 20
6009.397473998704
 10
5265.0
 20
6026.148866476797
 10
5616.0
 20
6051.124242376449
 10
5967.0
 20
6087.445502152653
 10
6318.0
 20
6139.118645575553
 10
6669.0
 20
6211.209645572812
 10
7020.0
 20
6310.042252551094
1001
GUJIAN_SOURCE
1000
fc2f8704-77f3-5a6f-8d21-662c7000b674
1000
demo
  0
LINE
  5
1B7
330
3E2
100
AcDbEntity
  8
A-PROJ
100
AcDbLine
 10
-3512.432432432433
 20
8900.0
 30
0.0
 11
-7220.0
 21
6007.081087453119
 31
0.0
1001
GUJIAN_SOURCE
1000
a05d3dec-23cd-58d4-bb3d-d4b5b0e4ddd2
1000
demo
  0
LINE
  5
1B8
330
3E2
100
AcDbEntity
  8
A-PROJ
100
AcDbLine
 10
-3317.297297297298
 20
8900.0
 30
0.0
 11
-6818.888888888889
 21
5826.679487300588
 31
0.0
1001
GUJIAN_SOURCE
1000
a05d3dec-23cd-58d4-bb3d-d4b5b0e4ddd2
1000
demo
  0
LINE
  5
1B9
330
3E2
100
AcDbEntity
  8
A-PROJ
100
AcDbLine
 10
-3122.162162162162
 20
8900.0
 30
0.0
 11
-6417.777777777777
 21
5699.874478951146
 31
0.0
1001
GUJIAN_SOURCE
1000
a05d3dec-23cd-58d4-bb3d-d4b5b0e4ddd2
1000
demo
  0
LINE
  5
1BA
330
3E2
100
AcDbEntity
  8
A-PROJ
100
AcDbLine
 10
-2927.027027027027
 20
8900.0
 30
0.0
 11
-6016.666666666667
 21
5612.680291056795
 31
0.0
1001
GUJIAN_SOURCE
1000
a05d3dec-23cd-58d4-bb3d-d4b5b0e4ddd2
1000
demo
  0
LINE
  5
1BB
330
3E2
100
AcDbEntity
  8
A-PROJ
100
AcDbLine
 10
-2731.891891891892
 20
8900.0
 30
0.0
 11
-5615.555555555556
 21
5554.197725305015
 31
0.0
1001
GUJIAN_SOURCE
1000
a05d3dec-23cd-58d4-bb3d-d4b5b0e4ddd2
1000
demo
  0
LINE
  5
1BC
330
3E2
100
AcDbEntity
  8
A-PROJ
100
AcDbLine
 10
-2536.756756756757
 20
8900.0
 30
0.0
 11
-5214.444444444444
 21
5516.072204635784
 31
0.0
1001
GUJIAN_SOURCE
1000
a05d3dec-23cd-58d4-bb3d-d4b5b0e4ddd2
1000
demo
  0
LINE
  5
1BD
330
3E2
100
AcDbEntity
  8
A-PROJ
100
AcDbLine
 10
-2341.621621621622
 20
8900.0
 30
0.0
 11
-4813.333333333334
 21
5492.019377775034
 31
0.0
1001
GUJIAN_SOURCE
1000
a05d3dec-23cd-58d4-bb3d-d4b5b0e4ddd2
1000
demo
  0
LINE
  5
1BE
330
3E2
100
AcDbEntity
  8
A-PROJ
100
AcDbLine
 10
-2146.486486486487
 20
8900.0
 30
0.0
 11
-4412.222222222223
 21
5477.413776330117
 31
0.0
1001
GUJIAN_SOURCE
1000
a05d3dec-23cd-58d4-bb3d-d4b5b0e4ddd2
1000
demo
  0
LINE
  5
1BF
330
3E2
100
AcDbEntity
  8
A-PROJ
100
AcDbLine
 10
-1951.351351351351
 20
8900.0
 30
0.0
 11
-4011.111111111112
 21
5468.936020692853
 31
0.0
1001
GUJIAN_SOURCE
1000
a05d3dec-23cd-58d4-bb3d-d4b5b0e4ddd2
1000
demo
  0
LINE
  5
1C0
330
3E2
100
AcDbEntity
  8
A-PROJ
100
AcDbLine
 10
-1756.216216216216
 20
8900.0
 30
0.0
 11
-3610.0
 21
5464.274070995728
 31
0.0
1001
GUJIAN_SOURCE
1000
a05d3dec-23cd-58d4-bb3d-d4b5b0e4ddd2
1000
demo
  0
LINE
  5
1C1
330
3E2
100
AcDbEntity
  8
A-PROJ
100
AcDbLine
 10
-1561.081081081081
 20
8900.0
 30
0.0
 11
-3208.888888888889
 21
5461.874019366805
 31
0.0
1001
GUJIAN_SOURCE
1000
a05d3dec-23cd-58d4-bb3d-d4b5b0e4ddd2
1000
demo
  0
LINE
  5
1C2
330
3E2
100
AcDbEntity
  8
A-PROJ
100
AcDbLine
 10
-1365.945945945946
 20
8900.0
 30
0.0
 11
-2807.777777777779
 21
5460.735919728945
 31
0.0
1001
GUJIAN_SOURCE
1000
a05d3dec-23cd-58d4-bb3d-d4b5b0e4ddd2
1000
demo
  0
LINE
  5
1C3
330
3E2
100
AcDbEntity
  8
A-PROJ
100
AcDbLine
 10
-1170.810810810811
 20
8900.0
 30
0.0
 11
-2406.666666666667
 21
5460.250151388867
 31
0.0
1001
GUJIAN_SOURCE
1000
a05d3dec-23cd-58d4-bb3d-d4b5b0e4ddd2
1000
demo
  0
LINE
  5
1C4
330
3E2
100
AcDbEntity
  8
A-PROJ
100
AcDbLine
 10
-975.6756756756756
 20
8900.0
 30
0.0
 11
-2005.555555555556
 21
5460.069812661663
 31
0.0
1001
GUJIAN_SOURCE
1000
a05d3dec-23cd-58d4-bb3d-d4b5b0e4ddd2
1000
demo
  0
LINE
  5
1C5
330
3E2
100
AcDbEntity
  8
A-PROJ
100
AcDbLine
 10
-780.540540540541
 20
8900.0
 30
0.0
 11
-1604.444444444445
 21
5460.014640776303
 31
0.0
1001
GUJIAN_SOURCE
1000
a05d3dec-23cd-58d4-bb3d-d4b5b0e4ddd2
1000
demo
  0
LINE
  5
1C6
330
3E2
100
AcDbEntity
  8
A-PROJ
100
AcDbLine
 10
-585.4054054054056
 20
8900.0
 30
0.0
 11
-1203.333333333334
 21
5460.001954307725
 31
0.0
1001
GUJIAN_SOURCE
1000
a05d3dec-23cd-58d4-bb3d-d4b5b0e4ddd2
1000
demo
  0
LINE
  5
1C7
330
3E2
100
AcDbEntity
  8
A-PROJ
100
AcDbLine
 10
-390.2702702702705
 20
8900.0
 30
0.0
 11
-802.2222222222226
 21
5460.000114381065
 31
0.0
1001
GUJIAN_SOURCE
1000
a05d3dec-23cd-58d4-bb3d-d4b5b0e4ddd2
1000
demo
  0
LINE
  5
1C8
330
3E2
100
AcDbEntity
  8
A-PROJ
100
AcDbLine
 10
-195.1351351351352
 20
8900.0
 30
0.0
 11
-401.1111111111113
 21
5460.000000893602
 31
0.0
1001
GUJIAN_SOURCE
1000
a05d3dec-23cd-58d4-bb3d-d4b5b0e4ddd2
1000
demo
  0
LINE
  5
1C9
330
3E2
100
AcDbEntity
  8
A-PROJ
100
AcDbLine
 10
0.0
 20
8900.0
 30
0.0
 11
0.0
 21
5460.0
 31
0.0
1001
GUJIAN_SOURCE
1000
a05d3dec-23cd-58d4-bb3d-d4b5b0e4ddd2
1000
demo
  0
LINE
  5
1CA
330
3E2
100
AcDbEntity
  8
A-PROJ
100
AcDbLine
 10
195.1351351351348
 20
8900.0
 30
0.0
 11
401.1111111111104
 21
5460.000000893602
 31
0.0
1001
GUJIAN_SOURCE
1000
a05d3dec-23cd-58d4-bb3d-d4b5b0e4ddd2
1000
demo
  0
LINE
  5
1CB
330
3E2
100
AcDbEntity
  8
A-PROJ
100
AcDbLine
 10
390.27027027027
 20
8900.0
 30
0.0
 11
802.2222222222217
 21
5460.000114381065
 31
0.0
1001
GUJIAN_SOURCE
1000
a05d3dec-23cd-58d4-bb3d-d4b5b0e4ddd2
1000
demo
  0
LINE
  5
1CC
330
3E2
100
AcDbEntity
  8
A-PROJ
100
AcDbLine
 10
585.4054054054047
 20
8900.0
 30
0.0
 11
1203.333333333332
 21
5460.001954307725
 31
0.0
1001
GUJIAN_SOURCE
1000
a05d3dec-23cd-58d4-bb3d-d4b5b0e4ddd2
1000
demo
  0
LINE
  5
1CD
330
3E2
100
AcDbEntity
  8
A-PROJ
100
AcDbLine
 10
780.5405405405401
 20
8900.0
 30
0.0
 11
1604.444444444444
 21
5460.014640776303
 31
0.0
1001
GUJIAN_SOURCE
1000
a05d3dec-23cd-58d4-bb3d-d4b5b0e4ddd2
1000
demo
  0
LINE
  5
1CE
330
3E2
100
AcDbEntity
  8
A-PROJ
100
AcDbLine
 10
975.6756756756753
 20
8900.0
 30
0.0
 11
2005.555555555555
 21
5460.069812661663
 31
0.0
1001
GUJIAN_SOURCE
1000
a05d3dec-23cd-58d4-bb3d-d4b5b0e4ddd2
1000
demo
  0
LINE
  5
1CF
330
3E2
100
AcDbEntity
  8
A-PROJ
100
AcDbLine
 10
1170.810810810811
 20
8900.0
 30
0.0
 11
2406.666666666666
 21
5460.250151388867
 31
0.0
1001
GUJIAN_SOURCE
1000
a05d3dec-23cd-58d4-bb3d-d4b5b0e4ddd2
1000
demo
  0
LINE
  5
1D0
330
3E2
100
AcDbEntity
  8
A-PROJ
100
AcDbLine
 10
1365.945945945946
 20
8900.0
 30
0.0
 11
2807.777777777778
 21
5460.735919728945
 31
0.0
1001
GUJIAN_SOURCE
1000
a05d3dec-23cd-58d4-bb3d-d4b5b0e4ddd2
1000
demo
  0
LINE
  5
1D1
330
3E2
100
AcDbEntity
  8
A-PROJ
100
AcDbLine
 10
1561.081081081081
 20
8900.0
 30
0.0
 11
3208.888888888889
 21
5461.874019366805
 31
0.0
1001
GUJIAN_SOURCE
1000
a05d3dec-23cd-58d4-bb3d-d4b5b0e4ddd2
1000
demo
  0
LINE
  5
1D2
330
3E2
100
AcDbEntity
  8
A-PROJ
100
AcDbLine
 10
1756.216216216216
 20
8900.0
 30
0.0
 11
3610.0
 21
5464.274070995728
 31
0.0
1001
GUJIAN_SOURCE
1000
a05d3dec-23cd-58d4-bb3d-d4b5b0e4ddd2
1000
demo
  0
LINE
  5
1D3
330
3E2
100
AcDbEntity
  8
A-PROJ
100
AcDbLine
 10
1951.351351351351
 20
8900.0
 30
0.0
 11
4011.11111111111
 21
5468.936020692853
 31
0.0
1001
GUJIAN_SOURCE
1000
a05d3dec-23cd-58d4-bb3d-d4b5b0e4ddd2
1000
demo
  0
LINE
  5
1D4
330
3E2
100
AcDbEntity
  8
A-PROJ
100
AcDbLine
 10
2146.486486486486
 20
8900.0
 30
0.0
 11
4412.222222222221
 21
5477.413776330117
 31
0.0
1001
GUJIAN_SOURCE
1000
a05d3dec-23cd-58d4-bb3d-d4b5b0e4ddd2
1000
demo
  0
LINE
  5
1D5
330
3E2
100
AcDbEntity
  8
A-PROJ
100
AcDbLine
 10
2341.621621621621
 20
8900.0
 30
0.0
 11
4813.333333333332
 21
5492.019377775034
 31
0.0
1001
GUJIAN_SOURCE
1000
a05d3dec-23cd-58d4-bb3d-d4b5b0e4ddd2
1000
demo
  0
LINE
  5
1D6
330
3E2
100
AcDbEntity
  8
A-PROJ
100
AcDbLine
 10
2536.756756756756
 20
8900.0
 30
0.0
 11
5214.444444444443
 21
5516.072204635784
 31
0.0
1001
GUJIAN_SOURCE
1000
a05d3dec-23cd-58d4-bb3d-d4b5b0e4ddd2
1000
demo
  0
LINE
  5
1D7
330
3E2
100
AcDbEntity
  8
A-PROJ
100
AcDbLine
 10
2731.891891891891
 20
8900.0
 30
0.0
 11
5615.555555555555
 21
5554.197725305015
 31
0.0
1001
GUJIAN_SOURCE
1000
a05d3dec-23cd-58d4-bb3d-d4b5b0e4ddd2
1000
demo
  0
LINE
  5
1D8
330
3E2
100
AcDbEntity
  8
A-PROJ
100
AcDbLine
 10
2927.027027027027
 20
8900.0
 30
0.0
 11
6016.666666666666
 21
5612.680291056795
 31
0.0
1001
GUJIAN_SOURCE
1000
a05d3dec-23cd-58d4-bb3d-d4b5b0e4ddd2
1000
demo
  0
LINE
  5
1D9
330
3E2
100
AcDbEntity
  8
A-PROJ
100
AcDbLine
 10
3122.162162162162
 20
8900.0
 30
0.0
 11
6417.777777777777
 21
5699.874478951146
 31
0.0
1001
GUJIAN_SOURCE
1000
a05d3dec-23cd-58d4-bb3d-d4b5b0e4ddd2
1000
demo
  0
LINE
  5
1DA
330
3E2
100
AcDbEntity
  8
A-PROJ
100
AcDbLine
 10
3317.297297297298
 20
8900.0
 30
0.0
 11
6818.888888888889
 21
5826.679487300588
 31
0.0
1001
GUJIAN_SOURCE
1000
a05d3dec-23cd-58d4-bb3d-d4b5b0e4ddd2
1000
demo
  0
LINE
  5
1DB
330
3E2
100
AcDbEntity
  8
A-PROJ
100
AcDbLine
 10
3512.432432432433
 20
8900.0
 30
0.0
 11
7220.0
 21
6007.081087453119
 31
0.0
1001
GUJIAN_SOURCE
1000
a05d3dec-23cd-58d4-bb3d-d4b5b0e4ddd2
1000
demo
  0
CIRCLE
  5
1DC
330
3E2
100
AcDbEntity
  8
A-ROOF
100
AcDbCircle
 10
-7220.0
 20
5907.081087453119
 30
0.0
 40
55.0
1001
GUJIAN_SOURCE
1000
a05d3dec-23cd-58d4-bb3d-d4b5b0e4ddd2
1000
demo
  0
CIRCLE
  5
1DD
330
3E2
100
AcDbEntity
  8
A-ROOF
100
AcDbCircle
 10
-6859.0
 20
5742.047127356039
 30
0.0
 40
55.0
1001
GUJIAN_SOURCE
1000
a05d3dec-23cd-58d4-bb3d-d4b5b0e4ddd2
1000
demo
  0
CIRCLE
  5
1DE
330
3E2
100
AcDbEntity
  8
A-ROOF
100
AcDbCircle
 10
-6498.0
 20
5621.667188177456
 30
0.0
 40
55.0
1001
GUJIAN_SOURCE
1000
a05d3dec-23cd-58d4-bb3d-d4b5b0e4ddd2
1000
demo
  0
CIRCLE
  5
1DF
330
3E2
100
AcDbEntity
  8
A-ROOF
100
AcDbCircle
 10
-6137.0
 20
5535.381662069461
 30
0.0
 40
55.0
1001
GUJIAN_SOURCE
1000
a05d3dec-23cd-58d4-bb3d-d4b5b0e4ddd2
1000
demo
  0
CIRCLE
  5
1E0
330
3E2
100
AcDbEntity
  8
A-ROOF
100
AcDbCircle
 10
-5776.0
 20
5474.731219671448
 30
0.0
 40
55.0
1001
GUJIAN_SOURCE
1000
a05d3dec-23cd-58d4-bb3d-d4b5b0e4ddd2
1000
demo
  0
CIRCLE
  5
1E1
330
3E2
100
AcDbEntity
  8
A-ROOF
100
AcDbCircle
 10
-5415.0
 20
5433.026509903562
 30
0.0
 40
55.0
1001
GUJIAN_SOURCE
1000
a05d3dec-23cd-58d4-bb3d-d4b5b0e4ddd2
1000
demo
  0
CIRCLE
  5
1E2
330
3E2
100
AcDbEntity
  8
A-ROOF
100
AcDbCircle
 10
-5054.0
 20
5405.05448000044
 30
0.0
 40
55.0
1001
GUJIAN_SOURCE
1000
a05d3dec-23cd-58d4-bb3d-d4b5b0e4ddd2
1000
demo
  0
CIRCLE
  5
1E3
330
3E2
100
AcDbEntity
  8
A-ROOF
100
AcDbCircle
 10
-4693.0
 20
5386.819161653461
 30
0.0
 40
55.0
1001
GUJIAN_SOURCE
1000
a05d3dec-23cd-58d4-bb3d-d4b5b0e4ddd2
1000
demo
  0
CIRCLE
  5
1E4
330
3E2
100
AcDbEntity
  8
A-ROOF
100
AcDbCircle
 10
-4332.0
 20
5375.314769129727
 30
0.0
 40
55.0
1001
GUJIAN_SOURCE
1000
a05d3dec-23cd-58d4-bb3d-d4b5b0e4ddd2
1000
demo
  0
CIRCLE
  5
1E5
330
3E2
100
AcDbEntity
  8
A-ROOF
100
AcDbCircle
 10
-3971.0
 20
5368.328955235988
 30
0.0
 40
55.0
1001
GUJIAN_SOURCE
1000
a05d3dec-23cd-58d4-bb3d-d4b5b0e4ddd2
1000
demo
  0
CIRCLE
  5
1E6
330
3E2
100
AcDbEntity
  8
A-ROOF
100
AcDbCircle
 10
-3610.0
 20
5364.274070995728
 30
0.0
 40
55.0
1001
GUJIAN_SOURCE
1000
a05d3dec-23cd-58d4-bb3d-d4b5b0e4ddd2
1000
demo
  0
CIRCLE
  5
1E7
330
3E2
100
AcDbEntity
  8
A-ROOF
100
AcDbCircle
 10
-3249.0
 20
5362.044274907636
 30
0.0
 40
55.0
1001
GUJIAN_SOURCE
1000
a05d3dec-23cd-58d4-bb3d-d4b5b0e4ddd2
1000
demo
  0
CIRCLE
  5
1E8
330
3E2
100
AcDbEntity
  8
A-ROOF
100
AcDbCircle
 10
-2888.0
 20
5360.896337653683
 30
0.0
 40
55.0
1001
GUJIAN_SOURCE
1000
a05d3dec-23cd-58d4-bb3d-d4b5b0e4ddd2
1000
demo
  0
CIRCLE
  5
1E9
330
3E2
100
AcDbEntity
  8
A-ROOF
100
AcDbCircle
 10
-2527.0
 20
5360.351988125003
 30
0.0
 40
55.0
1001
GUJIAN_SOURCE
1000
a05d3dec-23cd-58d4-bb3d-d4b5b0e4ddd2
1000
demo
  0
CIRCLE
  5
1EA
330
3E2
100
AcDbEntity
  8
A-ROOF
100
AcDbCircle
 10
-2166.0
 20
5360.119646633826
 30
0.0
 40
55.0
1001
GUJIAN_SOURCE
1000
a05d3dec-23cd-58d4-bb3d-d4b5b0e4ddd2
1000
demo
  0
CIRCLE
  5
1EB
330
3E2
100
AcDbEntity
  8
A-ROOF
100
AcDbCircle
 10
-1805.0
 20
5360.033391179654
 30
0.0
 40
55.0
1001
GUJIAN_SOURCE
1000
a05d3dec-23cd-58d4-bb3d-d4b5b0e4ddd2
1000
demo
  0
CIRCLE
  5
1EC
330
3E2
100
AcDbEntity
  8
A-ROOF
100
AcDbCircle
 10
-1444.0
 20
5360.007002637919
 30
0.0
 40
55.0
1001
GUJIAN_SOURCE
1000
a05d3dec-23cd-58d4-bb3d-d4b5b0e4ddd2
1000
demo
  0
CIRCLE
  5
1ED
330
3E2
100
AcDbEntity
  8
A-ROOF
100
AcDbCircle
 10
-1083.0
 20
5360.000934739327
 30
0.0
 40
55.0
1001
GUJIAN_SOURCE
1000
a05d3dec-23cd-58d4-bb3d-d4b5b0e4ddd2
1000
demo
  0
CIRCLE
  5
1EE
330
3E2
100
AcDbEntity
  8
A-ROOF
100
AcDbCircle
 10
-722.0
 20
5360.000054708109
 30
0.0
 40
55.0
1001
GUJIAN_SOURCE
1000
a05d3dec-23cd-58d4-bb3d-d4b5b0e4ddd2
1000
demo
  0
CIRCLE
  5
1EF
330
3E2
100
AcDbEntity
  8
A-ROOF
100
AcDbCircle
 10
-361.0
 20
5360.000000427407
 30
0.0
 40
55.0
1001
GUJIAN_SOURCE
1000
a05d3dec-23cd-58d4-bb3d-d4b5b0e4ddd2
1000
demo
  0
CIRCLE
  5
1F0
330
3E2
100
AcDbEntity
  8
A-ROOF
100
AcDbCircle
 10
0.0
 20
5360.0
 30
0.0
 40
55.0
1001
GUJIAN_SOURCE
1000
a05d3dec-23cd-58d4-bb3d-d4b5b0e4ddd2
1000
demo
  0
CIRCLE
  5
1F1
330
3E2
100
AcDbEntity
  8
A-ROOF
100
AcDbCircle
 10
361.0
 20
5360.000000427407
 30
0.0
 40
55.0
1001
GUJIAN_SOURCE
1000
a05d3dec-23cd-58d4-bb3d-d4b5b0e4ddd2
1000
demo
  0
CIRCLE
  5
1F2
330
3E2
100
AcDbEntity
  8
A-ROOF
100
AcDbCircle
 10
722.0
 20
5360.000054708109
 30
0.0
 40
55.0
1001
GUJIAN_SOURCE
1000
a05d3dec-23cd-58d4-bb3d-d4b5b0e4ddd2
1000
demo
  0
CIRCLE
  5
1F3
330
3E2
100
AcDbEntity
  8
A-ROOF
100
AcDbCircle
 10
1083.0
 20
5360.000934739327
 30
0.0
 40
55.0
1001
GUJIAN_SOURCE
1000
a05d3dec-23cd-58d4-bb3d-d4b5b0e4ddd2
1000
demo
  0
CIRCLE
  5
1F4
330
3E2
100
AcDbEntity
  8
A-ROOF
100
AcDbCircle
 10
1444.0
 20
5360.007002637919
 30
0.0
 40
55.0
1001
GUJIAN_SOURCE
1000
a05d3dec-23cd-58d4-bb3d-d4b5b0e4ddd2
1000
demo
  0
CIRCLE
  5
1F5
330
3E2
100
AcDbEntity
  8
A-ROOF
100
AcDbCircle
 10
1805.0
 20
5360.033391179654
 30
0.0
 40
55.0
1001
GUJIAN_SOURCE
1000
a05d3dec-23cd-58d4-bb3d-d4b5b0e4ddd2
1000
demo
  0
CIRCLE
  5
1F6
330
3E2
100
AcDbEntity
  8
A-ROOF
100
AcDbCircle
 10
2166.0
 20
5360.119646633826
 30
0.0
 40
55.0
1001
GUJIAN_SOURCE
1000
a05d3dec-23cd-58d4-bb3d-d4b5b0e4ddd2
1000
demo
  0
CIRCLE
  5
1F7
330
3E2
100
AcDbEntity
  8
A-ROOF
100
AcDbCircle
 10
2527.0
 20
5360.351988125003
 30
0.0
 40
55.0
1001
GUJIAN_SOURCE
1000
a05d3dec-23cd-58d4-bb3d-d4b5b0e4ddd2
1000
demo
  0
CIRCLE
  5
1F8
330
3E2
100
AcDbEntity
  8
A-ROOF
100
AcDbCircle
 10
2888.0
 20
5360.896337653683
 30
0.0
 40
55.0
1001
GUJIAN_SOURCE
1000
a05d3dec-23cd-58d4-bb3d-d4b5b0e4ddd2
1000
demo
  0
CIRCLE
  5
1F9
330
3E2
100
AcDbEntity
  8
A-ROOF
100
AcDbCircle
 10
3249.0
 20
5362.044274907636
 30
0.0
 40
55.0
1001
GUJIAN_SOURCE
1000
a05d3dec-23cd-58d4-bb3d-d4b5b0e4ddd2
1000
demo
  0
CIRCLE
  5
1FA
330
3E2
100
AcDbEntity
  8
A-ROOF
100
AcDbCircle
 10
3610.0
 20
5364.274070995728
 30
0.0
 40
55.0
1001
GUJIAN_SOURCE
1000
a05d3dec-23cd-58d4-bb3d-d4b5b0e4ddd2
1000
demo
  0
CIRCLE
  5
1FB
330
3E2
100
AcDbEntity
  8
A-ROOF
100
AcDbCircle
 10
3971.0
 20
5368.328955235988
 30
0.0
 40
55.0
1001
GUJIAN_SOURCE
1000
a05d3dec-23cd-58d4-bb3d-d4b5b0e4ddd2
1000
demo
  0
CIRCLE
  5
1FC
330
3E2
100
AcDbEntity
  8
A-ROOF
100
AcDbCircle
 10
4332.0
 20
5375.314769129727
 30
0.0
 40
55.0
1001
GUJIAN_SOURCE
1000
a05d3dec-23cd-58d4-bb3d-d4b5b0e4ddd2
1000
demo
  0
CIRCLE
  5
1FD
330
3E2
100
AcDbEntity
  8
A-ROOF
100
AcDbCircle
 10
4693.0
 20
5386.819161653461
 30
0.0
 40
55.0
1001
GUJIAN_SOURCE
1000
a05d3dec-23cd-58d4-bb3d-d4b5b0e4ddd2
1000
demo
  0
CIRCLE
  5
1FE
330
3E2
100
AcDbEntity
  8
A-ROOF
100
AcDbCircle
 10
5054.0
 20
5405.05448000044
 30
0.0
 40
55.0
1001
GUJIAN_SOURCE
1000
a05d3dec-23cd-58d4-bb3d-d4b5b0e4ddd2
1000
demo
  0
CIRCLE
  5
1FF
330
3E2
100
AcDbEntity
  8
A-ROOF
100
AcDbCircle
 10
5415.0
 20
5433.026509903562
 30
0.0
 40
55.0
1001
GUJIAN_SOURCE
1000
a05d3dec-23cd-58d4-bb3d-d4b5b0e4ddd2
1000
demo
  0
CIRCLE
  5
200
330
3E2
100
AcDbEntity
  8
A-ROOF
100
AcDbCircle
 10
5776.0
 20
5474.731219671448
 30
0.0
 40
55.0
1001
GUJIAN_SOURCE
1000
a05d3dec-23cd-58d4-bb3d-d4b5b0e4ddd2
1000
demo
  0
CIRCLE
  5
201
330
3E2
100
AcDbEntity
  8
A-ROOF
100
AcDbCircle
 10
6137.0
 20
5535.381662069461
 30
0.0
 40
55.0
1001
GUJIAN_SOURCE
1000
a05d3dec-23cd-58d4-bb3d-d4b5b0e4ddd2
1000
demo
  0
CIRCLE
  5
202
330
3E2
100
AcDbEntity
  8
A-ROOF
100
AcDbCircle
 10
6498.0
 20
5621.667188177456
 30
0.0
 40
55.0
1001
GUJIAN_SOURCE
1000
a05d3dec-23cd-58d4-bb3d-d4b5b0e4ddd2
1000
demo
  0
CIRCLE
  5
203
330
3E2
100
AcDbEntity
  8
A-ROOF
100
AcDbCircle
 10
6859.0
 20
5742.047127356039
 30
0.0
 40
55.0
1001
GUJIAN_SOURCE
1000
a05d3dec-23cd-58d4-bb3d-d4b5b0e4ddd2
1000
demo
  0
CIRCLE
  5
204
330
3E2
100
AcDbEntity
  8
A-ROOF
100
AcDbCircle
 10
7220.0
 20
5907.081087453119
 30
0.0
 40
55.0
1001
GUJIAN_SOURCE
1000
a05d3dec-23cd-58d4-bb3d-d4b5b0e4ddd2
1000
demo
  0
CIRCLE
  5
205
330
3E2
100
AcDbEntity
  8
A-ROOF
100
AcDbCircle
 10
-3600.0
 20
9080.0
 30
0.0
 40
180.0
  0
LWPOLYLINE
  5
206
330
3E2
100
AcDbEntity
  8
A-ROOF
100
AcDbPolyline
 90
        3
 70
     0
 43
0.0
 10
-3600.0
 20
9260.0
 10
-3820.0
 20
9520.0
 10
-4020.0
 20
9300.0
  0
CIRCLE
  5
207
330
3E2
100
AcDbEntity
  8
A-ROOF
100
AcDbCircle
 10
3600.0
 20
9080.0
 30
0.0
 40
180.0
  0
LWPOLYLINE
  5
208
330
3E2
100
AcDbEntity
  8
A-ROOF
100
AcDbPolyline
 90
        3
 70
     0
 43
0.0
 10
3600.0
 20
9260.0
 10
3820.0
 20
9520.0
 10
4020.0
 20
9300.0
  0
LINE
  5
209
330
3E2
100
AcDbEntity
  8
A-DIM
100
AcDbLine
 10
7000.0
 20
0.0
 30
0.0
 11
7600.0
 21
0.0
 31
0.0
  0
MTEXT
  5
20A
330
3E2
100
AcDbEntity
  8
A-TEXT
100
AcDbMText
 10
7040.0
 20
100.0
 30
0.0
 40
180.0
 41
0.0
 46
0.0
 71
     1
 72
     1
  1
±0.000
  7
textstyle3
 73
     1
 44
1.0
  0
LINE
  5
20B
330
3E2
100
AcDbEntity
  8
A-DIM
100
AcDbLine
 10
7000.0
 20
900.0
 30
0.0
 11
7600.0
 21
900.0
 31
0.0
  0
MTEXT
  5
20C
330
3E2
100
AcDbEntity
  8
A-TEXT
100
AcDbMText
 10
7040.0
 20
1000.0
 30
0.0
 40
180.0
 41
0.0
 46
0.0
 71
     1
 72
     1
  1
+0.900
  7
textstyle3
 73
     1
 44
1.0
  0
LINE
  5
20D
330
3E2
100
AcDbEntity
  8
A-DIM
100
AcDbLine
 10
7000.0
 20
5100.0
 30
0.0
 11
7600.0
 21
5100.0
 31
0.0
  0
MTEXT
  5
20E
330
3E2
100
AcDbEntity
  8
A-TEXT
100
AcDbMText
 10
7040.0
 20
5200.0
 30
0.0
 40
180.0
 41
0.0
 46
0.0
 71
     1
 72
     1
  1
+5.100
  7
textstyle3
 73
     1
 44
1.0
  0
LINE
  5
20F
330
3E2
100
AcDbEntity
  8
A-DIM
100
AcDbLine
 10
7000.0
 20
5400.0
 30
0.0
 11
7600.0
 21
5400.0
 31
0.0
  0
MTEXT
  5
210
330
3E2
100
AcDbEntity
  8
A-TEXT
100
AcDbMText
 10
7040.0
 20
5500.0
 30
0.0
 40
180.0
 41
0.0
 46
0.0
 71
     1
 72
     1
  1
+5.400
  7
textstyle3
 73
     1
 44
1.0
  0
LINE
  5
211
330
3E2
100
AcDbEntity
  8
A-DIM
100
AcDbLine
 10
7000.0
 20
9000.0
 30
0.0
 11
7600.0
 21
9000.0
 31
0.0
  0
MTEXT
  5
212
330
3E2
100
AcDbEntity
  8
A-TEXT
100
AcDbMText
 10
7040.0
 20
9100.0
 30
0.0
 40
180.0
 41
0.0
 46
0.0
 71
     1
 72
     1
  1
+9.000
  7
textstyle3
 73
     1
 44
1.0
  0
DIMENSION
  5
213
330
3E2
100
AcDbEntity
  8
A-DIM
100
AcDbDimension
280
     0
 10
-6000.0
 20
-1500.0
 30
0.0
 11
-4200.0
 21
-1498.125
 31
0.0
 70
    32
  1
3600
 71
     5
 42
-1.0
 73
     0
 74
     0
 75
     0
  3
QCADDimStyle
100
AcDbAlignedDimension
 13
-6000.0
 23
0.0
 33
0.0
 14
-2400.0
 24
0.0
 34
0.0
100
AcDbRotatedDimension
1001
ACAD
1000
DSTYLE
1002
{
1070
   171
1070
     3
1070
   143
1040
0.03937007874
1070
   274
1070
     3
1070
   141
1040
2.5
1070
   272
1070
     2
1070
   172
1070
     1
1070
    74
1070
     0
1070
   283
1070
     0
1070
   284
1070
     8
1002
}
  0
DIMENSION
  5
227
330
3E2
100
AcDbEntity
  8
A-DIM
100
AcDbDimension
280
     0
 10
-2400.0
 20
-1500.0
 30
0.0
 11
0.0000000000000001
 21
-1498.125
 31
0.0
 70
    32
  1
4800
 71
     5
 42
-1.0
 73
     0
 74
     0
 75
     0
  3
QCADDimStyle
100
AcDbAlignedDimension
 13
-2400.0
 23
0.0
 33
0.0
 14
2400.0
 24
0.0
 34
0.0
100
AcDbRotatedDimension
1001
ACAD
1000
DSTYLE
1002
{
1070
   171
1070
     3
1070
   143
1040
0.03937007874
1070
   274
1070
     3
1070
   141
1040
2.5
1070
   272
1070
     2
1070
   172
1070
     1
1070
    74
1070
     0
1070
   283
1070
     0
1070
   284
1070
     8
1002
}
  0
DIMENSION
  5
237
330
3E2
100
AcDbEntity
  8
A-DIM
100
AcDbDimension
280
     0
 10
2400.0
 20
-1500.0
 30
0.0
 11
4200.0
 21
-1498.125
 31
0.0
 70
    32
  1
3600
 71
     5
 42
-1.0
 73
     0
 74
     0
 75
     0
  3
QCADDimStyle
100
AcDbAlignedDimension
 13
2400.0
 23
0.0
 33
0.0
 14
6000.0
 24
0.0
 34
0.0
100
AcDbRotatedDimension
1001
ACAD
1000
DSTYLE
1002
{
1070
   171
1070
     3
1070
   143
1040
0.03937007874
1070
   274
1070
     3
1070
   141
1040
2.5
1070
   272
1070
     2
1070
   172
1070
     1
1070
    74
1070
     0
1070
   283
1070
     0
1070
   284
1070
     8
1002
}
  0
DIMENSION
  5
247
330
3E2
100
AcDbEntity
  8
A-DIM
100
AcDbDimension
280
     0
 10
-6000.0
 20
-2200.0
 30
0.0
 11
0.0000000000000001
 21
-2198.125
 31
0.0
 70
    32
  1
12000
 71
     5
 42
-1.0
 73
     0
 74
     0
 75
     0
  3
QCADDimStyle
100
AcDbAlignedDimension
 13
-6000.0
 23
0.0
 33
0.0
 14
6000.0
 24
0.0
 34
0.0
100
AcDbRotatedDimension
1001
ACAD
1000
DSTYLE
1002
{
1070
   171
1070
     3
1070
   143
1040
0.03937007874
1070
   274
1070
     3
1070
   141
1040
2.5
1070
   272
1070
     2
1070
   172
1070
     1
1070
    74
1070
     0
1070
   283
1070
     0
1070
   284
1070
     8
1002
}
  0
DIMENSION
  5
257
330
3E2
100
AcDbEntity
  8
A-DIM
100
AcDbDimension
280
     0
 10
7700.0
 20
0.0
 30
0.0
 11
7698.125
 21
4500.0
 31
0.0
 70
    32
  1
9000
 71
     5
 42
-1.0
 73
     0
 74
     0
 75
     0
  3
QCADDimStyle
100
AcDbAlignedDimension
 13
6000.0
 23
0.0
 33
0.0
 14
6000.0
 24
9000.0
 34
0.0
 50
90.0
100
AcDbRotatedDimension
1001
ACAD
1000
DSTYLE
1002
{
1070
   171
1070
     3
1070
   143
1040
0.03937007874
1070
   274
1070
     3
1070
   141
1040
2.5
1070
   272
1070
     2
1070
   172
1070
     1
1070
    74
1070
     0
1070
   283
1070
     0
1070
   284
1070
     8
1002
}
  0
DIMENSION
  5
267
330
3E2
100
AcDbEntity
  8
A-DIM
100
AcDbDimension
280
     0
 10
-7400.0
 20
-2900.0
 30
0.0
 11
0.0000000000000001
 21
-2898.125
 31
0.0
 70
    32
  1
14800
 71
     5
 42
-1.0
 73
     0
 74
     0
 75
     0
  3
QCADDimStyle
100
AcDbAlignedDimension
 13
-7400.0
 23
5400.0
 33
0.0
 14
7400.0
 24
5400.0
 34
0.0
100
AcDbRotatedDimension
1001
ACAD
1000
DSTYLE
1002
{
1070
   171
1070
     3
1070
   143
1040
0.03937007874
1070
   274
1070
     3
1070
   141
1040
2.5
1070
   272
1070
     2
1070
   172
1070
     1
1070
    74
1070
     0
1070
   283
1070
     0
1070
   284
1070
     8
1002
}
  0
MTEXT
  5
277
330
3E2
100
AcDbEntity
  8
A-TEXT
100
AcDbMText
 10
-7500.0
 20
10100.0
 30
0.0
 40
220.0
 41
0.0
 46
0.0
 71
     1
 72
     1
  1
南立面：瓦作、木构、门窗、台基与病害索引
  7
textstyle3
 73
     1
 44
1.0
  0
CIRCLE
  5
278
330
3E2
100
AcDbEntity
  8
A-DAMAGE
100
AcDbCircle
 10
-2400.0
 20
1100.0
 30
0.0
 40
180.0
1001
GUJIAN_SOURCE
1000
b1ba592b-2437-588b-b23c-0ca9ee831e3b
1000
demo
  0
LINE
  5
279
330
3E2
100
AcDbEntity
  8
A-DAMAGE
100
AcDbLine
 10
-2220.0
 20
1200.0
 30
0.0
 11
2500.0
 21
2500.0
 31
0.0
1001
GUJIAN_SOURCE
1000
b1ba592b-2437-588b-b23c-0ca9ee831e3b
1000
demo
  0
MTEXT
  5
27A
330
3E2
100
AcDbEntity
  8
A-DAMAGE
100
AcDbMText
 10
2600.0
 20
2500.0
 30
0.0
 40
180.0
 41
0.0
 46
0.0
 71
     1
 72
     1
  1
D-COL-01 柱脚表面劣化（DEMO）
  7
textstyle3
 73
     1
 44
1.0
1001
GUJIAN_SOURCE
1000
b1ba592b-2437-588b-b23c-0ca9ee831e3b
1000
demo
  0
LINE
  5
27B
330
3E2
100
AcDbEntity
  8
A-OUTLINE
100
AcDbLine
 10
15500.0
 20
0.0
 30
0.0
 11
28500.0
 21
0.0
 31
0.0
  0
LWPOLYLINE
  5
27C
330
3E2
100
AcDbEntity
  8
A-CUT
100
AcDbPolyline
 90
        4
 70
     1
 43
0.0
 10
16800.0
 20
0.0
 10
27200.0
 20
0.0
 10
27200.0
 20
900.0
 10
16800.0
 20
900.0
  0
HATCH
  5
27D
330
3E2
100
AcDbEntity
  8
A-HATCH
 62
     9
440
 33554687
100
AcDbHatch
 10
0.0
 20
0.0
 30
0.0
210
0.0
220
0.0
230
1.0
  2
SOLID
 70
     1
 71
     0
 91
        1
 92
        0
 93
        4
 72
     1
 10
16800.0
 20
-1200.0
 11
27200.0
 21
-1200.0
 72
     1
 10
27200.0
 20
-1200.0
 11
27200.0
 21
0.0
 72
     1
 10
27200.0
 20
0.0
 11
16800.0
 21
0.0
 72
     1
 10
16800.0
 20
0.0
 11
16800.0
 21
-1200.0
 97
        0
 75
     0
 76
     1
 98
        0
  0
LINE
  5
27E
330
3E2
100
AcDbEntity
  8
A-PROJ
100
AcDbLine
 10
16800.0
 20
-900.0
 30
0.0
 11
27200.0
 21
-900.0
 31
0.0
  0
LINE
  5
27F
330
3E2
100
AcDbEntity
  8
A-PROJ
100
AcDbLine
 10
16800.0
 20
-600.0
 30
0.0
 11
27200.0
 21
-600.0
 31
0.0
  0
LINE
  5
280
330
3E2
100
AcDbEntity
  8
A-PROJ
100
AcDbLine
 10
16800.0
 20
-300.0
 30
0.0
 11
27200.0
 21
-300.0
 31
0.0
  0
LINE
  5
281
330
3E2
100
AcDbEntity
  8
A-PROJ
100
AcDbLine
 10
16800.0
 20
300.0
 30
0.0
 11
27200.0
 21
300.0
 31
0.0
  0
LINE
  5
282
330
3E2
100
AcDbEntity
  8
A-PROJ
100
AcDbLine
 10
16800.0
 20
600.0
 30
0.0
 11
27200.0
 21
600.0
 31
0.0
  0
LWPOLYLINE
  5
283
330
3E2
100
AcDbEntity
  8
A-CUT
100
AcDbPolyline
 90
        4
 70
     1
 43
0.0
 10
17590.0
 20
900.0
 10
18010.0
 20
900.0
 10
18010.0
 20
5100.0
 10
17590.0
 20
5100.0
  0
HATCH
  5
284
330
3E2
100
AcDbEntity
  8
A-HATCH
 62
     9
440
 33554687
100
AcDbHatch
 10
0.0
 20
0.0
 30
0.0
210
0.0
220
0.0
230
1.0
  2
SOLID
 70
     1
 71
     0
 91
        1
 92
        0
 93
        4
 72
     1
 10
17250.0
 20
-1200.0
 11
18350.0
 21
-1200.0
 72
     1
 10
18350.0
 20
-1200.0
 11
18350.0
 21
0.0
 72
     1
 10
18350.0
 20
0.0
 11
17250.0
 21
0.0
 72
     1
 10
17250.0
 20
0.0
 11
17250.0
 21
-1200.0
 97
        0
 75
     0
 76
     1
 98
        0
  0
INSERT
  5
285
330
3E2
100
AcDbEntity
  8
A-TIMBER
100
AcDbBlockReference
  2
BRACKET
 10
17800.0
 20
5100.0
 30
0.0
  0
LWPOLYLINE
  5
287
330
3E2
100
AcDbEntity
  8
A-CUT
100
AcDbPolyline
 90
        4
 70
     1
 43
0.0
 10
25990.0
 20
900.0
 10
26410.0
 20
900.0
 10
26410.0
 20
5100.0
 10
25990.0
 20
5100.0
  0
HATCH
  5
288
330
3E2
100
AcDbEntity
  8
A-HATCH
 62
     9
440
 33554687
100
AcDbHatch
 10
0.0
 20
0.0
 30
0.0
210
0.0
220
0.0
230
1.0
  2
SOLID
 70
     1
 71
     0
 91
        1
 92
        0
 93
        4
 72
     1
 10
25650.0
 20
-1200.0
 11
26750.0
 21
-1200.0
 72
     1
 10
26750.0
 20
-1200.0
 11
26750.0
 21
0.0
 72
     1
 10
26750.0
 20
0.0
 11
25650.0
 21
0.0
 72
     1
 10
25650.0
 20
0.0
 11
25650.0
 21
-1200.0
 97
        0
 75
     0
 76
     1
 98
        0
  0
INSERT
  5
289
330
3E2
100
AcDbEntity
  8
A-TIMBER
100
AcDbBlockReference
  2
BRACKET
 10
26200.0
 20
5100.0
 30
0.0
  0
LWPOLYLINE
  5
28B
330
3E2
100
AcDbEntity
  8
A-CUT
100
AcDbPolyline
 90
        4
 70
     1
 43
0.0
 10
17800.0
 20
4580.0
 10
26200.0
 20
4580.0
 10
26200.0
 20
5100.0
 10
17800.0
 20
5100.0
  0
LWPOLYLINE
  5
28C
330
3E2
100
AcDbEntity
  8
A-OUTLINE
100
AcDbPolyline
 90
       61
 70
     0
 43
0.0
 10
16400.0
 20
5400.0
 10
16586.66666666667
 20
5584.286370274133
 10
16773.33333333333
 20
5765.11009583771
 10
16960.0
 20
5942.416047194943
 10
17146.66666666667
 20
6116.146162041125
 10
17333.33333333333
 20
6286.239171515967
 10
17520.0
 20
6452.630289038912
 10
17706.66666666667
 20
6615.25085485468
 10
17893.33333333333
 20
6774.027927804551
 10
18080.0
 20
6928.883813757851
 10
18266.66666666667
 20
7079.735517424197
 10
18453.33333333333
 20
7226.494100686885
 10
18640.0
 20
7369.0639258152
 10
18826.66666666667
 20
7507.341755435838
 10
19013.33333333333
 20
7641.215672236676
 10
19200.0
 20
7770.563768921043
 10
19386.66666666667
 20
7895.252541186486
 10
19573.33333333333
 20
8015.134890688127
 10
19760.0
 20
8130.047606497586
 10
19946.66666666667
 20
8239.808134742503
 10
20133.33333333333
 20
8344.21035329645
 10
20320.0
 20
8443.018916617646
 10
20506.66666666667
 20
8535.961477007084
 10
20693.33333333333
 20
8622.717624428406
 10
20880.0
 20
8702.902502253966
 10
21066.66666666667
 20
8776.041235660052
 10
21253.33333333333
 20
8841.526174226707
 10
21440.0
 20
8898.53821447448
 10
21626.66666666667
 20
8945.87959358795
 10
21813.33333333333
 20
8981.517336532308
 10
22000.0
 20
9000.0
 10
22186.66666666667
 20
8981.517336532308
 10
22373.33333333333
 20
8945.87959358795
 10
22560.0
 20
8898.53821447448
 10
22746.66666666667
 20
8841.526174226707
 10
22933.33333333333
 20
8776.041235660052
 10
23120.0
 20
8702.902502253966
 10
23306.66666666667
 20
8622.717624428406
 10
23493.33333333333
 20
8535.961477007086
 10
23680.0
 20
8443.018916617646
 10
23866.66666666667
 20
8344.21035329645
 10
24053.33333333333
 20
8239.808134742503
 10
24240.0
 20
8130.047606497586
 10
24426.66666666667
 20
8015.134890688128
 10
24613.33333333333
 20
7895.252541186486
 10
24800.0
 20
7770.563768921043
 10
24986.66666666667
 20
7641.215672236676
 10
25173.33333333333
 20
7507.341755435838
 10
25360.0
 20
7369.0639258152
 10
25546.66666666667
 20
7226.494100686887
 10
25733.33333333333
 20
7079.735517424197
 10
25920.0
 20
6928.883813757851
 10
26106.66666666667
 20
6774.027927804552
 10
26293.33333333333
 20
6615.250854854681
 10
26480.0
 20
6452.630289038912
 10
26666.66666666667
 20
6286.239171515967
 10
26853.33333333333
 20
6116.146162041125
 10
27040.0
 20
5942.416047194943
 10
27226.66666666667
 20
5765.110095837711
 10
27413.33333333333
 20
5584.286370274133
 10
27600.0
 20
5400.0
  0
LWPOLYLINE
  5
28D
330
3E2
100
AcDbEntity
  8
A-CUT
100
AcDbPolyline
 90
       61
 70
     0
 43
0.0
 10
16400.0
 20
5220.0
 10
16586.66666666667
 20
5404.286370274133
 10
16773.33333333333
 20
5585.11009583771
 10
16960.0
 20
5762.416047194943
 10
17146.66666666667
 20
5936.146162041125
 10
17333.33333333333
 20
6106.239171515967
 10
17520.0
 20
6272.630289038912
 10
17706.66666666667
 20
6435.25085485468
 10
17893.33333333333
 20
6594.027927804551
 10
18080.0
 20
6748.883813757851
 10
18266.66666666667
 20
6899.735517424197
 10
18453.33333333333
 20
7046.494100686885
 10
18640.0
 20
7189.0639258152
 10
18826.66666666667
 20
7327.341755435838
 10
19013.33333333333
 20
7461.215672236676
 10
19200.0
 20
7590.563768921043
 10
19386.66666666667
 20
7715.252541186486
 10
19573.33333333333
 20
7835.134890688127
 10
19760.0
 20
7950.047606497586
 10
19946.66666666667
 20
8059.808134742503
 10
20133.33333333333
 20
8164.21035329645
 10
20320.0
 20
8263.018916617646
 10
20506.66666666667
 20
8355.961477007084
 10
20693.33333333333
 20
8442.717624428406
 10
20880.0
 20
8522.902502253966
 10
21066.66666666667
 20
8596.041235660052
 10
21253.33333333333
 20
8661.526174226707
 10
21440.0
 20
8718.53821447448
 10
21626.66666666667
 20
8765.87959358795
 10
21813.33333333333
 20
8801.517336532308
 10
22000.0
 20
8820.0
 10
22186.66666666667
 20
8801.517336532308
 10
22373.33333333333
 20
8765.87959358795
 10
22560.0
 20
8718.53821447448
 10
22746.66666666667
 20
8661.526174226707
 10
22933.33333333333
 20
8596.041235660052
 10
23120.0
 20
8522.902502253966
 10
23306.66666666667
 20
8442.717624428406
 10
23493.33333333333
 20
8355.961477007086
 10
23680.0
 20
8263.018916617646
 10
23866.66666666667
 20
8164.21035329645
 10
24053.33333333333
 20
8059.808134742503
 10
24240.0
 20
7950.047606497586
 10
24426.66666666667
 20
7835.134890688128
 10
24613.33333333333
 20
7715.252541186486
 10
24800.0
 20
7590.563768921043
 10
24986.66666666667
 20
7461.215672236676
 10
25173.33333333333
 20
7327.341755435838
 10
25360.0
 20
7189.0639258152
 10
25546.66666666667
 20
7046.494100686887
 10
25733.33333333333
 20
6899.735517424197
 10
25920.0
 20
6748.883813757851
 10
26106.66666666667
 20
6594.027927804552
 10
26293.33333333333
 20
6435.250854854681
 10
26480.0
 20
6272.630289038912
 10
26666.66666666667
 20
6106.239171515967
 10
26853.33333333333
 20
5936.146162041125
 10
27040.0
 20
5762.416047194943
 10
27226.66666666667
 20
5585.110095837711
 10
27413.33333333333
 20
5404.286370274133
 10
27600.0
 20
5220.0
  0
LWPOLYLINE
  5
28E
330
3E2
100
AcDbEntity
  8
A-PROJ
100
AcDbPolyline
 90
       61
 70
     0
 43
0.0
 10
16400.0
 20
5455.0
 10
16586.66666666667
 20
5639.286370274133
 10
16773.33333333333
 20
5820.11009583771
 10
16960.0
 20
5997.416047194943
 10
17146.66666666667
 20
6171.146162041125
 10
17333.33333333333
 20
6341.239171515967
 10
17520.0
 20
6507.630289038912
 10
17706.66666666667
 20
6670.25085485468
 10
17893.33333333333
 20
6829.027927804551
 10
18080.0
 20
6983.883813757851
 10
18266.66666666667
 20
7134.735517424197
 10
18453.33333333333
 20
7281.494100686885
 10
18640.0
 20
7424.0639258152
 10
18826.66666666667
 20
7562.341755435838
 10
19013.33333333333
 20
7696.215672236676
 10
19200.0
 20
7825.563768921043
 10
19386.66666666667
 20
7950.252541186486
 10
19573.33333333333
 20
8070.134890688127
 10
19760.0
 20
8185.047606497586
 10
19946.66666666667
 20
8294.808134742503
 10
20133.33333333333
 20
8399.21035329645
 10
20320.0
 20
8498.018916617646
 10
20506.66666666667
 20
8590.961477007084
 10
20693.33333333333
 20
8677.717624428406
 10
20880.0
 20
8757.902502253966
 10
21066.66666666667
 20
8831.041235660052
 10
21253.33333333333
 20
8896.526174226707
 10
21440.0
 20
8953.53821447448
 10
21626.66666666667
 20
9000.87959358795
 10
21813.33333333333
 20
9036.517336532308
 10
22000.0
 20
9055.0
 10
22186.66666666667
 20
9036.517336532308
 10
22373.33333333333
 20
9000.87959358795
 10
22560.0
 20
8953.53821447448
 10
22746.66666666667
 20
8896.526174226707
 10
22933.33333333333
 20
8831.041235660052
 10
23120.0
 20
8757.902502253966
 10
23306.66666666667
 20
8677.717624428406
 10
23493.33333333333
 20
8590.961477007086
 10
23680.0
 20
8498.018916617646
 10
23866.66666666667
 20
8399.21035329645
 10
24053.33333333333
 20
8294.808134742503
 10
24240.0
 20
8185.047606497586
 10
24426.66666666667
 20
8070.134890688128
 10
24613.33333333333
 20
7950.252541186486
 10
24800.0
 20
7825.563768921043
 10
24986.66666666667
 20
7696.215672236676
 10
25173.33333333333
 20
7562.341755435838
 10
25360.0
 20
7424.0639258152
 10
25546.66666666667
 20
7281.494100686887
 10
25733.33333333333
 20
7134.735517424197
 10
25920.0
 20
6983.883813757851
 10
26106.66666666667
 20
6829.027927804552
 10
26293.33333333333
 20
6670.250854854681
 10
26480.0
 20
6507.630289038912
 10
26666.66666666667
 20
6341.239171515967
 10
26853.33333333333
 20
6171.146162041125
 10
27040.0
 20
5997.416047194943
 10
27226.66666666667
 20
5820.110095837711
 10
27413.33333333333
 20
5639.286370274133
 10
27600.0
 20
5455.0
  0
LWPOLYLINE
  5
28F
330
3E2
100
AcDbEntity
  8
A-PROJ
100
AcDbPolyline
 90
       61
 70
     0
 43
0.0
 10
16400.0
 20
5510.0
 10
16586.66666666667
 20
5694.286370274133
 10
16773.33333333333
 20
5875.11009583771
 10
16960.0
 20
6052.416047194943
 10
17146.66666666667
 20
6226.146162041125
 10
17333.33333333333
 20
6396.239171515967
 10
17520.0
 20
6562.630289038912
 10
17706.66666666667
 20
6725.25085485468
 10
17893.33333333333
 20
6884.027927804551
 10
18080.0
 20
7038.883813757851
 10
18266.66666666667
 20
7189.735517424197
 10
18453.33333333333
 20
7336.494100686885
 10
18640.0
 20
7479.0639258152
 10
18826.66666666667
 20
7617.341755435838
 10
19013.33333333333
 20
7751.215672236676
 10
19200.0
 20
7880.563768921043
 10
19386.66666666667
 20
8005.252541186486
 10
19573.33333333333
 20
8125.134890688127
 10
19760.0
 20
8240.047606497586
 10
19946.66666666667
 20
8349.808134742503
 10
20133.33333333333
 20
8454.21035329645
 10
20320.0
 20
8553.018916617646
 10
20506.66666666667
 20
8645.961477007084
 10
20693.33333333333
 20
8732.717624428406
 10
20880.0
 20
8812.902502253966
 10
21066.66666666667
 20
8886.041235660052
 10
21253.33333333333
 20
8951.526174226707
 10
21440.0
 20
9008.53821447448
 10
21626.66666666667
 20
9055.87959358795
 10
21813.33333333333
 20
9091.517336532308
 10
22000.0
 20
9110.0
 10
22186.66666666667
 20
9091.517336532308
 10
22373.33333333333
 20
9055.87959358795
 10
22560.0
 20
9008.53821447448
 10
22746.66666666667
 20
8951.526174226707
 10
22933.33333333333
 20
8886.041235660052
 10
23120.0
 20
8812.902502253966
 10
23306.66666666667
 20
8732.717624428406
 10
23493.33333333333
 20
8645.961477007086
 10
23680.0
 20
8553.018916617646
 10
23866.66666666667
 20
8454.21035329645
 10
24053.33333333333
 20
8349.808134742503
 10
24240.0
 20
8240.047606497586
 10
24426.66666666667
 20
8125.134890688128
 10
24613.33333333333
 20
8005.252541186486
 10
24800.0
 20
7880.563768921043
 10
24986.66666666667
 20
7751.215672236676
 10
25173.33333333333
 20
7617.341755435838
 10
25360.0
 20
7479.0639258152
 10
25546.66666666667
 20
7336.494100686887
 10
25733.33333333333
 20
7189.735517424197
 10
25920.0
 20
7038.883813757851
 10
26106.66666666667
 20
6884.027927804552
 10
26293.33333333333
 20
6725.250854854681
 10
26480.0
 20
6562.630289038912
 10
26666.66666666667
 20
6396.239171515967
 10
26853.33333333333
 20
6226.146162041125
 10
27040.0
 20
6052.416047194943
 10
27226.66666666667
 20
5875.110095837711
 10
27413.33333333333
 20
5694.286370274133
 10
27600.0
 20
5510.0
  0
LWPOLYLINE
  5
290
330
3E2
100
AcDbEntity
  8
A-PROJ
100
AcDbPolyline
 90
       61
 70
     0
 43
0.0
 10
16400.0
 20
5565.0
 10
16586.66666666667
 20
5749.286370274133
 10
16773.33333333333
 20
5930.11009583771
 10
16960.0
 20
6107.416047194943
 10
17146.66666666667
 20
6281.146162041125
 10
17333.33333333333
 20
6451.239171515967
 10
17520.0
 20
6617.630289038912
 10
17706.66666666667
 20
6780.25085485468
 10
17893.33333333333
 20
6939.027927804551
 10
18080.0
 20
7093.883813757851
 10
18266.66666666667
 20
7244.735517424197
 10
18453.33333333333
 20
7391.494100686885
 10
18640.0
 20
7534.0639258152
 10
18826.66666666667
 20
7672.341755435838
 10
19013.33333333333
 20
7806.215672236676
 10
19200.0
 20
7935.563768921043
 10
19386.66666666667
 20
8060.252541186486
 10
19573.33333333333
 20
8180.134890688127
 10
19760.0
 20
8295.047606497586
 10
19946.66666666667
 20
8404.808134742503
 10
20133.33333333333
 20
8509.21035329645
 10
20320.0
 20
8608.018916617646
 10
20506.66666666667
 20
8700.961477007084
 10
20693.33333333333
 20
8787.717624428406
 10
20880.0
 20
8867.902502253966
 10
21066.66666666667
 20
8941.041235660052
 10
21253.33333333333
 20
9006.526174226707
 10
21440.0
 20
9063.53821447448
 10
21626.66666666667
 20
9110.87959358795
 10
21813.33333333333
 20
9146.517336532308
 10
22000.0
 20
9165.0
 10
22186.66666666667
 20
9146.517336532308
 10
22373.33333333333
 20
9110.87959358795
 10
22560.0
 20
9063.53821447448
 10
22746.66666666667
 20
9006.526174226707
 10
22933.33333333333
 20
8941.041235660052
 10
23120.0
 20
8867.902502253966
 10
23306.66666666667
 20
8787.717624428406
 10
23493.33333333333
 20
8700.961477007086
 10
23680.0
 20
8608.018916617646
 10
23866.66666666667
 20
8509.21035329645
 10
24053.33333333333
 20
8404.808134742503
 10
24240.0
 20
8295.047606497586
 10
24426.66666666667
 20
8180.134890688128
 10
24613.33333333333
 20
8060.252541186486
 10
24800.0
 20
7935.563768921043
 10
24986.66666666667
 20
7806.215672236676
 10
25173.33333333333
 20
7672.341755435838
 10
25360.0
 20
7534.0639258152
 10
25546.66666666667
 20
7391.494100686887
 10
25733.33333333333
 20
7244.735517424197
 10
25920.0
 20
7093.883813757851
 10
26106.66666666667
 20
6939.027927804552
 10
26293.33333333333
 20
6780.250854854681
 10
26480.0
 20
6617.630289038912
 10
26666.66666666667
 20
6451.239171515967
 10
26853.33333333333
 20
6281.146162041125
 10
27040.0
 20
6107.416047194943
 10
27226.66666666667
 20
5930.110095837711
 10
27413.33333333333
 20
5749.286370274133
 10
27600.0
 20
5565.0
  0
CIRCLE
  5
291
330
3E2
100
AcDbEntity
  8
A-CUT
100
AcDbCircle
 10
20992.0
 20
8487.666516242552
 30
0.0
 40
150.0
  0
CIRCLE
  5
292
330
3E2
100
AcDbEntity
  8
A-CUT
100
AcDbCircle
 10
19648.0
 20
7801.70608278601
 30
0.0
 40
150.0
  0
CIRCLE
  5
293
330
3E2
100
AcDbEntity
  8
A-CUT
100
AcDbCircle
 10
18304.0
 20
6849.417642406382
 30
0.0
 40
150.0
  0
CIRCLE
  5
294
330
3E2
100
AcDbEntity
  8
A-CUT
100
AcDbCircle
 10
17072.0
 20
5787.087062429104
 30
0.0
 40
150.0
  0
CIRCLE
  5
295
330
3E2
100
AcDbEntity
  8
A-CUT
100
AcDbCircle
 10
23008.0
 20
8487.666516242552
 30
0.0
 40
150.0
  0
CIRCLE
  5
296
330
3E2
100
AcDbEntity
  8
A-CUT
100
AcDbCircle
 10
24352.0
 20
7801.70608278601
 30
0.0
 40
150.0
  0
CIRCLE
  5
297
330
3E2
100
AcDbEntity
  8
A-CUT
100
AcDbCircle
 10
25696.0
 20
6849.417642406382
 30
0.0
 40
150.0
  0
CIRCLE
  5
298
330
3E2
100
AcDbEntity
  8
A-CUT
100
AcDbCircle
 10
26928.0
 20
5787.087062429104
 30
0.0
 40
150.0
  0
LINE
  5
299
330
3E2
100
AcDbEntity
  8
A-PROJ
100
AcDbLine
 10
16400.0
 20
5220.0
 30
0.0
 11
16400.0
 21
5550.0
 31
0.0
  0
LINE
  5
29A
330
3E2
100
AcDbEntity
  8
A-PROJ
100
AcDbLine
 10
16800.0
 20
5610.656212660056
 30
0.0
 11
16800.0
 21
5940.656212660056
 31
0.0
  0
LINE
  5
29B
330
3E2
100
AcDbEntity
  8
A-PROJ
100
AcDbLine
 10
17200.0
 20
5985.118062392074
 30
0.0
 11
17200.0
 21
6315.118062392074
 31
0.0
  0
LINE
  5
29C
330
3E2
100
AcDbEntity
  8
A-PROJ
100
AcDbLine
 10
17600.0
 20
6342.790667591886
 30
0.0
 11
17600.0
 21
6672.790667591886
 31
0.0
  0
LINE
  5
29D
330
3E2
100
AcDbEntity
  8
A-PROJ
100
AcDbLine
 10
18000.0
 20
6683.002345650748
 30
0.0
 11
18000.0
 21
7013.002345650748
 31
0.0
  0
LINE
  5
29E
330
3E2
100
AcDbEntity
  8
A-PROJ
100
AcDbLine
 10
18400.0
 20
7004.986184688799
 30
0.0
 11
18400.0
 21
7334.986184688799
 31
0.0
  0
LINE
  5
29F
330
3E2
100
AcDbEntity
  8
A-PROJ
100
AcDbLine
 10
18800.0
 20
7307.854695254396
 30
0.0
 11
18800.0
 21
7637.854695254396
 31
0.0
  0
LINE
  5
2A0
330
3E2
100
AcDbEntity
  8
A-PROJ
100
AcDbLine
 10
19200.0
 20
7590.563768921043
 30
0.0
 11
19200.0
 21
7920.563768921043
 31
0.0
  0
LINE
  5
2A1
330
3E2
100
AcDbEntity
  8
A-PROJ
100
AcDbLine
 10
19600.0
 20
7851.859287520418
 30
0.0
 11
19600.0
 21
8181.859287520418
 31
0.0
  0
LINE
  5
2A2
330
3E2
100
AcDbEntity
  8
A-PROJ
100
AcDbLine
 10
20000.0
 20
8090.193793892302
 30
0.0
 11
20000.0
 21
8420.193793892302
 31
0.0
  0
LINE
  5
2A3
330
3E2
100
AcDbEntity
  8
A-PROJ
100
AcDbLine
 10
20400.0
 20
8303.58715991384
 30
0.0
 11
20400.0
 21
8633.58715991384
 31
0.0
  0
LINE
  5
2A4
330
3E2
100
AcDbEntity
  8
A-PROJ
100
AcDbLine
 10
20800.0
 20
8489.370203137501
 30
0.0
 11
20800.0
 21
8819.370203137501
 31
0.0
  0
LINE
  5
2A5
330
3E2
100
AcDbEntity
  8
A-PROJ
100
AcDbLine
 10
21200.0
 20
8643.639817834359
 30
0.0
 11
21200.0
 21
8973.639817834359
 31
0.0
  0
LINE
  5
2A6
330
3E2
100
AcDbEntity
  8
A-PROJ
100
AcDbLine
 10
21600.0
 20
8759.7712228683
 30
0.0
 11
21600.0
 21
9089.7712228683
 31
0.0
  0
LINE
  5
2A7
330
3E2
100
AcDbEntity
  8
A-PROJ
100
AcDbLine
 10
22000.0
 20
8820.0
 30
0.0
 11
22000.0
 21
9150.0
 31
0.0
  0
LINE
  5
2A8
330
3E2
100
AcDbEntity
  8
A-PROJ
100
AcDbLine
 10
22400.0
 20
8759.7712228683
 30
0.0
 11
22400.0
 21
9089.7712228683
 31
0.0
  0
LINE
  5
2A9
330
3E2
100
AcDbEntity
  8
A-PROJ
100
AcDbLine
 10
22800.0
 20
8643.639817834359
 30
0.0
 11
22800.0
 21
8973.639817834359
 31
0.0
  0
LINE
  5
2AA
330
3E2
100
AcDbEntity
  8
A-PROJ
100
AcDbLine
 10
23200.0
 20
8489.370203137501
 30
0.0
 11
23200.0
 21
8819.370203137501
 31
0.0
  0
LINE
  5
2AB
330
3E2
100
AcDbEntity
  8
A-PROJ
100
AcDbLine
 10
23600.0
 20
8303.58715991384
 30
0.0
 11
23600.0
 21
8633.58715991384
 31
0.0
  0
LINE
  5
2AC
330
3E2
100
AcDbEntity
  8
A-PROJ
100
AcDbLine
 10
24000.0
 20
8090.193793892302
 30
0.0
 11
24000.0
 21
8420.193793892302
 31
0.0
  0
LINE
  5
2AD
330
3E2
100
AcDbEntity
  8
A-PROJ
100
AcDbLine
 10
24400.0
 20
7851.859287520418
 30
0.0
 11
24400.0
 21
8181.859287520418
 31
0.0
  0
LINE
  5
2AE
330
3E2
100
AcDbEntity
  8
A-PROJ
100
AcDbLine
 10
24800.0
 20
7590.563768921043
 30
0.0
 11
24800.0
 21
7920.563768921043
 31
0.0
  0
LINE
  5
2AF
330
3E2
100
AcDbEntity
  8
A-PROJ
100
AcDbLine
 10
25200.0
 20
7307.854695254396
 30
0.0
 11
25200.0
 21
7637.854695254396
 31
0.0
  0
LINE
  5
2B0
330
3E2
100
AcDbEntity
  8
A-PROJ
100
AcDbLine
 10
25600.0
 20
7004.986184688799
 30
0.0
 11
25600.0
 21
7334.986184688799
 31
0.0
  0
LINE
  5
2B1
330
3E2
100
AcDbEntity
  8
A-PROJ
100
AcDbLine
 10
26000.0
 20
6683.002345650748
 30
0.0
 11
26000.0
 21
7013.002345650748
 31
0.0
  0
LINE
  5
2B2
330
3E2
100
AcDbEntity
  8
A-PROJ
100
AcDbLine
 10
26400.0
 20
6342.790667591886
 30
0.0
 11
26400.0
 21
6672.790667591886
 31
0.0
  0
LINE
  5
2B3
330
3E2
100
AcDbEntity
  8
A-PROJ
100
AcDbLine
 10
26800.0
 20
5985.118062392074
 30
0.0
 11
26800.0
 21
6315.118062392074
 31
0.0
  0
LINE
  5
2B4
330
3E2
100
AcDbEntity
  8
A-PROJ
100
AcDbLine
 10
27200.0
 20
5610.656212660056
 30
0.0
 11
27200.0
 21
5940.656212660056
 31
0.0
  0
LINE
  5
2B5
330
3E2
100
AcDbEntity
  8
A-PROJ
100
AcDbLine
 10
27600.0
 20
5220.0
 30
0.0
 11
27600.0
 21
5550.0
 31
0.0
  0
CIRCLE
  5
2B6
330
3E2
100
AcDbEntity
  8
A-ROOF
100
AcDbCircle
 10
16520.0
 20
5628.864528603019
 30
0.0
 40
45.0
  0
CIRCLE
  5
2B7
330
3E2
100
AcDbEntity
  8
A-ROOF
100
AcDbCircle
 10
16842.35294117647
 20
5941.081502694314
 30
0.0
 40
45.0
  0
CIRCLE
  5
2B8
330
3E2
100
AcDbEntity
  8
A-ROOF
100
AcDbCircle
 10
17164.70588235294
 20
6242.743486718738
 30
0.0
 40
45.0
  0
CIRCLE
  5
2B9
330
3E2
100
AcDbEntity
  8
A-ROOF
100
AcDbCircle
 10
17487.05882352941
 20
6533.539125706354
 30
0.0
 40
45.0
  0
CIRCLE
  5
2BA
330
3E2
100
AcDbEntity
  8
A-ROOF
100
AcDbCircle
 10
17809.41176470588
 20
6813.125361044791
 30
0.0
 40
45.0
  0
CIRCLE
  5
2BB
330
3E2
100
AcDbEntity
  8
A-ROOF
100
AcDbCircle
 10
18131.76470588235
 20
7081.121556808726
 30
0.0
 40
45.0
  0
CIRCLE
  5
2BC
330
3E2
100
AcDbEntity
  8
A-ROOF
100
AcDbCircle
 10
18454.11764705883
 20
7337.101966004281
 30
0.0
 40
45.0
  0
CIRCLE
  5
2BD
330
3E2
100
AcDbEntity
  8
A-ROOF
100
AcDbCircle
 10
18776.47058823529
 20
7580.58587641996
 30
0.0
 40
45.0
  0
CIRCLE
  5
2BE
330
3E2
100
AcDbEntity
  8
A-ROOF
100
AcDbCircle
 10
19098.82352941177
 20
7811.02442181896
 30
0.0
 40
45.0
  0
CIRCLE
  5
2BF
330
3E2
100
AcDbEntity
  8
A-ROOF
100
AcDbCircle
 10
19421.17647058824
 20
8027.782440576697
 30
0.0
 40
45.0
  0
CIRCLE
  5
2C0
330
3E2
100
AcDbEntity
  8
A-ROOF
100
AcDbCircle
 10
19743.52941176471
 20
8230.112681440563
 30
0.0
 40
45.0
  0
CIRCLE
  5
2C1
330
3E2
100
AcDbEntity
  8
A-ROOF
100
AcDbCircle
 10
20065.88235294118
 20
8417.117592634884
 30
0.0
 40
45.0
  0
CIRCLE
  5
2C2
330
3E2
100
AcDbEntity
  8
A-ROOF
100
AcDbCircle
 10
20388.23529411765
 20
8587.68968448523
 30
0.0
 40
45.0
  0
CIRCLE
  5
2C3
330
3E2
100
AcDbEntity
  8
A-ROOF
100
AcDbCircle
 10
20710.58823529412
 20
8740.41181181532
 30
0.0
 40
45.0
  0
CIRCLE
  5
2C4
330
3E2
100
AcDbEntity
  8
A-ROOF
100
AcDbCircle
 10
21032.94117647059
 20
8873.37368458559
 30
0.0
 40
45.0
  0
CIRCLE
  5
2C5
330
3E2
100
AcDbEntity
  8
A-ROOF
100
AcDbCircle
 10
21355.29411764706
 20
8983.7819141297
 30
0.0
 40
45.0
  0
CIRCLE
  5
2C6
330
3E2
100
AcDbEntity
  8
A-ROOF
100
AcDbCircle
 10
21677.64705882353
 20
9066.895253392671
 30
0.0
 40
45.0
  0
CIRCLE
  5
2C7
330
3E2
100
AcDbEntity
  8
A-ROOF
100
AcDbCircle
 10
22000.0
 20
9110.0
 30
0.0
 40
45.0
  0
CIRCLE
  5
2C8
330
3E2
100
AcDbEntity
  8
A-ROOF
100
AcDbCircle
 10
22322.35294117647
 20
9066.895253392671
 30
0.0
 40
45.0
  0
CIRCLE
  5
2C9
330
3E2
100
AcDbEntity
  8
A-ROOF
100
AcDbCircle
 10
22644.70588235294
 20
8983.7819141297
 30
0.0
 40
45.0
  0
CIRCLE
  5
2CA
330
3E2
100
AcDbEntity
  8
A-ROOF
100
AcDbCircle
 10
22967.05882352942
 20
8873.373684585587
 30
0.0
 40
45.0
  0
CIRCLE
  5
2CB
330
3E2
100
AcDbEntity
  8
A-ROOF
100
AcDbCircle
 10
23289.41176470588
 20
8740.411811815318
 30
0.0
 40
45.0
  0
CIRCLE
  5
2CC
330
3E2
100
AcDbEntity
  8
A-ROOF
100
AcDbCircle
 10
23611.76470588236
 20
8587.68968448523
 30
0.0
 40
45.0
  0
CIRCLE
  5
2CD
330
3E2
100
AcDbEntity
  8
A-ROOF
100
AcDbCircle
 10
23934.11764705883
 20
8417.117592634884
 30
0.0
 40
45.0
  0
CIRCLE
  5
2CE
330
3E2
100
AcDbEntity
  8
A-ROOF
100
AcDbCircle
 10
24256.4705882353
 20
8230.112681440563
 30
0.0
 40
45.0
  0
CIRCLE
  5
2CF
330
3E2
100
AcDbEntity
  8
A-ROOF
100
AcDbCircle
 10
24578.82352941177
 20
8027.782440576697
 30
0.0
 40
45.0
  0
CIRCLE
  5
2D0
330
3E2
100
AcDbEntity
  8
A-ROOF
100
AcDbCircle
 10
24901.17647058824
 20
7811.02442181896
 30
0.0
 40
45.0
  0
CIRCLE
  5
2D1
330
3E2
100
AcDbEntity
  8
A-ROOF
100
AcDbCircle
 10
25223.52941176471
 20
7580.585876419959
 30
0.0
 40
45.0
  0
CIRCLE
  5
2D2
330
3E2
100
AcDbEntity
  8
A-ROOF
100
AcDbCircle
 10
25545.88235294118
 20
7337.101966004281
 30
0.0
 40
45.0
  0
CIRCLE
  5
2D3
330
3E2
100
AcDbEntity
  8
A-ROOF
100
AcDbCircle
 10
25868.23529411765
 20
7081.121556808726
 30
0.0
 40
45.0
  0
CIRCLE
  5
2D4
330
3E2
100
AcDbEntity
  8
A-ROOF
100
AcDbCircle
 10
26190.58823529412
 20
6813.12536104479
 30
0.0
 40
45.0
  0
CIRCLE
  5
2D5
330
3E2
100
AcDbEntity
  8
A-ROOF
100
AcDbCircle
 10
26512.94117647059
 20
6533.539125706354
 30
0.0
 40
45.0
  0
CIRCLE
  5
2D6
330
3E2
100
AcDbEntity
  8
A-ROOF
100
AcDbCircle
 10
26835.29411764706
 20
6242.743486718737
 30
0.0
 40
45.0
  0
CIRCLE
  5
2D7
330
3E2
100
AcDbEntity
  8
A-ROOF
100
AcDbCircle
 10
27157.64705882353
 20
5941.081502694314
 30
0.0
 40
45.0
  0
CIRCLE
  5
2D8
330
3E2
100
AcDbEntity
  8
A-ROOF
100
AcDbCircle
 10
27480.0
 20
5628.864528603019
 30
0.0
 40
45.0
  0
DIMENSION
  5
2D9
330
3E2
100
AcDbEntity
  8
A-DIM
100
AcDbDimension
280
     0
 10
17800.0
 20
-1700.0
 30
0.0
 11
22000.0
 21
-1698.125
 31
0.0
 70
    32
  1
8400
 71
     5
 42
-1.0
 73
     0
 74
     0
 75
     0
  3
QCADDimStyle
100
AcDbAlignedDimension
 13
17800.0
 23
0.0
 33
0.0
 14
26200.0
 24
0.0
 34
0.0
100
AcDbRotatedDimension
1001
ACAD
1000
DSTYLE
1002
{
1070
   171
1070
     3
1070
   143
1040
0.03937007874
1070
   274
1070
     3
1070
   141
1040
2.5
1070
   272
1070
     2
1070
   172
1070
     1
1070
    74
1070
     0
1070
   283
1070
     0
1070
   284
1070
     8
1002
}
  0
DIMENSION
  5
2E9
330
3E2
100
AcDbEntity
  8
A-DIM
100
AcDbDimension
280
     0
 10
16400.0
 20
-2400.0
 30
0.0
 11
22000.0
 21
-2398.125
 31
0.0
 70
    32
  1
11200
 71
     5
 42
-1.0
 73
     0
 74
     0
 75
     0
  3
QCADDimStyle
100
AcDbAlignedDimension
 13
16400.0
 23
0.0
 33
0.0
 14
27600.0
 24
0.0
 34
0.0
100
AcDbRotatedDimension
1001
ACAD
1000
DSTYLE
1002
{
1070
   171
1070
     3
1070
   143
1040
0.03937007874
1070
   274
1070
     3
1070
   141
1040
2.5
1070
   272
1070
     2
1070
   172
1070
     1
1070
    74
1070
     0
1070
   283
1070
     0
1070
   284
1070
     8
1002
}
  0
DIMENSION
  5
2F9
330
3E2
100
AcDbEntity
  8
A-DIM
100
AcDbDimension
280
     0
 10
28000.0
 20
0.0
 30
0.0
 11
27998.125
 21
4500.0
 31
0.0
 70
    32
  1
9000
 71
     5
 42
-1.0
 73
     0
 74
     0
 75
     0
  3
QCADDimStyle
100
AcDbAlignedDimension
 13
26200.0
 23
0.0
 33
0.0
 14
26200.0
 24
9000.0
 34
0.0
 50
90.0
100
AcDbRotatedDimension
1001
ACAD
1000
DSTYLE
1002
{
1070
   171
1070
     3
1070
   143
1040
0.03937007874
1070
   274
1070
     3
1070
   141
1040
2.5
1070
   272
1070
     2
1070
   172
1070
     1
1070
    74
1070
     0
1070
   283
1070
     0
1070
   284
1070
     8
1002
}
  0
LINE
  5
309
330
3E2
100
AcDbEntity
  8
A-TEXT
100
AcDbLine
 10
23000.0
 20
7600.0
 30
0.0
 11
24800.0
 21
8200.0
 31
0.0
  0
MTEXT
  5
30A
330
3E2
100
AcDbEntity
  8
A-TEXT
100
AcDbMText
 10
24900.0
 20
8200.0
 30
0.0
 40
180.0
 41
0.0
 46
0.0
 71
     1
 72
     1
  1
瓦面、望板、椽、檩分层表达
  7
textstyle3
 73
     1
 44
1.0
  0
LINE
  5
30B
330
3E2
100
AcDbEntity
  8
A-TEXT
100
AcDbLine
 10
18800.0
 20
4300.0
 30
0.0
 11
16800.0
 21
3600.0
 31
0.0
  0
MTEXT
  5
30C
330
3E2
100
AcDbEntity
  8
A-TEXT
100
AcDbMText
 10
15900.0
 20
3400.0
 30
0.0
 40
180.0
 41
0.0
 46
0.0
 71
     1
 72
     1
  1
柱梁枋与承托构件
  7
textstyle3
 73
     1
 44
1.0
  0
LINE
  5
30D
330
3E2
100
AcDbEntity
  8
A-TEXT
100
AcDbLine
 10
25600.0
 20
-650.0
 30
0.0
 11
27200.0
 21
-1500.0
 31
0.0
  0
MTEXT
  5
30E
330
3E2
100
AcDbEntity
  8
A-TEXT
100
AcDbMText
 10
24500.0
 20
-1850.0
 30
0.0
 40
180.0
 41
0.0
 46
0.0
 71
     1
 72
     1
  1
台基与柱下基础剖切填充
  7
textstyle3
 73
     1
 44
1.0
  0
MTEXT
  5
30F
330
3E2
100
AcDbEntity
  8
A-TEXT
100
AcDbMText
 10
15800.0
 20
10100.0
 30
0.0
 40
220.0
 41
0.0
 46
0.0
 71
     1
 72
     1
  1
横剖面：屋面—木构—台基—基础同源剖切
  7
textstyle3
 73
     1
 44
1.0
  0
LWPOLYLINE
  5
310
330
3E2
100
AcDbEntity
  8
A-OUTLINE
100
AcDbPolyline
 90
       29
 70
     0
 43
0.0
 10
39000.0
 20
3000.0
 10
39150.0
 20
3142.467114712719
 10
39300.0
 20
3282.880924633439
 10
39450.0
 20
3421.216561746659
 10
39600.0
 20
3557.448160558159
 10
39750.0
 20
3691.548788557035
 10
39900.0
 20
3823.490369650094
 10
40050.0
 20
3953.243599624686
 10
40200.0
 20
4080.777852535939
 10
40350.0
 20
4206.061076720987
 10
40500.0
 20
4329.059678908079
 10
40650.0
 20
4449.738394601719
 10
40800.0
 20
4568.060142572421
 10
40950.0
 20
4683.985860843324
 10
41100.0
 20
4797.474321021675
 10
41250.0
 20
4908.481917139185
 10
41400.0
 20
5016.962424298295
 10
41550.0
 20
5122.866721312245
 10
41700.0
 20
5226.142470094146
 10
41850.0
 20
5326.733742679506
 10
42000.0
 20
5424.580584295417
 10
42150.0
 20
5519.618497583648
 10
42300.0
 20
5611.777828599925
 10
42450.0
 20
5700.983029033774
 10
42600.0
 20
5787.151760437314
 10
42750.0
 20
5870.193793892302
 10
42900.0
 20
5950.009640520493
 10
43050.0
 20
6026.488821320028
 10
43200.0
 20
6099.50764348807
  0
LWPOLYLINE
  5
311
330
3E2
100
AcDbEntity
  8
A-CUT
100
AcDbPolyline
 90
       29
 70
     0
 43
0.0
 10
39000.0
 20
2820.0
 10
39150.0
 20
2962.467114712719
 10
39300.0
 20
3102.880924633439
 10
39450.0
 20
3241.216561746659
 10
39600.0
 20
3377.448160558159
 10
39750.0
 20
3511.548788557035
 10
39900.0
 20
3643.490369650094
 10
40050.0
 20
3773.243599624686
 10
40200.0
 20
3900.777852535939
 10
40350.0
 20
4026.061076720987
 10
40500.0
 20
4149.059678908079
 10
40650.0
 20
4269.738394601719
 10
40800.0
 20
4388.060142572421
 10
40950.0
 20
4503.985860843324
 10
41100.0
 20
4617.474321021675
 10
41250.0
 20
4728.481917139185
 10
41400.0
 20
4836.962424298295
 10
41550.0
 20
4942.866721312245
 10
41700.0
 20
5046.142470094146
 10
41850.0
 20
5146.733742679506
 10
42000.0
 20
5244.580584295417
 10
42150.0
 20
5339.618497583648
 10
42300.0
 20
5431.777828599925
 10
42450.0
 20
5520.983029033774
 10
42600.0
 20
5607.151760437314
 10
42750.0
 20
5690.193793892302
 10
42900.0
 20
5770.009640520493
 10
43050.0
 20
5846.488821320028
 10
43200.0
 20
5919.50764348807
  0
LWPOLYLINE
  5
312
330
3E2
100
AcDbEntity
  8
A-PROJ
100
AcDbPolyline
 90
       29
 70
     0
 43
0.0
 10
39000.0
 20
3055.0
 10
39150.0
 20
3197.467114712719
 10
39300.0
 20
3337.880924633439
 10
39450.0
 20
3476.216561746659
 10
39600.0
 20
3612.448160558159
 10
39750.0
 20
3746.548788557035
 10
39900.0
 20
3878.490369650094
 10
40050.0
 20
4008.243599624686
 10
40200.0
 20
4135.777852535939
 10
40350.0
 20
4261.061076720987
 10
40500.0
 20
4384.059678908079
 10
40650.0
 20
4504.738394601719
 10
40800.0
 20
4623.060142572421
 10
40950.0
 20
4738.985860843324
 10
41100.0
 20
4852.474321021675
 10
41250.0
 20
4963.481917139185
 10
41400.0
 20
5071.962424298295
 10
41550.0
 20
5177.866721312245
 10
41700.0
 20
5281.142470094146
 10
41850.0
 20
5381.733742679506
 10
42000.0
 20
5479.580584295417
 10
42150.0
 20
5574.618497583648
 10
42300.0
 20
5666.777828599925
 10
42450.0
 20
5755.983029033774
 10
42600.0
 20
5842.151760437314
 10
42750.0
 20
5925.193793892302
 10
42900.0
 20
6005.009640520493
 10
43050.0
 20
6081.488821320028
 10
43200.0
 20
6154.50764348807
  0
LWPOLYLINE
  5
313
330
3E2
100
AcDbEntity
  8
A-PROJ
100
AcDbPolyline
 90
       29
 70
     0
 43
0.0
 10
39000.0
 20
3110.0
 10
39150.0
 20
3252.467114712719
 10
39300.0
 20
3392.880924633439
 10
39450.0
 20
3531.216561746659
 10
39600.0
 20
3667.448160558159
 10
39750.0
 20
3801.548788557035
 10
39900.0
 20
3933.490369650094
 10
40050.0
 20
4063.243599624686
 10
40200.0
 20
4190.777852535939
 10
40350.0
 20
4316.061076720987
 10
40500.0
 20
4439.059678908079
 10
40650.0
 20
4559.738394601719
 10
40800.0
 20
4678.060142572421
 10
40950.0
 20
4793.985860843324
 10
41100.0
 20
4907.474321021675
 10
41250.0
 20
5018.481917139185
 10
41400.0
 20
5126.962424298295
 10
41550.0
 20
5232.866721312245
 10
41700.0
 20
5336.142470094146
 10
41850.0
 20
5436.733742679506
 10
42000.0
 20
5534.580584295417
 10
42150.0
 20
5629.618497583648
 10
42300.0
 20
5721.777828599925
 10
42450.0
 20
5810.983029033774
 10
42600.0
 20
5897.151760437314
 10
42750.0
 20
5980.193793892302
 10
42900.0
 20
6060.009640520493
 10
43050.0
 20
6136.488821320028
 10
43200.0
 20
6209.50764348807
  0
LWPOLYLINE
  5
314
330
3E2
100
AcDbEntity
  8
A-PROJ
100
AcDbPolyline
 90
       29
 70
     0
 43
0.0
 10
39000.0
 20
3165.0
 10
39150.0
 20
3307.467114712719
 10
39300.0
 20
3447.880924633439
 10
39450.0
 20
3586.216561746659
 10
39600.0
 20
3722.448160558159
 10
39750.0
 20
3856.548788557035
 10
39900.0
 20
3988.490369650094
 10
40050.0
 20
4118.243599624686
 10
40200.0
 20
4245.777852535939
 10
40350.0
 20
4371.061076720987
 10
40500.0
 20
4494.059678908079
 10
40650.0
 20
4614.738394601719
 10
40800.0
 20
4733.060142572421
 10
40950.0
 20
4848.985860843324
 10
41100.0
 20
4962.474321021675
 10
41250.0
 20
5073.481917139185
 10
41400.0
 20
5181.962424298295
 10
41550.0
 20
5287.866721312245
 10
41700.0
 20
5391.142470094146
 10
41850.0
 20
5491.733742679506
 10
42000.0
 20
5589.580584295417
 10
42150.0
 20
5684.618497583648
 10
42300.0
 20
5776.777828599925
 10
42450.0
 20
5865.983029033774
 10
42600.0
 20
5952.151760437314
 10
42750.0
 20
6035.193793892302
 10
42900.0
 20
6115.009640520493
 10
43050.0
 20
6191.488821320028
 10
43200.0
 20
6264.50764348807
  0
CIRCLE
  5
315
330
3E2
100
AcDbEntity
  8
A-CUT
100
AcDbCircle
 10
39750.0
 20
3431.548788557035
 30
0.0
 40
150.0
  0
MTEXT
  5
316
330
3E2
100
AcDbEntity
  8
A-TEXT
100
AcDbMText
 10
39570.0
 20
3071.548788557035
 30
0.0
 40
150.0
 41
0.0
 46
0.0
 71
     1
 72
     1
  1
檩 1
  7
textstyle3
 73
     1
 44
1.0
  0
CIRCLE
  5
317
330
3E2
100
AcDbEntity
  8
A-CUT
100
AcDbCircle
 10
41100.0
 20
4537.474321021675
 30
0.0
 40
150.0
  0
MTEXT
  5
318
330
3E2
100
AcDbEntity
  8
A-TEXT
100
AcDbMText
 10
40920.0
 20
4177.474321021675
 30
0.0
 40
150.0
 41
0.0
 46
0.0
 71
     1
 72
     1
  1
檩 2
  7
textstyle3
 73
     1
 44
1.0
  0
CIRCLE
  5
319
330
3E2
100
AcDbEntity
  8
A-CUT
100
AcDbCircle
 10
42450.0
 20
5440.983029033774
 30
0.0
 40
150.0
  0
MTEXT
  5
31A
330
3E2
100
AcDbEntity
  8
A-TEXT
100
AcDbMText
 10
42270.0
 20
5080.983029033774
 30
0.0
 40
150.0
 41
0.0
 46
0.0
 71
     1
 72
     1
  1
檩 3
  7
textstyle3
 73
     1
 44
1.0
  0
INSERT
  5
31B
330
3E2
100
AcDbEntity
  8
A-TIMBER
100
AcDbBlockReference
  2
BRACKET
 10
40050.0
 20
2500.0
 30
0.0
 41
1.4
 42
1.4
  0
LWPOLYLINE
  5
31D
330
3E2
100
AcDbEntity
  8
A-CUT
100
AcDbPolyline
 90
        4
 70
     1
 43
0.0
 10
39840.0
 20
0.0
 10
40260.0
 20
0.0
 10
40260.0
 20
2500.0
 10
39840.0
 20
2500.0
  0
LWPOLYLINE
  5
31E
330
3E2
100
AcDbEntity
  8
A-CUT
100
AcDbPolyline
 90
        4
 70
     1
 43
0.0
 10
39350.0
 20
-500.0
 10
40750.0
 20
-500.0
 10
40750.0
 20
0.0
 10
39350.0
 20
0.0
  0
HATCH
  5
31F
330
3E2
100
AcDbEntity
  8
A-HATCH
 62
     9
440
 33554687
100
AcDbHatch
 10
0.0
 20
0.0
 30
0.0
210
0.0
220
0.0
230
1.0
  2
SOLID
 70
     1
 71
     0
 91
        1
 92
        0
 93
        4
 72
     1
 10
39350.0
 20
-1000.0
 11
40750.0
 21
-1000.0
 72
     1
 10
40750.0
 20
-1000.0
 11
40750.0
 21
-500.0
 72
     1
 10
40750.0
 20
-500.0
 11
39350.0
 21
-500.0
 72
     1
 10
39350.0
 20
-500.0
 11
39350.0
 21
-1000.0
 97
        0
 75
     0
 76
     1
 98
        0
  0
MTEXT
  5
320
330
3E2
100
AcDbEntity
  8
A-TEXT
100
AcDbMText
 10
38700.0
 20
5750.0
 30
0.0
 40
210.0
 41
0.0
 46
0.0
 71
     1
 72
     1
  1
1:20 檐口—承托—柱身—柱础构造详图
  7
textstyle3
 73
     1
 44
1.0
  0
MTEXT
  5
321
330
3E2
100
AcDbEntity
  8
A-TEXT
100
AcDbMText
 10
38700.0
 20
5400.0
 30
0.0
 40
160.0
 41
0.0
 46
0.0
 71
     1
 72
     1
  1
瓦面、望板、椽、檩与承托分层；全部为 DEMO
  7
textstyle3
 73
     1
 44
1.0
  0
LINE
  5
322
330
3E2
100
AcDbEntity
  8
A-TEXT
100
AcDbLine
 10
40800.0
 20
4350.0
 30
0.0
 11
43700.0
 21
5000.0
 31
0.0
  0
MTEXT
  5
323
330
3E2
100
AcDbEntity
  8
A-TEXT
100
AcDbMText
 10
42100.0
 20
5050.0
 30
0.0
 40
160.0
 41
0.0
 46
0.0
 71
     1
 72
     1
  1
瓦面三层表达
  7
textstyle3
 73
     1
 44
1.0
  0
LINE
  5
324
330
3E2
100
AcDbEntity
  8
A-TEXT
100
AcDbLine
 10
40120.0
 20
2750.0
 30
0.0
 11
42500.0
 21
3200.0
 31
0.0
  0
MTEXT
  5
325
330
3E2
100
AcDbEntity
  8
A-TEXT
100
AcDbMText
 10
42550.0
 20
3200.0
 30
0.0
 40
160.0
 41
0.0
 46
0.0
 71
     1
 72
     1
  1
承托构件
  7
textstyle3
 73
     1
 44
1.0
  0
DIMENSION
  5
326
330
3E2
100
AcDbEntity
  8
A-DIM
100
AcDbDimension
280
     0
 10
39100.0
 20
0.0
 30
0.0
 11
39098.125
 21
1250.0
 31
0.0
 70
    32
  1
2500
 71
     5
 42
-1.0
 73
     0
 74
     0
 75
     0
  3
QCADDimStyle
100
AcDbAlignedDimension
 13
40050.0
 23
0.0
 33
0.0
 14
40050.0
 24
2500.0
 34
0.0
 50
90.0
100
AcDbRotatedDimension
1001
ACAD
1000
DSTYLE
1002
{
1070
   171
1070
     3
1070
   143
1040
0.03937007874
1070
   274
1070
     3
1070
   141
1040
2.5
1070
   272
1070
     2
1070
   172
1070
     1
1070
    74
1070
     0
1070
   283
1070
     0
1070
   284
1070
     8
1002
}
  0
DIMENSION
  5
336
330
3E2
100
AcDbEntity
  8
A-DIM
100
AcDbDimension
280
     0
 10
39350.0
 20
-1250.0
 30
0.0
 11
40050.0
 21
-1248.125
 31
0.0
 70
    32
  1
1400
 71
     5
 42
-1.0
 73
     0
 74
     0
 75
     0
  3
QCADDimStyle
100
AcDbAlignedDimension
 13
39350.0
 23
-500.0
 33
0.0
 14
40750.0
 24
-500.0
 34
0.0
100
AcDbRotatedDimension
1001
ACAD
1000
DSTYLE
1002
{
1070
   171
1070
     3
1070
   143
1040
0.03937007874
1070
   274
1070
     3
1070
   141
1040
2.5
1070
   272
1070
     2
1070
   172
1070
     1
1070
    74
1070
     0
1070
   283
1070
     0
1070
   284
1070
     8
1002
}
  0
LWPOLYLINE
  5
346
330
3E2
100
AcDbEntity
  8
A-OUTLINE
100
AcDbPolyline
 90
        4
 70
     1
 43
0.0
 10
-6900.0
 20
-22100.0
 10
6900.0
 20
-22100.0
 10
6900.0
 20
-11900.0
 10
-6900.0
 20
-11900.0
  0
LWPOLYLINE
  5
347
330
3E2
100
AcDbEntity
  8
A-ROOF
100
AcDbPolyline
 90
        4
 70
     1
 43
0.0
 10
-7400.0
 20
-22600.0
 10
7400.0
 20
-22600.0
 10
3600.0
 20
-17000.0
 10
-3600.0
 20
-17000.0
  0
LWPOLYLINE
  5
348
330
3E2
100
AcDbEntity
  8
A-ROOF
100
AcDbPolyline
 90
        4
 70
     1
 43
0.0
 10
-7400.0
 20
-11400.0
 10
7400.0
 20
-11400.0
 10
3600.0
 20
-17000.0
 10
-3600.0
 20
-17000.0
  0
LINE
  5
349
330
3E2
100
AcDbEntity
  8
A-AXIS
100
AcDbLine
 10
-6000.0
 20
-22000.0
 30
0.0
 11
-6000.0
 21
-12000.0
 31
0.0
  0
CIRCLE
  5
34A
330
3E2
100
AcDbEntity
  8
A-CUT
100
AcDbCircle
 10
-6000.0
 20
-21200.0
 30
0.0
 40
210.0
  0
CIRCLE
  5
34B
330
3E2
100
AcDbEntity
  8
A-CUT
100
AcDbCircle
 10
-6000.0
 20
-12800.0
 30
0.0
 40
210.0
  0
INSERT
  5
34C
330
3E2
100
AcDbEntity
  8
A-TIMBER
100
AcDbBlockReference
  2
BRACKET
 10
-6000.0
 20
-21200.0
 30
0.0
 41
0.45
 42
0.45
  0
LINE
  5
34E
330
3E2
100
AcDbEntity
  8
A-AXIS
100
AcDbLine
 10
-2400.0
 20
-22000.0
 30
0.0
 11
-2400.0
 21
-12000.0
 31
0.0
  0
CIRCLE
  5
34F
330
3E2
100
AcDbEntity
  8
A-CUT
100
AcDbCircle
 10
-2400.0
 20
-21200.0
 30
0.0
 40
210.0
  0
CIRCLE
  5
350
330
3E2
100
AcDbEntity
  8
A-CUT
100
AcDbCircle
 10
-2400.0
 20
-12800.0
 30
0.0
 40
210.0
  0
INSERT
  5
351
330
3E2
100
AcDbEntity
  8
A-TIMBER
100
AcDbBlockReference
  2
BRACKET
 10
-2400.0
 20
-21200.0
 30
0.0
 41
0.45
 42
0.45
  0
LINE
  5
353
330
3E2
100
AcDbEntity
  8
A-AXIS
100
AcDbLine
 10
2400.0
 20
-22000.0
 30
0.0
 11
2400.0
 21
-12000.0
 31
0.0
  0
CIRCLE
  5
354
330
3E2
100
AcDbEntity
  8
A-CUT
100
AcDbCircle
 10
2400.0
 20
-21200.0
 30
0.0
 40
210.0
  0
CIRCLE
  5
355
330
3E2
100
AcDbEntity
  8
A-CUT
100
AcDbCircle
 10
2400.0
 20
-12800.0
 30
0.0
 40
210.0
  0
INSERT
  5
356
330
3E2
100
AcDbEntity
  8
A-TIMBER
100
AcDbBlockReference
  2
BRACKET
 10
2400.0
 20
-21200.0
 30
0.0
 41
0.45
 42
0.45
  0
LINE
  5
358
330
3E2
100
AcDbEntity
  8
A-AXIS
100
AcDbLine
 10
6000.0
 20
-22000.0
 30
0.0
 11
6000.0
 21
-12000.0
 31
0.0
  0
CIRCLE
  5
359
330
3E2
100
AcDbEntity
  8
A-CUT
100
AcDbCircle
 10
6000.0
 20
-21200.0
 30
0.0
 40
210.0
  0
CIRCLE
  5
35A
330
3E2
100
AcDbEntity
  8
A-CUT
100
AcDbCircle
 10
6000.0
 20
-12800.0
 30
0.0
 40
210.0
  0
INSERT
  5
35B
330
3E2
100
AcDbEntity
  8
A-TIMBER
100
AcDbBlockReference
  2
BRACKET
 10
6000.0
 20
-21200.0
 30
0.0
 41
0.45
 42
0.45
  0
LINE
  5
35D
330
3E2
100
AcDbEntity
  8
A-AXIS
100
AcDbLine
 10
-6800.0
 20
-21200.0
 30
0.0
 11
6800.0
 21
-21200.0
 31
0.0
  0
LINE
  5
35E
330
3E2
100
AcDbEntity
  8
A-AXIS
100
AcDbLine
 10
-6800.0
 20
-12800.0
 30
0.0
 11
6800.0
 21
-12800.0
 31
0.0
  0
LINE
  5
35F
330
3E2
100
AcDbEntity
  8
A-PROJ
100
AcDbLine
 10
-7400.0
 20
-22600.0
 30
0.0
 11
-3600.0
 21
-17000.0
 31
0.0
  0
LINE
  5
360
330
3E2
100
AcDbEntity
  8
A-PROJ
100
AcDbLine
 10
-7400.0
 20
-11400.0
 30
0.0
 11
-3600.0
 21
-17000.0
 31
0.0
  0
LINE
  5
361
330
3E2
100
AcDbEntity
  8
A-PROJ
100
AcDbLine
 10
-6783.333333333333
 20
-22600.0
 30
0.0
 11
-3300.0
 21
-17000.0
 31
0.0
  0
LINE
  5
362
330
3E2
100
AcDbEntity
  8
A-PROJ
100
AcDbLine
 10
-6783.333333333333
 20
-11400.0
 30
0.0
 11
-3300.0
 21
-17000.0
 31
0.0
  0
LINE
  5
363
330
3E2
100
AcDbEntity
  8
A-PROJ
100
AcDbLine
 10
-6166.666666666667
 20
-22600.0
 30
0.0
 11
-3000.0
 21
-17000.0
 31
0.0
  0
LINE
  5
364
330
3E2
100
AcDbEntity
  8
A-PROJ
100
AcDbLine
 10
-6166.666666666667
 20
-11400.0
 30
0.0
 11
-3000.0
 21
-17000.0
 31
0.0
  0
LINE
  5
365
330
3E2
100
AcDbEntity
  8
A-PROJ
100
AcDbLine
 10
-5550.0
 20
-22600.0
 30
0.0
 11
-2700.0
 21
-17000.0
 31
0.0
  0
LINE
  5
366
330
3E2
100
AcDbEntity
  8
A-PROJ
100
AcDbLine
 10
-5550.0
 20
-11400.0
 30
0.0
 11
-2700.0
 21
-17000.0
 31
0.0
  0
LINE
  5
367
330
3E2
100
AcDbEntity
  8
A-PROJ
100
AcDbLine
 10
-4933.333333333334
 20
-22600.0
 30
0.0
 11
-2400.000000000001
 21
-17000.0
 31
0.0
  0
LINE
  5
368
330
3E2
100
AcDbEntity
  8
A-PROJ
100
AcDbLine
 10
-4933.333333333334
 20
-11400.0
 30
0.0
 11
-2400.000000000001
 21
-17000.0
 31
0.0
  0
LINE
  5
369
330
3E2
100
AcDbEntity
  8
A-PROJ
100
AcDbLine
 10
-4316.666666666667
 20
-22600.0
 30
0.0
 11
-2100.000000000001
 21
-17000.0
 31
0.0
  0
LINE
  5
36A
330
3E2
100
AcDbEntity
  8
A-PROJ
100
AcDbLine
 10
-4316.666666666667
 20
-11400.0
 30
0.0
 11
-2100.000000000001
 21
-17000.0
 31
0.0
  0
LINE
  5
36B
330
3E2
100
AcDbEntity
  8
A-PROJ
100
AcDbLine
 10
-3700.0
 20
-22600.0
 30
0.0
 11
-1800.0
 21
-17000.0
 31
0.0
  0
LINE
  5
36C
330
3E2
100
AcDbEntity
  8
A-PROJ
100
AcDbLine
 10
-3700.0
 20
-11400.0
 30
0.0
 11
-1800.0
 21
-17000.0
 31
0.0
  0
LINE
  5
36D
330
3E2
100
AcDbEntity
  8
A-PROJ
100
AcDbLine
 10
-3083.333333333334
 20
-22600.0
 30
0.0
 11
-1500.0
 21
-17000.0
 31
0.0
  0
LINE
  5
36E
330
3E2
100
AcDbEntity
  8
A-PROJ
100
AcDbLine
 10
-3083.333333333334
 20
-11400.0
 30
0.0
 11
-1500.0
 21
-17000.0
 31
0.0
  0
LINE
  5
36F
330
3E2
100
AcDbEntity
  8
A-PROJ
100
AcDbLine
 10
-2466.666666666667
 20
-22600.0
 30
0.0
 11
-1200.0
 21
-17000.0
 31
0.0
  0
LINE
  5
370
330
3E2
100
AcDbEntity
  8
A-PROJ
100
AcDbLine
 10
-2466.666666666667
 20
-11400.0
 30
0.0
 11
-1200.0
 21
-17000.0
 31
0.0
  0
LINE
  5
371
330
3E2
100
AcDbEntity
  8
A-PROJ
100
AcDbLine
 10
-1850.0
 20
-22600.0
 30
0.0
 11
-900.0
 21
-17000.0
 31
0.0
  0
LINE
  5
372
330
3E2
100
AcDbEntity
  8
A-PROJ
100
AcDbLine
 10
-1850.0
 20
-11400.0
 30
0.0
 11
-900.0
 21
-17000.0
 31
0.0
  0
LINE
  5
373
330
3E2
100
AcDbEntity
  8
A-PROJ
100
AcDbLine
 10
-1233.333333333334
 20
-22600.0
 30
0.0
 11
-600.0000000000002
 21
-17000.0
 31
0.0
  0
LINE
  5
374
330
3E2
100
AcDbEntity
  8
A-PROJ
100
AcDbLine
 10
-1233.333333333334
 20
-11400.0
 30
0.0
 11
-600.0000000000002
 21
-17000.0
 31
0.0
  0
LINE
  5
375
330
3E2
100
AcDbEntity
  8
A-PROJ
100
AcDbLine
 10
-616.666666666667
 20
-22600.0
 30
0.0
 11
-300.0000000000001
 21
-17000.0
 31
0.0
  0
LINE
  5
376
330
3E2
100
AcDbEntity
  8
A-PROJ
100
AcDbLine
 10
-616.666666666667
 20
-11400.0
 30
0.0
 11
-300.0000000000001
 21
-17000.0
 31
0.0
  0
LINE
  5
377
330
3E2
100
AcDbEntity
  8
A-PROJ
100
AcDbLine
 10
0.0
 20
-22600.0
 30
0.0
 11
0.0
 21
-17000.0
 31
0.0
  0
LINE
  5
378
330
3E2
100
AcDbEntity
  8
A-PROJ
100
AcDbLine
 10
0.0
 20
-11400.0
 30
0.0
 11
0.0
 21
-17000.0
 31
0.0
  0
LINE
  5
379
330
3E2
100
AcDbEntity
  8
A-PROJ
100
AcDbLine
 10
616.6666666666661
 20
-22600.0
 30
0.0
 11
299.9999999999997
 21
-17000.0
 31
0.0
  0
LINE
  5
37A
330
3E2
100
AcDbEntity
  8
A-PROJ
100
AcDbLine
 10
616.6666666666661
 20
-11400.0
 30
0.0
 11
299.9999999999997
 21
-17000.0
 31
0.0
  0
LINE
  5
37B
330
3E2
100
AcDbEntity
  8
A-PROJ
100
AcDbLine
 10
1233.333333333332
 20
-22600.0
 30
0.0
 11
599.9999999999993
 21
-17000.0
 31
0.0
  0
LINE
  5
37C
330
3E2
100
AcDbEntity
  8
A-PROJ
100
AcDbLine
 10
1233.333333333332
 20
-11400.0
 30
0.0
 11
599.9999999999993
 21
-17000.0
 31
0.0
  0
LINE
  5
37D
330
3E2
100
AcDbEntity
  8
A-PROJ
100
AcDbLine
 10
1850.0
 20
-22600.0
 30
0.0
 11
900.0
 21
-17000.0
 31
0.0
  0
LINE
  5
37E
330
3E2
100
AcDbEntity
  8
A-PROJ
100
AcDbLine
 10
1850.0
 20
-11400.0
 30
0.0
 11
900.0
 21
-17000.0
 31
0.0
  0
LINE
  5
37F
330
3E2
100
AcDbEntity
  8
A-PROJ
100
AcDbLine
 10
2466.666666666666
 20
-22600.0
 30
0.0
 11
1200.0
 21
-17000.0
 31
0.0
  0
LINE
  5
380
330
3E2
100
AcDbEntity
  8
A-PROJ
100
AcDbLine
 10
2466.666666666666
 20
-11400.0
 30
0.0
 11
1200.0
 21
-17000.0
 31
0.0
  0
LINE
  5
381
330
3E2
100
AcDbEntity
  8
A-PROJ
100
AcDbLine
 10
3083.333333333332
 20
-22600.0
 30
0.0
 11
1500.0
 21
-17000.0
 31
0.0
  0
LINE
  5
382
330
3E2
100
AcDbEntity
  8
A-PROJ
100
AcDbLine
 10
3083.333333333332
 20
-11400.0
 30
0.0
 11
1500.0
 21
-17000.0
 31
0.0
  0
LINE
  5
383
330
3E2
100
AcDbEntity
  8
A-PROJ
100
AcDbLine
 10
3700.0
 20
-22600.0
 30
0.0
 11
1800.0
 21
-17000.0
 31
0.0
  0
LINE
  5
384
330
3E2
100
AcDbEntity
  8
A-PROJ
100
AcDbLine
 10
3700.0
 20
-11400.0
 30
0.0
 11
1800.0
 21
-17000.0
 31
0.0
  0
LINE
  5
385
330
3E2
100
AcDbEntity
  8
A-PROJ
100
AcDbLine
 10
4316.666666666666
 20
-22600.0
 30
0.0
 11
2100.0
 21
-17000.0
 31
0.0
  0
LINE
  5
386
330
3E2
100
AcDbEntity
  8
A-PROJ
100
AcDbLine
 10
4316.666666666666
 20
-11400.0
 30
0.0
 11
2100.0
 21
-17000.0
 31
0.0
  0
LINE
  5
387
330
3E2
100
AcDbEntity
  8
A-PROJ
100
AcDbLine
 10
4933.333333333332
 20
-22600.0
 30
0.0
 11
2400.0
 21
-17000.0
 31
0.0
  0
LINE
  5
388
330
3E2
100
AcDbEntity
  8
A-PROJ
100
AcDbLine
 10
4933.333333333332
 20
-11400.0
 30
0.0
 11
2400.0
 21
-17000.0
 31
0.0
  0
LINE
  5
389
330
3E2
100
AcDbEntity
  8
A-PROJ
100
AcDbLine
 10
5550.0
 20
-22600.0
 30
0.0
 11
2700.0
 21
-17000.0
 31
0.0
  0
LINE
  5
38A
330
3E2
100
AcDbEntity
  8
A-PROJ
100
AcDbLine
 10
5550.0
 20
-11400.0
 30
0.0
 11
2700.0
 21
-17000.0
 31
0.0
  0
LINE
  5
38B
330
3E2
100
AcDbEntity
  8
A-PROJ
100
AcDbLine
 10
6166.666666666666
 20
-22600.0
 30
0.0
 11
3000.0
 21
-17000.0
 31
0.0
  0
LINE
  5
38C
330
3E2
100
AcDbEntity
  8
A-PROJ
100
AcDbLine
 10
6166.666666666666
 20
-11400.0
 30
0.0
 11
3000.0
 21
-17000.0
 31
0.0
  0
LINE
  5
38D
330
3E2
100
AcDbEntity
  8
A-PROJ
100
AcDbLine
 10
6783.333333333332
 20
-22600.0
 30
0.0
 11
3300.0
 21
-17000.0
 31
0.0
  0
LINE
  5
38E
330
3E2
100
AcDbEntity
  8
A-PROJ
100
AcDbLine
 10
6783.333333333332
 20
-11400.0
 30
0.0
 11
3300.0
 21
-17000.0
 31
0.0
  0
LINE
  5
38F
330
3E2
100
AcDbEntity
  8
A-PROJ
100
AcDbLine
 10
7400.0
 20
-22600.0
 30
0.0
 11
3600.0
 21
-17000.0
 31
0.0
  0
LINE
  5
390
330
3E2
100
AcDbEntity
  8
A-PROJ
100
AcDbLine
 10
7400.0
 20
-11400.0
 30
0.0
 11
3600.0
 21
-17000.0
 31
0.0
  0
DIMENSION
  5
391
330
3E2
100
AcDbEntity
  8
A-DIM
100
AcDbDimension
280
     0
 10
-6000.0
 20
-23500.0
 30
0.0
 11
0.0000000000000001
 21
-23498.125
 31
0.0
 70
    32
  1
12000
 71
     5
 42
-1.0
 73
     0
 74
     0
 75
     0
  3
QCADDimStyle
100
AcDbAlignedDimension
 13
-6000.0
 23
-21200.0
 33
0.0
 14
6000.0
 24
-21200.0
 34
0.0
100
AcDbRotatedDimension
1001
ACAD
1000
DSTYLE
1002
{
1070
   171
1070
     3
1070
   143
1040
0.03937007874
1070
   274
1070
     3
1070
   141
1040
2.5
1070
   272
1070
     2
1070
   172
1070
     1
1070
    74
1070
     0
1070
   283
1070
     0
1070
   284
1070
     8
1002
}
  0
DIMENSION
  5
3A1
330
3E2
100
AcDbEntity
  8
A-DIM
100
AcDbDimension
280
     0
 10
7700.0
 20
-21200.0
 30
0.0
 11
7698.125
 21
-17000.0
 31
0.0
 70
    32
  1
8400
 71
     5
 42
-1.0
 73
     0
 74
     0
 75
     0
  3
QCADDimStyle
100
AcDbAlignedDimension
 13
6000.0
 23
-21200.0
 33
0.0
 14
6000.0
 24
-12800.0
 34
0.0
 50
90.0
100
AcDbRotatedDimension
1001
ACAD
1000
DSTYLE
1002
{
1070
   171
1070
     3
1070
   143
1040
0.03937007874
1070
   274
1070
     3
1070
   141
1040
2.5
1070
   272
1070
     2
1070
   172
1070
     1
1070
    74
1070
     0
1070
   283
1070
     0
1070
   284
1070
     8
1002
}
  0
MTEXT
  5
3B1
330
3E2
100
AcDbEntity
  8
A-TEXT
100
AcDbMText
 10
-6800.0
 20
-11300.0
 30
0.0
 40
220.0
 41
0.0
 46
0.0
 71
     1
 72
     1
  1
屋顶平面 1:50
  7
textstyle3
 73
     1
 44
1.0
  0
MTEXT
  5
3B2
330
3E2
100
AcDbEntity
  8
A-TEXT
100
AcDbMText
 10
-7000.0
 20
10800.0
 30
0.0
 40
260.0
 41
0.0
 46
0.0
 71
     1
 72
     1
  1
南立面 1:50
  7
textstyle3
 73
     1
 44
1.0
  0
MTEXT
  5
3B3
330
3E2
100
AcDbEntity
  8
A-TEXT
100
AcDbMText
 10
16000.0
 20
10800.0
 30
0.0
 40
260.0
 41
0.0
 46
0.0
 71
     1
 72
     1
  1
横剖面 1:50
  7
textstyle3
 73
     1
 44
1.0
  0
MTEXT
  5
3B4
330
3E2
100
AcDbEntity
  8
A-TEXT
100
AcDbMText
 10
33500.0
 20
10800.0
 30
0.0
 40
260.0
 41
0.0
 46
0.0
 71
     1
 72
     1
  1
檐口构造详图 1:20
  7
textstyle3
 73
     1
 44
1.0
  0
MTEXT
  5
3B5
330
3E2
100
AcDbEntity
  8
A-TEXT
100
AcDbMText
 10
-7000.0
 20
-10000.0
 30
0.0
 40
260.0
 41
0.0
 46
0.0
 71
     1
 72
     1
  1
屋顶平面 1:50
  7
textstyle3
 73
     1
 44
1.0
  0
LINE
  5
3C4
330
3E2
100
AcDbEntity
  8
0
100
AcDbLine
 10
-7777.0
 20
-7777.0
 30
0.0
 11
-7666.0
 21
-7666.0
 31
0.0
  0
VIEWPORT
  5
4A8
330
4A4
100
AcDbEntity
 67
     1
  8
0
100
AcDbViewport
 10
128.5
 20
97.5
 30
0.0
 40
314.226
 41
222.18
 68
     1
 69
     1
 12
128.5
 22
97.5
 13
0.0
 23
0.0
 14
10.0
 24
10.0
 15
10.0
 25
10.0
 16
0.0
 26
0.0
 36
1.0
 17
0.0
 27
0.0
 37
0.0
 42
50.0
 43
0.0
 44
0.0
 45
222.18
 50
0.0
 51
0.0
 72
   100
 90
   557152
  1

281
     0
 71
     1
 74
     0
110
0.0
120
0.0
130
0.0
111
1.0
121
0.0
131
0.0
112
0.0
122
1.0
132
0.0
 79
     0
146
0.0
170
     0
 61
     5
348
3F2
292
     1
282
     1
141
0.0
142
0.0
 63
   256
361
4A9
  0
VIEWPORT
  5
3BB
330
4A4
100
AcDbEntity
 67
     1
  8
VIEWPORTS
100
AcDbViewport
 10
205.0
 20
430.0
 30
0.0
 40
380.0
 41
250.0
 68
     2
 69
     2
 12
0.0
 22
4200.0
 13
0.0
 23
0.0
 14
10.0
 24
10.0
 15
10.0
 25
10.0
 16
0.0
 26
0.0
 36
1.0
 17
0.0
 27
0.0
 37
0.0
 42
50.0
 43
0.0
 44
0.0
 45
12500.0
 50
0.0
 51
0.0
 72
   100
 90
   557152
  1

281
     0
 71
     1
 74
     0
110
0.0
120
0.0
130
0.0
111
1.0
121
0.0
131
0.0
112
0.0
122
1.0
132
0.0
 79
     0
146
0.0
170
     0
 61
     5
348
3F2
292
     1
282
     1
141
0.0
142
0.0
 63
   256
  0
VIEWPORT
  5
3BC
330
4A4
100
AcDbEntity
 67
     1
  8
VIEWPORTS
100
AcDbViewport
 10
575.0
 20
430.0
 30
0.0
 40
330.0
 41
250.0
 68
     3
 69
     3
 12
22000.0
 22
4200.0
 13
0.0
 23
0.0
 14
10.0
 24
10.0
 15
10.0
 25
10.0
 16
0.0
 26
0.0
 36
1.0
 17
0.0
 27
0.0
 37
0.0
 42
50.0
 43
0.0
 44
0.0
 45
12500.0
 50
0.0
 51
0.0
 72
   100
 90
   557152
  1

281
     0
 71
     1
 74
     0
110
0.0
120
0.0
130
0.0
111
1.0
121
0.0
131
0.0
112
0.0
122
1.0
132
0.0
 79
     0
146
0.0
170
     0
 61
     5
348
3F2
292
     1
282
     1
141
0.0
142
0.0
 63
   256
  0
VIEWPORT
  5
3BD
330
4A4
100
AcDbEntity
 67
     1
  8
VIEWPORTS
100
AcDbViewport
 10
190.0
 20
165.0
 30
0.0
 40
350.0
 41
220.0
 68
     4
 69
     4
 12
0.0
 22
-17000.0
 13
0.0
 23
0.0
 14
10.0
 24
10.0
 15
10.0
 25
10.0
 16
0.0
 26
0.0
 36
1.0
 17
0.0
 27
0.0
 37
0.0
 42
50.0
 43
0.0
 44
0.0
 45
12500.0
 50
0.0
 51
0.0
 72
   100
 90
   557152
  1

281
     0
 71
     1
 74
     0
110
0.0
120
0.0
130
0.0
111
1.0
121
0.0
131
0.0
112
0.0
122
1.0
132
0.0
 79
     0
146
0.0
170
     0
 61
     5
348
3F2
292
     1
282
     1
141
0.0
142
0.0
 63
   256
  0
VIEWPORT
  5
3BE
330
4A4
100
AcDbEntity
 67
     1
  8
VIEWPORTS
100
AcDbViewport
 10
500.0
 20
165.0
 30
0.0
 40
230.0
 41
220.0
 68
     5
 69
     5
 12
39000.0
 22
3200.0
 13
0.0
 23
0.0
 14
10.0
 24
10.0
 15
10.0
 25
10.0
 16
0.0
 26
0.0
 36
1.0
 17
0.0
 27
0.0
 37
0.0
 42
50.0
 43
0.0
 44
0.0
 45
7200.0
 50
0.0
 51
0.0
 72
   100
 90
   557152
  1

281
     0
 71
     1
 74
     0
110
0.0
120
0.0
130
0.0
111
1.0
121
0.0
131
0.0
112
0.0
122
1.0
132
0.0
 79
     0
146
0.0
170
     0
 61
     5
348
3F2
292
     1
282
     1
141
0.0
142
0.0
 63
   256
  0
MTEXT
  5
3BF
330
4A4
100
AcDbEntity
 67
     1
  8
A-TEXT
100
AcDbMText
 10
650.0
 20
70.0
 30
0.0
 40
4.0
 41
0.0
 46
0.0
 71
     1
 72
     1
  1
T0-B 古建局部专业样板 / L1 / DEMO ONLY
  7
textstyle3
 73
     1
 44
1.0
  0
ENDSEC
  0
SECTION
  2
OBJECTS
  0
DICTIONARY
  5
3D0
330
0
100
AcDbDictionary
281
     1
  3
ACAD_DETAILVIEWSTYLE
350
4E9
  3
ACAD_GROUP
350
3D1
  3
ACAD_IMAGE_VARS
350
459
  3
ACAD_LAYOUT
350
3DD
  3
ACAD_MATERIAL
350
406
  3
ACAD_MLEADERSTYLE
350
41E
  3
ACAD_MLINESTYLE
350
3DA
  3
ACAD_PLOTSETTINGS
350
3DC
  3
ACAD_PLOTSTYLENAME
350
3D2
  3
ACAD_SCALELIST
350
40A
  3
ACAD_SECTIONVIEWSTYLE
350
4EA
  3
ACAD_TABLESTYLE
350
41C
  3
ACAD_VISUALSTYLE
350
3ED
  3
ACDB_RECOMPOSE_DATA
350
4E6
  3
AcDbVariableDictionary
350
4B2
  3
QCAD_OBJECTS
350
422
  0
SUN
  5
420
330
3EC
100
AcDbSun
 90
        1
290
     0
 63
     7
421
 16777215
 40
1.0
291
     1
 91
  2455826
 92
 54000000
292
     0
 70
     2
 71
   256
280
     1
  0
SUN
  5
4A3
330
4A2
100
AcDbSun
 90
        1
290
     0
 63
     7
421
 16777215
 40
1.0
291
     1
 91
  2455826
 92
 54000000
292
     0
 70
     2
 71
   256
280
     1
  0
SUN
  5
4A9
330
4A8
100
AcDbSun
 90
        1
290
     0
 63
     7
421
 16777215
 40
1.0
291
     1
 91
  2455826
 92
 54000000
292
     0
 70
     2
 71
   256
280
     1
  0
DICTIONARY
  5
4E9
102
{ACAD_REACTORS
330
3D0
102
}
330
3D0
100
AcDbDictionary
281
     1
  0
DICTIONARY
  5
3D1
102
{ACAD_REACTORS
330
3D0
102
}
330
3D0
100
AcDbDictionary
281
     1
  0
RASTERVARIABLES
  5
459
102
{ACAD_REACTORS
330
3D0
102
}
330
3D0
100
AcDbRasterVariables
 90
        0
 70
     1
 71
     1
 72
     1
  0
DICTIONARY
  5
3DD
102
{ACAD_REACTORS
330
3D0
102
}
330
3D0
100
AcDbDictionary
281
     1
  3
A1-T0B
350
4A5
  3
Layout1
350
3E1
  3
Model
350
3E5
  0
DICTIONARY
  5
406
102
{ACAD_REACTORS
330
3D0
102
}
330
3D0
100
AcDbDictionary
281
     1
  3
ByBlock
350
408
  3
ByLayer
350
407
  3
Global
350
409
  0
DICTIONARY
  5
41E
102
{ACAD_REACTORS
330
3D0
102
}
330
3D0
100
AcDbDictionary
281
     1
  3
Standard
350
41F
  0
DICTIONARY
  5
3DA
102
{ACAD_REACTORS
330
3D0
102
}
330
3D0
100
AcDbDictionary
281
     1
  3
Standard
350
3DB
  0
DICTIONARY
  5
3DC
102
{ACAD_REACTORS
330
3D0
102
}
330
3D0
100
AcDbDictionary
281
     1
  0
ACDBDICTIONARYWDFLT
  5
3D2
102
{ACAD_REACTORS
330
3D0
102
}
330
3D0
100
AcDbDictionary
281
     1
  3
Normal
350
3D3
100
AcDbDictionaryWithDefault
340
3D3
  0
DICTIONARY
  5
40A
102
{ACAD_REACTORS
330
3D0
102
}
330
3D0
100
AcDbDictionary
281
     1
  3
A0
350
40B
  3
A1
350
40C
  3
A2
350
40D
  3
A3
350
40E
  3
A4
350
40F
  3
A5
350
410
  3
A6
350
411
  3
A7
350
412
  3
A8
350
413
  3
A9
350
414
  3
B1
350
415
  3
B2
350
416
  3
B3
350
417
  3
B4
350
418
  3
B5
350
419
  3
B6
350
41A
  3
B7
350
41B
  0
DICTIONARY
  5
4EA
102
{ACAD_REACTORS
330
3D0
102
}
330
3D0
100
AcDbDictionary
281
     1
  0
DICTIONARY
  5
41C
102
{ACAD_REACTORS
330
3D0
102
}
330
3D0
100
AcDbDictionary
281
     1
  3
Standard
350
41D
  0
DICTIONARY
  5
3ED
102
{ACAD_REACTORS
330
3D0
102
}
330
3D0
100
AcDbDictionary
281
     1
  3
2dWireframe
350
3F2
  3
Basic
350
3F5
  3
Brighten
350
3F9
  3
ColorChange
350
3FD
  3
Conceptual
350
3F7
  3
Dim
350
3F8
  3
EdgeColorOff
350
400
  3
Facepattern
350
3FC
  3
Flat
350
3EE
  3
FlatWithEdges
350
3EF
  3
Gouraud
350
3F0
  3
GouraudWithEdges
350
3F1
  3
Hidden
350
3F4
  3
JitterOff
350
3FE
  3
Linepattern
350
3FB
  3
OverhangOff
350
3FF
  3
Realistic
350
3F6
  3
Shaded
350
405
  3
Shaded with edges
350
404
  3
Shades of Gray
350
401
  3
Sketchy
350
402
  3
Thicken
350
3FA
  3
Wireframe
350
3F3
  3
X-Ray
350
403
  0
XRECORD
  5
4E6
102
{ACAD_REACTORS
330
3D0
102
}
330
3D0
100
AcDbXrecord
280
     1
 90
        1
330
41D
  0
DICTIONARY
  5
4B2
102
{ACAD_REACTORS
330
3D0
102
}
330
3D0
100
AcDbDictionary
281
     1
  3
CANNOSCALE
350
4B3
  3
CMLEADERSTYLE
350
4E8
  3
CTABLESTYLE
350
4E7
  0
DICTIONARY
  5
422
102
{ACAD_REACTORS
330
3D0
102
}
330
3D0
100
AcDbDictionary
281
     1
  3
ColorSettings/BackgroundColor
350
424
  3
ColorSettings/ColorMode
350
425
  3
Grid/DisplayGrid00
350
426
  3
Grid/DisplayGrid01
350
427
  3
Grid/DisplayGrid02
350
428
  3
Grid/DisplayGrid03
350
429
  3
Grid/GridSpacingX00
350
42A
  3
Grid/GridSpacingX01
350
42B
  3
Grid/GridSpacingX02
350
42C
  3
Grid/GridSpacingX03
350
42D
  3
Grid/GridSpacingY00
350
42E
  3
Grid/GridSpacingY01
350
42F
  3
Grid/GridSpacingY02
350
430
  3
Grid/GridSpacingY03
350
431
  3
Grid/IsometricGrid00
350
432
  3
Grid/IsometricGrid01
350
433
  3
Grid/IsometricGrid02
350
434
  3
Grid/IsometricGrid03
350
435
  3
Grid/IsometricProjection00
350
436
  3
Grid/IsometricProjection01
350
437
  3
Grid/IsometricProjection02
350
438
  3
Grid/IsometricProjection03
350
439
  3
Grid/MetaGridSpacingX00
350
43A
  3
Grid/MetaGridSpacingX01
350
43B
  3
Grid/MetaGridSpacingX02
350
43C
  3
Grid/MetaGridSpacingX03
350
43D
  3
Grid/MetaGridSpacingY00
350
43E
  3
Grid/MetaGridSpacingY01
350
43F
  3
Grid/MetaGridSpacingY02
350
440
  3
Grid/MetaGridSpacingY03
350
441
  3
MultiPageSettings/Columns
350
442
  3
MultiPageSettings/GlueMarginsBottom
350
443
  3
MultiPageSettings/GlueMarginsLeft
350
444
  3
MultiPageSettings/GlueMarginsRight
350
445
  3
MultiPageSettings/GlueMarginsTop
350
446
  3
MultiPageSettings/PrintCropMarks
350
447
  3
MultiPageSettings/Rows
350
448
  3
PageSettings/OffsetX
350
449
  3
PageSettings/OffsetY
350
44A
  3
PageSettings/PageOrientation
350
44B
  3
PageSettings/PaperHeight
350
44C
  3
PageSettings/PaperWidth
350
44D
  3
PageSettings/Scale
350
44E
  3
PageSettings/ShowPaperBorders
350
44F
  3
PageTagSettings/EnablePageTags
350
450
  3
PageTagSettings/TagAlignment
350
451
  3
PageTagSettings/TagFont
350
452
  3
PageTagSettings/TagPosition
350
453
  3
QCADVersion
350
454
  3
UnitSettings/PaperUnit
350
455
  3
ViewportCenter
350
456
  3
ViewportHeight
350
457
  3
ViewportWidth
350
458
  0
LAYOUT
  5
4A5
102
{ACAD_REACTORS
330
3DD
102
}
330
3DD
100
AcDbPlotSettings
  1

  2
none_device
  4
ISO_A4_(210.00_x_297.00_MM)
  6

 40
7.5
 41
20.0
 42
7.5
 43
20.0
 44
210.0
 45
297.0
 46
0.0
 47
0.0
 48
0.0
 49
0.0
140
0.0
141
0.0
142
1.0
143
1.0
 70
   688
 72
     1
 73
     1
 74
     5
  7

 75
    16
 76
     0
 77
     2
 78
   300
147
1.0
148
0.0
149
0.0
100
AcDbLayout
  1
A1-T0B
 70
     1
 71
     2
 10
-10.0
 20
-10.0
 11
831.0
 21
584.0
 12
0.0
 22
0.0
 32
0.0
 14
1.000000000000000E+20
 24
1.000000000000000E+20
 34
1.000000000000000E+20
 15
-1.000000000000000E+20
 25
-1.000000000000000E+20
 35
-1.000000000000000E+20
146
0.0
 13
0.0
 23
0.0
 33
0.0
 16
1.0
 26
0.0
 36
0.0
 17
0.0
 27
1.0
 37
0.0
 76
     0
330
4A4
331
4A8
  0
LAYOUT
  5
3E1
102
{ACAD_REACTORS
330
3DD
102
}
330
3DD
100
AcDbPlotSettings
  1

  2
none_device
  4
ISO_A4_(210.00_x_297.00_MM)
  6

 40
7.5
 41
20.0
 42
7.5
 43
20.0
 44
210.0
 45
297.0
 46
0.0
 47
0.0
 48
0.0
 49
0.0
140
0.0
141
0.0
142
1.0
143
1.0
 70
   688
 72
     1
 73
     1
 74
     5
  7

 75
    16
 76
     0
 77
     2
 78
   300
147
1.0
148
0.0
149
0.0
100
AcDbLayout
  1
Layout1
 70
     1
 71
     1
 10
-20.0
 20
-7.5
 11
277.0
 21
202.5
 12
0.0
 22
0.0
 32
0.0
 14
1.000000000000000E+20
 24
1.000000000000000E+20
 34
1.000000000000000E+20
 15
-1.000000000000000E+20
 25
-1.000000000000000E+20
 35
-1.000000000000000E+20
146
0.0
 13
0.0
 23
0.0
 33
0.0
 16
1.0
 26
0.0
 36
0.0
 17
0.0
 27
1.0
 37
0.0
 76
     0
330
3DE
331
4A2
  0
LAYOUT
  5
3E5
102
{ACAD_REACTORS
330
3DD
102
}
330
3DD
100
AcDbPlotSettings
  1

  2
none_device
  4
Letter_(8.50_x_11.00_Inches)
  6

 40
6.35
 41
6.35
 42
6.35000508
 43
6.35000508
 44
215.9
 45
279.4
 46
0.0
 47
0.0
 48
0.0
 49
0.0
140
0.0
141
0.0
142
1.0
143
1.0
 70
  1712
 72
     0
 73
     0
 74
     0
  7

 75
     0
 76
     0
 77
     2
 78
   300
147
1.0
148
0.0
149
0.0
100
AcDbLayout
  1
Model
 70
     1
 71
     0
 10
0.0
 20
0.0
 11
420.0
 21
297.0
 12
0.0
 22
0.0
 32
0.0
 14
-7800.0
 24
-23501.25
 34
0.0
 15
44081.09826589596
 25
10800.0
 35
0.0
146
0.0
 13
0.0
 23
0.0
 33
0.0
 16
1.0
 26
0.0
 36
0.0
 17
0.0
 27
1.0
 37
0.0
 76
     0
330
3E2
331
3EC
  0
MATERIAL
  5
408
102
{ACAD_REACTORS
330
406
102
}
330
406
100
AcDbMaterial
  1
ByBlock
 72
     1
 94
      127
  0
MATERIAL
  5
407
102
{ACAD_REACTORS
330
406
102
}
330
406
100
AcDbMaterial
  1
ByLayer
 72
     1
 94
      127
  0
MATERIAL
  5
409
102
{ACAD_REACTORS
330
406
102
}
330
406
100
AcDbMaterial
  1
Global
 72
     1
 94
      127
  0
MLEADERSTYLE
  5
41F
102
{ACAD_REACTORS
330
41E
102
}
330
41E
100
AcDbMLeaderStyle
179
     2
170
     2
171
     1
172
     0
 90
        2
 40
0.0
 41
0.0
173
     1
 91
-1056964608
340
3D7
 92
       -2
290
     1
 42
0.09
291
     1
 43
0.36
  3
Standard
341
0
 44
0.18
300

342
3D5
174
     1
178
     6
175
     1
176
     0
 93
-1056964608
 45
0.18
292
     0
297
     0
 46
0.18
343
0
 94
-1056964608
 47
1.0
 49
1.0
140
1.0
293
     1
141
0.0
294
     1
177
     0
142
1.0
295
     0
296
     0
143
0.125
271
     0
272
     9
273
     9
  0
MLINESTYLE
  5
3DB
102
{ACAD_REACTORS
330
3DA
102
}
330
3DA
100
AcDbMlineStyle
  2
Standard
 70
     0
  3

 62
   256
 51
90.0
 52
90.0
 71
     2
 49
0.5
 62
   256
  6
BYLAYER
 49
-0.5
 62
   256
  6
BYLAYER
  0
ACDBPLACEHOLDER
  5
3D3
102
{ACAD_REACTORS
330
3D2
102
}
330
3D2
  0
SCALE
  5
40B
102
{ACAD_REACTORS
330
40A
102
}
330
40A
100
AcDbScale
 70
     0
300
1:1
140
1.0
141
1.0
290
     1
  0
SCALE
  5
40C
102
{ACAD_REACTORS
330
40A
102
}
330
40A
100
AcDbScale
 70
     0
300
1/128" = 1'-0"
140
0.0078125
141
12.0
290
     0
  0
SCALE
  5
40D
102
{ACAD_REACTORS
330
40A
102
}
330
40A
100
AcDbScale
 70
     0
300
1/64" = 1'-0"
140
0.015625
141
12.0
290
     0
  0
SCALE
  5
40E
102
{ACAD_REACTORS
330
40A
102
}
330
40A
100
AcDbScale
 70
     0
300
1/32" = 1'-0"
140
0.03125
141
12.0
290
     0
  0
SCALE
  5
40F
102
{ACAD_REACTORS
330
40A
102
}
330
40A
100
AcDbScale
 70
     0
300
1/16" = 1'-0"
140
0.0625
141
12.0
290
     0
  0
SCALE
  5
410
102
{ACAD_REACTORS
330
40A
102
}
330
40A
100
AcDbScale
 70
     0
300
3/32" = 1'-0"
140
0.09375
141
12.0
290
     0
  0
SCALE
  5
411
102
{ACAD_REACTORS
330
40A
102
}
330
40A
100
AcDbScale
 70
     0
300
1/8" = 1'-0"
140
0.125
141
12.0
290
     0
  0
SCALE
  5
412
102
{ACAD_REACTORS
330
40A
102
}
330
40A
100
AcDbScale
 70
     0
300
3/16" = 1'-0"
140
0.1875
141
12.0
290
     0
  0
SCALE
  5
413
102
{ACAD_REACTORS
330
40A
102
}
330
40A
100
AcDbScale
 70
     0
300
1/4" = 1'-0"
140
0.25
141
12.0
290
     0
  0
SCALE
  5
414
102
{ACAD_REACTORS
330
40A
102
}
330
40A
100
AcDbScale
 70
     0
300
3/8" = 1'-0"
140
0.375
141
12.0
290
     0
  0
SCALE
  5
415
102
{ACAD_REACTORS
330
40A
102
}
330
40A
100
AcDbScale
 70
     0
300
1/2" = 1'-0"
140
0.5
141
12.0
290
     0
  0
SCALE
  5
416
102
{ACAD_REACTORS
330
40A
102
}
330
40A
100
AcDbScale
 70
     0
300
3/4" = 1'-0"
140
0.75
141
12.0
290
     0
  0
SCALE
  5
417
102
{ACAD_REACTORS
330
40A
102
}
330
40A
100
AcDbScale
 70
     0
300
1" = 1'-0"
140
1.0
141
12.0
290
     0
  0
SCALE
  5
418
102
{ACAD_REACTORS
330
40A
102
}
330
40A
100
AcDbScale
 70
     0
300
1-1/2" = 1'-0"
140
1.5
141
12.0
290
     0
  0
SCALE
  5
419
102
{ACAD_REACTORS
330
40A
102
}
330
40A
100
AcDbScale
 70
     0
300
3" = 1'-0"
140
3.0
141
12.0
290
     0
  0
SCALE
  5
41A
102
{ACAD_REACTORS
330
40A
102
}
330
40A
100
AcDbScale
 70
     0
300
6" = 1'-0"
140
6.0
141
12.0
290
     0
  0
SCALE
  5
41B
102
{ACAD_REACTORS
330
40A
102
}
330
40A
100
AcDbScale
 70
     0
300
1'-0" = 1'-0"
140
12.0
141
12.0
290
     0
  0
TABLESTYLE
  5
41D
102
{ACAD_REACTORS
330
41C
102
}
102
{ACAD_XDICTIONARY
360
4E4
102
}
330
41C
100
AcDbTableStyle
  3
Standard
 70
     0
 71
     0
 40
0.06
 41
0.06
280
     0
281
     0
  7
Standard
140
0.18
170
     2
 62
     0
 63
   257
283
     0
 90
        4
 91
        0
  1

274
    -2
284
     1
 64
     0
275
    -2
285
     1
 65
     0
276
    -2
286
     1
 66
     0
277
    -2
287
     1
 67
     0
278
    -2
288
     1
 68
     0
279
    -2
289
     1
 69
     0
  7
Standard
140
0.25
170
     5
 62
     0
 63
   257
283
     0
 90
        4
 91
        0
  1

274
    -2
284
     1
 64
     0
275
    -2
285
     1
 65
     0
276
    -2
286
     1
 66
     0
277
    -2
287
     1
 67
     0
278
    -2
288
     1
 68
     0
279
    -2
289
     1
 69
     0
  7
Standard
140
0.18
170
     5
 62
     0
 63
   257
283
     0
 90
        4
 91
        0
  1

274
    -2
284
     1
 64
     0
275
    -2
285
     1
 65
     0
276
    -2
286
     1
 66
     0
277
    -2
287
     1
 67
     0
278
    -2
288
     1
 68
     0
279
    -2
289
     1
 69
     0
  0
VISUALSTYLE
  5
3F2
102
{ACAD_REACTORS
330
3ED
102
}
102
{ACAD_XDICTIONARY
360
4BC
102
}
330
3ED
100
AcDbVisualStyle
  2
2dWireframe
 70
     4
177
     2
291
     0
 71
     0
176
     1
 72
     2
176
     1
 73
     0
176
     1
 90
        0
176
     1
 40
0.6
176
     1
 41
30.0
176
     1
 62
     5
 63
     7
421
 16777215
176
     1
 74
     1
176
     1
 91
        4
176
     1
 64
     7
176
     1
 65
   257
176
     1
 75
     1
176
     1
175
     1
176
     1
 42
1.0
176
     1
 92
        0
176
     1
 66
   257
176
     1
 43
1.0
176
     1
 76
     1
176
     1
 77
     6
176
     1
 78
     2
176
     1
 67
     7
176
     1
 79
     5
176
     1
170
     0
176
     1
171
     0
176
     1
290
     0
176
     1
 93
        1
176
     1
 44
0.0
176
     1
173
     0
176
     1
  0
VISUALSTYLE
  5
3F5
102
{ACAD_REACTORS
330
3ED
102
}
102
{ACAD_XDICTIONARY
360
4C2
102
}
330
3ED
100
AcDbVisualStyle
  2
Basic
 70
     7
177
     2
291
     1
 71
     1
176
     1
 72
     0
176
     1
 73
     1
176
     1
 90
        0
176
     1
 40
0.6
176
     1
 41
30.0
176
     1
 62
     5
 63
     7
421
 16777215
176
     1
 74
     0
176
     1
 91
        4
176
     1
 64
     7
176
     1
 65
   257
176
     1
 75
     1
176
     1
175
     1
176
     1
 42
1.0
176
     1
 92
        8
176
     1
 66
     7
176
     1
 43
1.0
176
     1
 76
     1
176
     1
 77
     6
176
     1
 78
     2
176
     1
 67
     7
176
     1
 79
     5
176
     1
170
     0
176
     1
171
     0
176
     1
290
     0
176
     1
 93
        1
176
     1
 44
0.0
176
     1
173
     0
176
     1
  0
VISUALSTYLE
  5
3F9
102
{ACAD_REACTORS
330
3ED
102
}
102
{ACAD_XDICTIONARY
360
4CA
102
}
330
3ED
100
AcDbVisualStyle
  2
Brighten
 70
    12
177
     2
291
     1
 71
     2
176
     1
 72
     2
176
     1
 73
     0
176
     1
 90
        0
176
     1
 40
0.6
176
     1
 41
30.0
176
     1
 62
     5
 63
     7
421
 16777215
176
     1
 74
     1
176
     1
 91
        4
176
     1
 64
     7
176
     1
 65
   257
176
     1
 75
     1
176
     1
175
     1
176
     1
 42
1.0
176
     1
 92
        8
176
     1
 66
     7
176
     1
 43
1.0
176
     1
 76
     1
176
     1
 77
     6
176
     1
 78
     2
176
     1
 67
     7
176
     1
 79
     5
176
     1
170
     0
176
     1
171
     0
176
     1
290
     0
176
     1
 93
        1
176
     1
 44
50.0
176
     1
173
     0
176
     1
  0
VISUALSTYLE
  5
3FD
102
{ACAD_REACTORS
330
3ED
102
}
102
{ACAD_XDICTIONARY
360
4D2
102
}
330
3ED
100
AcDbVisualStyle
  2
ColorChange
 70
    16
177
     2
291
     1
 71
     2
176
     1
 72
     2
176
     1
 73
     3
176
     1
 90
        0
176
     1
 40
0.6
176
     1
 41
30.0
176
     1
 62
     5
 63
     8
421
  8421504
176
     1
 74
     1
176
     1
 91
        4
176
     1
 64
     7
176
     1
 65
   257
176
     1
 75
     1
176
     1
175
     1
176
     1
 42
1.0
176
     1
 92
        8
176
     1
 66
     8
424
  8421504
176
     1
 43
1.0
176
     1
 76
     1
176
     1
 77
     6
176
     1
 78
     2
176
     1
 67
     7
176
     1
 79
     5
176
     1
170
     0
176
     1
171
     0
176
     1
290
     0
176
     1
 93
        1
176
     1
 44
0.0
176
     1
173
     0
176
     1
  0
VISUALSTYLE
  5
3F7
102
{ACAD_REACTORS
330
3ED
102
}
102
{ACAD_XDICTIONARY
360
4C6
102
}
330
3ED
100
AcDbVisualStyle
  2
Conceptual
 70
     9
177
     2
291
     0
 71
     3
176
     1
 72
     2
176
     1
 73
     0
176
     1
 90
        0
176
     1
 40
0.6
176
     1
 41
30.0
176
     1
 62
     5
 63
     7
421
 16777215
176
     1
 74
     2
176
     1
 91
        2
176
     1
 64
     7
176
     1
 65
   257
176
     1
 75
     1
176
     1
175
     1
176
     1
 42
179.0
176
     1
 92
        8
176
     1
 66
     7
176
     1
 43
1.0
176
     1
 76
     1
176
     1
 77
     6
176
     1
 78
     2
176
     1
 67
     7
176
     1
 79
     3
176
     1
170
     0
176
     1
171
     0
176
     1
290
     0
176
     1
 93
        1
176
     1
 44
0.0
176
     1
173
     0
176
     1
  0
VISUALSTYLE
  5
3F8
102
{ACAD_REACTORS
330
3ED
102
}
102
{ACAD_XDICTIONARY
360
4C8
102
}
330
3ED
100
AcDbVisualStyle
  2
Dim
 70
    11
177
     2
291
     1
 71
     2
176
     1
 72
     2
176
     1
 73
     0
176
     1
 90
        0
176
     1
 40
0.6
176
     1
 41
30.0
176
     1
 62
     5
 63
     7
421
 16777215
176
     1
 74
     1
176
     1
 91
        4
176
     1
 64
     7
176
     1
 65
   257
176
     1
 75
     1
176
     1
175
     1
176
     1
 42
1.0
176
     1
 92
        8
176
     1
 66
     7
176
     1
 43
1.0
176
     1
 76
     1
176
     1
 77
     6
176
     1
 78
     2
176
     1
 67
     7
176
     1
 79
     5
176
     1
170
     0
176
     1
171
     0
176
     1
290
     0
176
     1
 93
        1
176
     1
 44
-50.0
176
     1
173
     0
176
     1
  0
VISUALSTYLE
  5
400
102
{ACAD_REACTORS
330
3ED
102
}
102
{ACAD_XDICTIONARY
360
4D8
102
}
330
3ED
100
AcDbVisualStyle
  2
EdgeColorOff
 70
    22
177
     2
291
     1
 71
     2
176
     0
 72
     2
176
     0
 73
     0
176
     0
 90
        0
176
     0
 40
0.6
176
     0
 41
30.0
176
     0
 62
     5
 63
     7
421
 16777215
176
     0
 74
     1
176
     0
 91
        4
176
     0
 64
     7
176
     0
 65
   257
176
     0
 75
     1
176
     0
175
     1
176
     0
 42
1.0
176
     0
 92
        8
176
     2
 66
     7
176
     0
 43
1.0
176
     0
 76
     1
176
     0
 77
     6
176
     0
 78
     2
176
     0
 67
     7
176
     0
 79
     5
176
     0
170
     0
176
     0
171
     0
176
     0
290
     0
176
     0
 93
        1
176
     0
 44
0.0
176
     0
173
     0
176
     0
  0
VISUALSTYLE
  5
3FC
102
{ACAD_REACTORS
330
3ED
102
}
102
{ACAD_XDICTIONARY
360
4D0
102
}
330
3ED
100
AcDbVisualStyle
  2
Facepattern
 70
    15
177
     2
291
     1
 71
     2
176
     1
 72
     2
176
     1
 73
     0
176
     1
 90
        0
176
     1
 40
0.6
176
     1
 41
30.0
176
     1
 62
     5
 63
     7
421
 16777215
176
     1
 74
     1
176
     1
 91
        4
176
     1
 64
     7
176
     1
 65
   257
176
     1
 75
     1
176
     1
175
     1
176
     1
 42
1.0
176
     1
 92
        8
176
     1
 66
     7
176
     1
 43
1.0
176
     1
 76
     1
176
     1
 77
     6
176
     1
 78
     2
176
     1
 67
     7
176
     1
 79
     5
176
     1
170
     0
176
     1
171
     0
176
     1
290
     0
176
     1
 93
        1
176
     1
 44
0.0
176
     1
173
     0
176
     1
  0
VISUALSTYLE
  5
3EE
102
{ACAD_REACTORS
330
3ED
102
}
102
{ACAD_XDICTIONARY
360
4B4
102
}
330
3ED
100
AcDbVisualStyle
  2
Flat
 70
     0
177
     2
291
     1
 71
     2
176
     1
 72
     1
176
     1
 73
     1
176
     1
 90
        2
176
     1
 40
0.6
176
     1
 41
30.0
176
     1
 62
     5
 63
     7
421
 16777215
176
     1
 74
     0
176
     1
 91
        0
176
     1
 64
     7
176
     1
 65
   257
176
     1
 75
     1
176
     1
175
     1
176
     1
 42
1.0
176
     1
 92
        8
176
     1
 66
     7
176
     1
 43
1.0
176
     1
 76
     1
176
     1
 77
     6
176
     1
 78
     2
176
     1
 67
     7
176
     1
 79
     5
176
     1
170
     0
176
     1
171
     0
176
     1
290
     0
176
     1
 93
       13
176
     1
 44
0.0
176
     1
173
     0
176
     1
  0
VISUALSTYLE
  5
3EF
102
{ACAD_REACTORS
330
3ED
102
}
102
{ACAD_XDICTIONARY
360
4B6
102
}
330
3ED
100
AcDbVisualStyle
  2
FlatWithEdges
 70
     1
177
     2
291
     1
 71
     2
176
     1
 72
     1
176
     1
 73
     1
176
     1
 90
        2
176
     1
 40
0.6
176
     1
 41
30.0
176
     1
 62
     5
 63
     7
421
 16777215
176
     1
 74
     1
176
     1
 91
        0
176
     1
 64
     7
176
     1
 65
   257
176
     1
 75
     1
176
     1
175
     1
176
     1
 42
1.0
176
     1
 92
        0
176
     1
 66
   257
176
     1
 43
1.0
176
     1
 76
     1
176
     1
 77
     6
176
     1
 78
     2
176
     1
 67
     7
176
     1
 79
     5
176
     1
170
     0
176
     1
171
     0
176
     1
290
     0
176
     1
 93
       13
176
     1
 44
0.0
176
     1
173
     0
176
     1
  0
VISUALSTYLE
  5
3F0
102
{ACAD_REACTORS
330
3ED
102
}
102
{ACAD_XDICTIONARY
360
4B8
102
}
330
3ED
100
AcDbVisualStyle
  2
Gouraud
 70
     2
177
     2
291
     1
 71
     2
176
     1
 72
     2
176
     1
 73
     1
176
     1
 90
        2
176
     1
 40
0.6
176
     1
 41
30.0
176
     1
 62
     5
 63
     7
421
 16777215
176
     1
 74
     0
176
     1
 91
        0
176
     1
 64
     7
176
     1
 65
   257
176
     1
 75
     1
176
     1
175
     1
176
     1
 42
1.0
176
     1
 92
        0
176
     1
 66
     7
176
     1
 43
1.0
176
     1
 76
     1
176
     1
 77
     6
176
     1
 78
     2
176
     1
 67
     7
176
     1
 79
     5
176
     1
170
     0
176
     1
171
     0
176
     1
290
     0
176
     1
 93
       13
176
     1
 44
0.0
176
     1
173
     0
176
     1
  0
VISUALSTYLE
  5
3F1
102
{ACAD_REACTORS
330
3ED
102
}
102
{ACAD_XDICTIONARY
360
4BA
102
}
330
3ED
100
AcDbVisualStyle
  2
GouraudWithEdges
 70
     3
177
     2
291
     1
 71
     2
176
     1
 72
     2
176
     1
 73
     1
176
     1
 90
        2
176
     1
 40
0.6
176
     1
 41
30.0
176
     1
 62
     5
 63
     7
421
 16777215
176
     1
 74
     1
176
     1
 91
        0
176
     1
 64
     7
176
     1
 65
   257
176
     1
 75
     1
176
     1
175
     1
176
     1
 42
1.0
176
     1
 92
        0
176
     1
 66
   257
176
     1
 43
1.0
176
     1
 76
     1
176
     1
 77
     6
176
     1
 78
     2
176
     1
 67
     7
176
     1
 79
     5
176
     1
170
     0
176
     1
171
     0
176
     1
290
     0
176
     1
 93
       13
176
     1
 44
0.0
176
     1
173
     0
176
     1
  0
VISUALSTYLE
  5
3F4
102
{ACAD_REACTORS
330
3ED
102
}
102
{ACAD_XDICTIONARY
360
4C0
102
}
330
3ED
100
AcDbVisualStyle
  2
Hidden
 70
     6
177
     2
291
     0
 71
     1
176
     1
 72
     2
176
     1
 73
     2
176
     1
 90
        0
176
     1
 40
0.6
176
     1
 41
30.0
176
     1
 62
     5
 63
     7
421
 16777215
176
     1
 74
     2
176
     1
 91
        2
176
     1
 64
     7
176
     1
 65
   257
176
     1
 75
     2
176
     1
175
     1
176
     1
 42
40.0
176
     1
 92
        0
176
     1
 66
   257
176
     1
 43
1.0
176
     1
 76
     1
176
     1
 77
     6
176
     1
 78
     2
176
     1
 67
     7
176
     1
 79
     3
176
     1
170
     0
176
     1
171
     0
176
     1
290
     0
176
     1
 93
        1
176
     1
 44
0.0
176
     1
173
     0
176
     1
  0
VISUALSTYLE
  5
3FE
102
{ACAD_REACTORS
330
3ED
102
}
102
{ACAD_XDICTIONARY
360
4D4
102
}
330
3ED
100
AcDbVisualStyle
  2
JitterOff
 70
    20
177
     2
291
     1
 71
     2
176
     0
 72
     2
176
     0
 73
     0
176
     0
 90
        0
176
     0
 40
0.6
176
     0
 41
30.0
176
     0
 62
     5
 63
     7
421
 16777215
176
     0
 74
     1
176
     0
 91
        4
176
     0
 64
     7
176
     0
 65
   257
176
     0
 75
     1
176
     0
175
     1
176
     0
 42
1.0
176
     0
 92
       10
176
     2
 66
     7
176
     0
 43
1.0
176
     0
 76
     1
176
     0
 77
     6
176
     0
 78
     2
176
     0
 67
     7
176
     0
 79
     5
176
     0
170
     0
176
     0
171
     0
176
     0
290
     0
176
     0
 93
        1
176
     0
 44
0.0
176
     0
173
     0
176
     0
  0
VISUALSTYLE
  5
3FB
102
{ACAD_REACTORS
330
3ED
102
}
102
{ACAD_XDICTIONARY
360
4CE
102
}
330
3ED
100
AcDbVisualStyle
  2
Linepattern
 70
    14
177
     2
291
     1
 71
     2
176
     1
 72
     2
176
     1
 73
     0
176
     1
 90
        0
176
     1
 40
0.6
176
     1
 41
30.0
176
     1
 62
     5
 63
     7
421
 16777215
176
     1
 74
     1
176
     1
 91
        4
176
     1
 64
     7
176
     1
 65
   257
176
     1
 75
     7
176
     1
175
     7
176
     1
 42
1.0
176
     1
 92
        8
176
     1
 66
     7
176
     1
 43
1.0
176
     1
 76
     1
176
     1
 77
     6
176
     1
 78
     2
176
     1
 67
     7
176
     1
 79
     5
176
     1
170
     0
176
     1
171
     0
176
     1
290
     0
176
     1
 93
        1
176
     1
 44
0.0
176
     1
173
     0
176
     1
  0
VISUALSTYLE
  5
3FF
102
{ACAD_REACTORS
330
3ED
102
}
102
{ACAD_XDICTIONARY
360
4D6
102
}
330
3ED
100
AcDbVisualStyle
  2
OverhangOff
 70
    21
177
     2
291
     1
 71
     2
176
     0
 72
     2
176
     0
 73
     0
176
     0
 90
        0
176
     0
 40
0.6
176
     0
 41
30.0
176
     0
 62
     5
 63
     7
421
 16777215
176
     0
 74
     1
176
     0
 91
        4
176
     0
 64
     7
176
     0
 65
   257
176
     0
 75
     1
176
     0
175
     1
176
     0
 42
1.0
176
     0
 92
        9
176
     2
 66
     7
176
     0
 43
1.0
176
     0
 76
     1
176
     0
 77
     6
176
     0
 78
     2
176
     0
 67
     7
176
     0
 79
     5
176
     0
170
     0
176
     0
171
     0
176
     0
290
     0
176
     0
 93
        1
176
     0
 44
0.0
176
     0
173
     0
176
     0
  0
VISUALSTYLE
  5
3F6
102
{ACAD_REACTORS
330
3ED
102
}
102
{ACAD_XDICTIONARY
360
4C4
102
}
330
3ED
100
AcDbVisualStyle
  2
Realistic
 70
     8
177
     2
291
     0
 71
     2
176
     1
 72
     3
176
     1
 73
     0
176
     1
 90
        2
176
     1
 40
0.6
176
     1
 41
30.0
176
     1
 62
     5
 63
     7
421
 16777215
176
     1
 74
     0
176
     1
 91
        0
176
     1
 64
     7
176
     1
 65
   257
176
     1
 75
     1
176
     1
175
     1
176
     1
 42
1.0
176
     1
 92
        8
176
     1
 66
   257
176
     1
 43
1.0
176
     1
 76
     1
176
     1
 77
     6
176
     1
 78
     2
176
     1
 67
     7
176
     1
 79
     3
176
     1
170
     0
176
     1
171
     0
176
     1
290
     0
176
     1
 93
       13
176
     1
 44
0.0
176
     1
173
     0
176
     1
  0
VISUALSTYLE
  5
405
102
{ACAD_REACTORS
330
3ED
102
}
102
{ACAD_XDICTIONARY
360
4E2
102
}
330
3ED
100
AcDbVisualStyle
  2
Shaded
 70
    27
177
     2
291
     0
 71
     2
176
     1
 72
     2
176
     1
 73
     1
176
     1
 90
        2
176
     1
 40
0.6
176
     1
 41
30.0
176
     1
 62
     5
 63
     7
421
 16777215
176
     1
 74
     0
176
     1
 91
        4
176
     1
 64
     7
176
     1
 65
   257
176
     1
 75
     1
176
     1
175
     1
176
     1
 42
1.0
176
     1
 92
        8
176
     1
 66
   257
176
     1
 43
1.0
176
     1
 76
     1
176
     1
 77
     6
176
     1
 78
     2
176
     1
 67
     8
425
  7895160
176
     1
 79
     3
176
     1
170
     0
176
     1
171
     0
176
     1
290
     0
176
     1
 93
        5
176
     1
 44
0.0
176
     1
173
     0
176
     1
  0
VISUALSTYLE
  5
404
102
{ACAD_REACTORS
330
3ED
102
}
102
{ACAD_XDICTIONARY
360
4E0
102
}
330
3ED
100
AcDbVisualStyle
  2
Shaded with edges
 70
    26
177
     2
291
     0
 71
     2
176
     1
 72
     2
176
     1
 73
     1
176
     1
 90
        2
176
     1
 40
0.6
176
     1
 41
30.0
176
     1
 62
     5
 63
     7
421
 16777215
176
     1
 74
     1
176
     1
 91
       10
176
     1
 64
     7
176
     1
 65
   257
176
     1
 75
     2
176
     1
175
     1
176
     1
 42
1.0
176
     1
 92
        8
176
     1
 66
   257
176
     1
 43
1.0
176
     1
 76
     1
176
     1
 77
     6
176
     1
 78
     2
176
     1
 67
     7
176
     1
 79
     3
176
     1
170
     0
176
     1
171
     0
176
     1
290
     0
176
     1
 93
        5
176
     1
 44
0.0
176
     1
173
     0
176
     1
  0
VISUALSTYLE
  5
401
102
{ACAD_REACTORS
330
3ED
102
}
102
{ACAD_XDICTIONARY
360
4DA
102
}
330
3ED
100
AcDbVisualStyle
  2
Shades of Gray
 70
    23
177
     2
291
     0
 71
     2
176
     1
 72
     2
176
     1
 73
     3
176
     1
 90
        0
176
     1
 40
0.6
176
     1
 41
30.0
176
     1
 62
     5
 63
     7
421
 16777215
176
     1
 74
     2
176
     1
 91
        2
176
     1
 64
     7
176
     1
 65
     7
176
     1
 75
     1
176
     1
175
     1
176
     1
 42
40.0
176
     1
 92
        8
176
     1
 66
     7
176
     1
 43
1.0
176
     1
 76
     1
176
     1
 77
     6
176
     1
 78
     2
176
     1
 67
     7
176
     1
 79
     3
176
     1
170
     0
176
     1
171
     0
176
     1
290
     0
176
     1
 93
        1
176
     1
 44
0.0
176
     1
173
     0
176
     1
  0
VISUALSTYLE
  5
402
102
{ACAD_REACTORS
330
3ED
102
}
102
{ACAD_XDICTIONARY
360
4DC
102
}
330
3ED
100
AcDbVisualStyle
  2
Sketchy
 70
    24
177
     2
291
     0
 71
     1
176
     1
 72
     2
176
     1
 73
     2
176
     1
 90
        0
176
     1
 40
0.6
176
     1
 41
30.0
176
     1
 62
     5
 63
     7
421
 16777215
176
     1
 74
     2
176
     1
 91
        2
176
     1
 64
     7
176
     1
 65
     7
176
     1
 75
     1
176
     1
175
     1
176
     1
 42
40.0
176
     1
 92
       11
176
     1
 66
     7
176
     1
 43
1.0
176
     1
 76
     1
176
     1
 77
     6
176
     1
 78
     2
176
     1
 67
     7
176
     1
 79
     6
176
     1
170
     0
176
     1
171
     0
176
     1
290
     0
176
     1
 93
        1
176
     1
 44
0.0
176
     1
173
     0
176
     1
  0
VISUALSTYLE
  5
3FA
102
{ACAD_REACTORS
330
3ED
102
}
102
{ACAD_XDICTIONARY
360
4CC
102
}
330
3ED
100
AcDbVisualStyle
  2
Thicken
 70
    13
177
     2
291
     1
 71
     2
176
     1
 72
     2
176
     1
 73
     0
176
     1
 90
        0
176
     1
 40
0.6
176
     1
 41
30.0
176
     1
 62
     5
 63
     7
421
 16777215
176
     1
 74
     1
176
     1
 91
        4
176
     1
 64
     7
176
     1
 65
   257
176
     1
 75
     1
176
     1
175
     1
176
     1
 42
1.0
176
     1
 92
       12
176
     1
 66
     7
176
     1
 43
1.0
176
     1
 76
     1
176
     1
 77
     6
176
     1
 78
     2
176
     1
 67
     7
176
     1
 79
     5
176
     1
170
     0
176
     1
171
     0
176
     1
290
     0
176
     1
 93
        1
176
     1
 44
0.0
176
     1
173
     0
176
     1
  0
VISUALSTYLE
  5
3F3
102
{ACAD_REACTORS
330
3ED
102
}
102
{ACAD_XDICTIONARY
360
4BE
102
}
330
3ED
100
AcDbVisualStyle
  2
Wireframe
 70
     5
177
     2
291
     0
 71
     0
176
     1
 72
     2
176
     1
 73
     0
176
     1
 90
        0
176
     1
 40
0.6
176
     1
 41
30.0
176
     1
 62
     5
 63
     7
421
 16777215
176
     1
 74
     1
176
     1
 91
        4
176
     1
 64
     7
176
     1
 65
   257
176
     1
 75
     1
176
     1
175
     1
176
     1
 42
1.0
176
     1
 92
        0
176
     1
 66
   257
176
     1
 43
1.0
176
     1
 76
     1
176
     1
 77
     6
176
     1
 78
     2
176
     1
 67
     7
176
     1
 79
     3
176
     1
170
     0
176
     1
171
     0
176
     1
290
     0
176
     1
 93
        1
176
     1
 44
0.0
176
     1
173
     0
176
     1
  0
VISUALSTYLE
  5
403
102
{ACAD_REACTORS
330
3ED
102
}
102
{ACAD_XDICTIONARY
360
4DE
102
}
330
3ED
100
AcDbVisualStyle
  2
X-Ray
 70
    25
177
     2
291
     0
 71
     2
176
     1
 72
     2
176
     1
 73
     1
176
     1
 90
        1
176
     1
 40
0.5
176
     1
 41
30.0
176
     1
 62
     5
 63
     7
421
 16777215
176
     1
 74
     1
176
     1
 91
        0
176
     1
 64
     7
176
     1
 65
   257
176
     1
 75
     1
176
     1
175
     1
176
     1
 42
1.0
176
     1
 92
        8
176
     1
 66
     7
176
     1
 43
1.0
176
     1
 76
     1
176
     1
 77
     6
176
     1
 78
     2
176
     1
 67
     7
176
     1
 79
     3
176
     1
170
     0
176
     1
171
     0
176
     1
290
     0
176
     1
 93
       13
176
     1
 44
0.0
176
     1
173
     0
176
     1
  0
DICTIONARYVAR
  5
4B3
102
{ACAD_REACTORS
330
4B2
102
}
330
4B2
100
DictionaryVariables
280
     0
  1
1:1
  0
DICTIONARYVAR
  5
4E8
102
{ACAD_REACTORS
330
4B2
102
}
330
4B2
100
DictionaryVariables
280
     0
  1
Standard
  0
DICTIONARYVAR
  5
4E7
102
{ACAD_REACTORS
330
4B2
102
}
330
4B2
100
DictionaryVariables
280
     0
  1
Standard
  0
XRECORD
  5
424
102
{ACAD_REACTORS
330
422
102
}
330
422
100
AcDbXrecord
280
     1
1000
#ffffff
  0
XRECORD
  5
425
102
{ACAD_REACTORS
330
422
102
}
330
422
100
AcDbXrecord
280
     1
1000
FullColor
  0
XRECORD
  5
426
102
{ACAD_REACTORS
330
422
102
}
330
422
100
AcDbXrecord
280
     1
290
     1
  0
XRECORD
  5
427
102
{ACAD_REACTORS
330
422
102
}
330
422
100
AcDbXrecord
280
     1
290
     1
  0
XRECORD
  5
428
102
{ACAD_REACTORS
330
422
102
}
330
422
100
AcDbXrecord
280
     1
290
     1
  0
XRECORD
  5
429
102
{ACAD_REACTORS
330
422
102
}
330
422
100
AcDbXrecord
280
     1
290
     1
  0
XRECORD
  5
42A
102
{ACAD_REACTORS
330
422
102
}
330
422
100
AcDbXrecord
280
     1
1000
auto
  0
XRECORD
  5
42B
102
{ACAD_REACTORS
330
422
102
}
330
422
100
AcDbXrecord
280
     1
1000
auto
  0
XRECORD
  5
42C
102
{ACAD_REACTORS
330
422
102
}
330
422
100
AcDbXrecord
280
     1
1000
auto
  0
XRECORD
  5
42D
102
{ACAD_REACTORS
330
422
102
}
330
422
100
AcDbXrecord
280
     1
1000
auto
  0
XRECORD
  5
42E
102
{ACAD_REACTORS
330
422
102
}
330
422
100
AcDbXrecord
280
     1
1000
auto
  0
XRECORD
  5
42F
102
{ACAD_REACTORS
330
422
102
}
330
422
100
AcDbXrecord
280
     1
1000
auto
  0
XRECORD
  5
430
102
{ACAD_REACTORS
330
422
102
}
330
422
100
AcDbXrecord
280
     1
1000
auto
  0
XRECORD
  5
431
102
{ACAD_REACTORS
330
422
102
}
330
422
100
AcDbXrecord
280
     1
1000
auto
  0
XRECORD
  5
432
102
{ACAD_REACTORS
330
422
102
}
330
422
100
AcDbXrecord
280
     1
290
     0
  0
XRECORD
  5
433
102
{ACAD_REACTORS
330
422
102
}
330
422
100
AcDbXrecord
280
     1
290
     0
  0
XRECORD
  5
434
102
{ACAD_REACTORS
330
422
102
}
330
422
100
AcDbXrecord
280
     1
290
     0
  0
XRECORD
  5
435
102
{ACAD_REACTORS
330
422
102
}
330
422
100
AcDbXrecord
280
     1
290
     0
  0
XRECORD
  5
436
102
{ACAD_REACTORS
330
422
102
}
330
422
100
AcDbXrecord
280
     1
 90
    65537
  0
XRECORD
  5
437
102
{ACAD_REACTORS
330
422
102
}
330
422
100
AcDbXrecord
280
     1
 90
    65537
  0
XRECORD
  5
438
102
{ACAD_REACTORS
330
422
102
}
330
422
100
AcDbXrecord
280
     1
 90
    65537
  0
XRECORD
  5
439
102
{ACAD_REACTORS
330
422
102
}
330
422
100
AcDbXrecord
280
     1
 90
    65537
  0
XRECORD
  5
43A
102
{ACAD_REACTORS
330
422
102
}
330
422
100
AcDbXrecord
280
     1
1000
auto
  0
XRECORD
  5
43B
102
{ACAD_REACTORS
330
422
102
}
330
422
100
AcDbXrecord
280
     1
1000
auto
  0
XRECORD
  5
43C
102
{ACAD_REACTORS
330
422
102
}
330
422
100
AcDbXrecord
280
     1
1000
auto
  0
XRECORD
  5
43D
102
{ACAD_REACTORS
330
422
102
}
330
422
100
AcDbXrecord
280
     1
1000
auto
  0
XRECORD
  5
43E
102
{ACAD_REACTORS
330
422
102
}
330
422
100
AcDbXrecord
280
     1
1000
auto
  0
XRECORD
  5
43F
102
{ACAD_REACTORS
330
422
102
}
330
422
100
AcDbXrecord
280
     1
1000
auto
  0
XRECORD
  5
440
102
{ACAD_REACTORS
330
422
102
}
330
422
100
AcDbXrecord
280
     1
1000
auto
  0
XRECORD
  5
441
102
{ACAD_REACTORS
330
422
102
}
330
422
100
AcDbXrecord
280
     1
1000
auto
  0
XRECORD
  5
442
102
{ACAD_REACTORS
330
422
102
}
330
422
100
AcDbXrecord
280
     1
 90
        1
  0
XRECORD
  5
443
102
{ACAD_REACTORS
330
422
102
}
330
422
100
AcDbXrecord
280
     1
 40
0.0
  0
XRECORD
  5
444
102
{ACAD_REACTORS
330
422
102
}
330
422
100
AcDbXrecord
280
     1
 40
0.0
  0
XRECORD
  5
445
102
{ACAD_REACTORS
330
422
102
}
330
422
100
AcDbXrecord
280
     1
 40
0.0
  0
XRECORD
  5
446
102
{ACAD_REACTORS
330
422
102
}
330
422
100
AcDbXrecord
280
     1
 40
0.0
  0
XRECORD
  5
447
102
{ACAD_REACTORS
330
422
102
}
330
422
100
AcDbXrecord
280
     1
290
     0
  0
XRECORD
  5
448
102
{ACAD_REACTORS
330
422
102
}
330
422
100
AcDbXrecord
280
     1
 90
        1
  0
XRECORD
  5
449
102
{ACAD_REACTORS
330
422
102
}
330
422
100
AcDbXrecord
280
     1
 40
0.0
  0
XRECORD
  5
44A
102
{ACAD_REACTORS
330
422
102
}
330
422
100
AcDbXrecord
280
     1
 40
0.0
  0
XRECORD
  5
44B
102
{ACAD_REACTORS
330
422
102
}
330
422
100
AcDbXrecord
280
     1
1000
Portrait
  0
XRECORD
  5
44C
102
{ACAD_REACTORS
330
422
102
}
330
422
100
AcDbXrecord
280
     1
 40
297.0
  0
XRECORD
  5
44D
102
{ACAD_REACTORS
330
422
102
}
330
422
100
AcDbXrecord
280
     1
 40
210.0
  0
XRECORD
  5
44E
102
{ACAD_REACTORS
330
422
102
}
330
422
100
AcDbXrecord
280
     1
1000
1:1
  0
XRECORD
  5
44F
102
{ACAD_REACTORS
330
422
102
}
330
422
100
AcDbXrecord
280
     1
290
     1
  0
XRECORD
  5
450
102
{ACAD_REACTORS
330
422
102
}
330
422
100
AcDbXrecord
280
     1
290
     0
  0
XRECORD
  5
451
102
{ACAD_REACTORS
330
422
102
}
330
422
100
AcDbXrecord
280
     1
1000
Inside
  0
XRECORD
  5
452
102
{ACAD_REACTORS
330
422
102
}
330
422
100
AcDbXrecord
280
     1
1000
Arial,10,-1,5,400,0,0,0,0,0,0,0,0,0,0,1,,0,0
  0
XRECORD
  5
453
102
{ACAD_REACTORS
330
422
102
}
330
422
100
AcDbXrecord
280
     1
1000
TopLeft
  0
XRECORD
  5
454
102
{ACAD_REACTORS
330
422
102
}
330
422
100
AcDbXrecord
280
     1
1000
3.32.9
  0
XRECORD
  5
455
102
{ACAD_REACTORS
330
422
102
}
330
422
100
AcDbXrecord
280
     1
 90
        4
  0
XRECORD
  5
456
102
{ACAD_REACTORS
330
422
102
}
330
422
100
AcDbXrecord
280
     1
  0
XRECORD
  5
457
102
{ACAD_REACTORS
330
422
102
}
330
422
100
AcDbXrecord
280
     1
 40
1000.0
  0
XRECORD
  5
458
102
{ACAD_REACTORS
330
422
102
}
330
422
100
AcDbXrecord
280
     1
 40
1340.0
  0
DICTIONARY
  5
4E4
330
41D
100
AcDbDictionary
280
     1
281
     1
  3
ACAD_ROUNDTRIP_2008_TABLESTYLE_CELLSTYLEMAP
360
4E5
  0
DICTIONARY
  5
4BC
330
3F2
100
AcDbDictionary
280
     1
281
     1
  3
ACAD_XREC_ROUNDTRIP
360
4BD
  0
DICTIONARY
  5
4C2
330
3F5
100
AcDbDictionary
280
     1
281
     1
  3
ACAD_XREC_ROUNDTRIP
360
4C3
  0
DICTIONARY
  5
4CA
330
3F9
100
AcDbDictionary
280
     1
281
     1
  3
ACAD_XREC_ROUNDTRIP
360
4CB
  0
DICTIONARY
  5
4D2
330
3FD
100
AcDbDictionary
280
     1
281
     1
  3
ACAD_XREC_ROUNDTRIP
360
4D3
  0
DICTIONARY
  5
4C6
330
3F7
100
AcDbDictionary
280
     1
281
     1
  3
ACAD_XREC_ROUNDTRIP
360
4C7
  0
DICTIONARY
  5
4C8
330
3F8
100
AcDbDictionary
280
     1
281
     1
  3
ACAD_XREC_ROUNDTRIP
360
4C9
  0
DICTIONARY
  5
4D8
330
400
100
AcDbDictionary
280
     1
281
     1
  3
ACAD_XREC_ROUNDTRIP
360
4D9
  0
DICTIONARY
  5
4D0
330
3FC
100
AcDbDictionary
280
     1
281
     1
  3
ACAD_XREC_ROUNDTRIP
360
4D1
  0
DICTIONARY
  5
4B4
330
3EE
100
AcDbDictionary
280
     1
281
     1
  3
ACAD_XREC_ROUNDTRIP
360
4B5
  0
DICTIONARY
  5
4B6
330
3EF
100
AcDbDictionary
280
     1
281
     1
  3
ACAD_XREC_ROUNDTRIP
360
4B7
  0
DICTIONARY
  5
4B8
330
3F0
100
AcDbDictionary
280
     1
281
     1
  3
ACAD_XREC_ROUNDTRIP
360
4B9
  0
DICTIONARY
  5
4BA
330
3F1
100
AcDbDictionary
280
     1
281
     1
  3
ACAD_XREC_ROUNDTRIP
360
4BB
  0
DICTIONARY
  5
4C0
330
3F4
100
AcDbDictionary
280
     1
281
     1
  3
ACAD_XREC_ROUNDTRIP
360
4C1
  0
DICTIONARY
  5
4D4
330
3FE
100
AcDbDictionary
280
     1
281
     1
  3
ACAD_XREC_ROUNDTRIP
360
4D5
  0
DICTIONARY
  5
4CE
330
3FB
100
AcDbDictionary
280
     1
281
     1
  3
ACAD_XREC_ROUNDTRIP
360
4CF
  0
DICTIONARY
  5
4D6
330
3FF
100
AcDbDictionary
280
     1
281
     1
  3
ACAD_XREC_ROUNDTRIP
360
4D7
  0
DICTIONARY
  5
4C4
330
3F6
100
AcDbDictionary
280
     1
281
     1
  3
ACAD_XREC_ROUNDTRIP
360
4C5
  0
DICTIONARY
  5
4E2
330
405
100
AcDbDictionary
280
     1
281
     1
  3
ACAD_XREC_ROUNDTRIP
360
4E3
  0
DICTIONARY
  5
4E0
330
404
100
AcDbDictionary
280
     1
281
     1
  3
ACAD_XREC_ROUNDTRIP
360
4E1
  0
DICTIONARY
  5
4DA
330
401
100
AcDbDictionary
280
     1
281
     1
  3
ACAD_XREC_ROUNDTRIP
360
4DB
  0
DICTIONARY
  5
4DC
330
402
100
AcDbDictionary
280
     1
281
     1
  3
ACAD_XREC_ROUNDTRIP
360
4DD
  0
DICTIONARY
  5
4CC
330
3FA
100
AcDbDictionary
280
     1
281
     1
  3
ACAD_XREC_ROUNDTRIP
360
4CD
  0
DICTIONARY
  5
4BE
330
3F3
100
AcDbDictionary
280
     1
281
     1
  3
ACAD_XREC_ROUNDTRIP
360
4BF
  0
DICTIONARY
  5
4DE
330
403
100
AcDbDictionary
280
     1
281
     1
  3
ACAD_XREC_ROUNDTRIP
360
4DF
  0
CELLSTYLEMAP
  5
4E5
102
{ACAD_REACTORS
330
4E4
102
}
330
4E4
100
AcDbCellStyleMap
 90
        3
300
CELLSTYLE
  1
TABLEFORMAT_BEGIN
 90
        5
170
     1
 91
        0
 92
    32768
 62
   257
 93
        1
300
CONTENTFORMAT
  1
CONTENTFORMAT_BEGIN
 90
        0
 91
        0
 92
        4
 93
        0
300

 40
0.0
140
1.0
 94
        5
 62
     0
340
3D5
144
0.25
309
CONTENTFORMAT_END
171
     1
301
MARGIN
  1
CELLMARGIN_BEGIN
 40
0.06
 40
0.06
 40
0.06
 40
0.06
 40
0.06
 40
0.06
309
CELLMARGIN_END
 94
        6
 95
        1
302
GRIDFORMAT
  1
GRIDFORMAT_BEGIN
 90
        0
 91
        1
 62
     0
 92
       -2
340
3D7
 93
        0
 40
0.045
309
GRIDFORMAT_END
 95
        2
302
GRIDFORMAT
  1
GRIDFORMAT_BEGIN
 90
        0
 91
        1
 62
     0
 92
       -2
340
3D7
 93
        0
 40
0.045
309
GRIDFORMAT_END
 95
        4
302
GRIDFORMAT
  1
GRIDFORMAT_BEGIN
 90
        0
 91
        1
 62
     0
 92
       -2
340
3D7
 93
        0
 40
0.045
309
GRIDFORMAT_END
 95
        8
302
GRIDFORMAT
  1
GRIDFORMAT_BEGIN
 90
        0
 91
        1
 62
     0
 92
       -2
340
3D7
 93
        0
 40
0.045
309
GRIDFORMAT_END
 95
       16
302
GRIDFORMAT
  1
GRIDFORMAT_BEGIN
 90
        0
 91
        1
 62
     0
 92
       -2
340
3D7
 93
        0
 40
0.045
309
GRIDFORMAT_END
 95
       32
302
GRIDFORMAT
  1
GRIDFORMAT_BEGIN
 90
        0
 91
        1
 62
     0
 92
       -2
340
3D7
 93
        0
 40
0.045
309
GRIDFORMAT_END
309
TABLEFORMAT_END
  1
CELLSTYLE_BEGIN
 90
        1
 91
        1
300
_TITLE
309
CELLSTYLE_END
300
CELLSTYLE
  1
TABLEFORMAT_BEGIN
 90
        5
170
     1
 91
        0
 92
        0
 62
   257
 93
        1
300
CONTENTFORMAT
  1
CONTENTFORMAT_BEGIN
 90
        0
 91
        0
 92
        4
 93
        0
300

 40
0.0
140
1.0
 94
        5
 62
     0
340
3D5
144
0.18
309
CONTENTFORMAT_END
171
     1
301
MARGIN
  1
CELLMARGIN_BEGIN
 40
0.06
 40
0.06
 40
0.06
 40
0.06
 40
0.06
 40
0.06
309
CELLMARGIN_END
 94
        6
 95
        1
302
GRIDFORMAT
  1
GRIDFORMAT_BEGIN
 90
        0
 91
        1
 62
     0
 92
       -2
340
3D7
 93
        0
 40
0.045
309
GRIDFORMAT_END
 95
        2
302
GRIDFORMAT
  1
GRIDFORMAT_BEGIN
 90
        0
 91
        1
 62
     0
 92
       -2
340
3D7
 93
        0
 40
0.045
309
GRIDFORMAT_END
 95
        4
302
GRIDFORMAT
  1
GRIDFORMAT_BEGIN
 90
        0
 91
        1
 62
     0
 92
       -2
340
3D7
 93
        0
 40
0.045
309
GRIDFORMAT_END
 95
        8
302
GRIDFORMAT
  1
GRIDFORMAT_BEGIN
 90
        0
 91
        1
 62
     0
 92
       -2
340
3D7
 93
        0
 40
0.045
309
GRIDFORMAT_END
 95
       16
302
GRIDFORMAT
  1
GRIDFORMAT_BEGIN
 90
        0
 91
        1
 62
     0
 92
       -2
340
3D7
 93
        0
 40
0.045
309
GRIDFORMAT_END
 95
       32
302
GRIDFORMAT
  1
GRIDFORMAT_BEGIN
 90
        0
 91
        1
 62
     0
 92
       -2
340
3D7
 93
        0
 40
0.045
309
GRIDFORMAT_END
309
TABLEFORMAT_END
  1
CELLSTYLE_BEGIN
 90
        2
 91
        1
300
_HEADER
309
CELLSTYLE_END
300
CELLSTYLE
  1
TABLEFORMAT_BEGIN
 90
        5
170
     1
 91
        0
 92
        0
 62
   257
 93
        1
300
CONTENTFORMAT
  1
CONTENTFORMAT_BEGIN
 90
        0
 91
        0
 92
        4
 93
        0
300

 40
0.0
140
1.0
 94
        2
 62
     0
340
3D5
144
0.18
309
CONTENTFORMAT_END
171
     1
301
MARGIN
  1
CELLMARGIN_BEGIN
 40
0.06
 40
0.06
 40
0.06
 40
0.06
 40
0.06
 40
0.06
309
CELLMARGIN_END
 94
        6
 95
        1
302
GRIDFORMAT
  1
GRIDFORMAT_BEGIN
 90
        0
 91
        1
 62
     0
 92
       -2
340
3D7
 93
        0
 40
0.045
309
GRIDFORMAT_END
 95
        2
302
GRIDFORMAT
  1
GRIDFORMAT_BEGIN
 90
        0
 91
        1
 62
     0
 92
       -2
340
3D7
 93
        0
 40
0.045
309
GRIDFORMAT_END
 95
        4
302
GRIDFORMAT
  1
GRIDFORMAT_BEGIN
 90
        0
 91
        1
 62
     0
 92
       -2
340
3D7
 93
        0
 40
0.045
309
GRIDFORMAT_END
 95
        8
302
GRIDFORMAT
  1
GRIDFORMAT_BEGIN
 90
        0
 91
        1
 62
     0
 92
       -2
340
3D7
 93
        0
 40
0.045
309
GRIDFORMAT_END
 95
       16
302
GRIDFORMAT
  1
GRIDFORMAT_BEGIN
 90
        0
 91
        1
 62
     0
 92
       -2
340
3D7
 93
        0
 40
0.045
309
GRIDFORMAT_END
 95
       32
302
GRIDFORMAT
  1
GRIDFORMAT_BEGIN
 90
        0
 91
        1
 62
     0
 92
       -2
340
3D7
 93
        0
 40
0.045
309
GRIDFORMAT_END
309
TABLEFORMAT_END
  1
CELLSTYLE_BEGIN
 90
        3
 91
        2
300
_DATA
309
CELLSTYLE_END
  0
XRECORD
  5
4BD
102
{ACAD_REACTORS
330
4BC
102
}
330
4BC
100
AcDbXrecord
280
     1
102
RTVSPost2010Prop28
280
     1
102
RTVSPost2010PropOp28
 70
     1
102
RTVSPost2010Prop29
280
     1
102
RTVSPost2010PropOp29
 70
     1
102
RTVSPost2010Prop30
280
     0
102
RTVSPost2010PropOp30
 70
     1
102
RTVSPost2010Prop31
280
     0
102
RTVSPost2010PropOp31
 70
     1
102
RTVSPost2010Prop32
280
     0
102
RTVSPost2010PropOp32
 70
     1
102
RTVSPost2010Prop33
280
     0
102
RTVSPost2010PropOp33
 70
     1
102
RTVSPost2010Prop34
280
     0
102
RTVSPost2010PropOp34
 70
     1
102
RTVSPost2010Prop35
280
     0
102
RTVSPost2010PropOp35
 70
     1
102
RTVSPost2010Prop36
280
     0
102
RTVSPost2010PropOp36
 70
     1
102
RTVSPost2010Prop37
 90
       50
102
RTVSPost2010PropOp37
 70
     1
102
RTVSPost2010Prop38
140
0.0
102
RTVSPost2010PropOp38
 70
     1
102
RTVSPost2010Prop39
140
1.0
102
RTVSPost2010PropOp39
 70
     1
102
RTVSPost2010Prop40
 90
        0
102
RTVSPost2010PropOp40
 70
     1
102
RTVSPost2010Prop41ColorIndex
 90
       18
102
RTVSPost2010Prop41ColorRGB
 90
        0
102
RTVSPost2010PropOp41
 70
     1
102
RTVSPost2010Prop42
 90
       50
102
RTVSPost2010PropOp42
 70
     1
102
RTVSPost2010Prop43
 90
        3
102
RTVSPost2010PropOp43
 70
     1
102
RTVSPost2010Prop44ColorIndex
 90
        5
102
RTVSPost2010Prop44ColorRGB
 90
      255
102
RTVSPost2010PropOp44
 70
     1
102
RTVSPost2010Prop45
280
     0
102
RTVSPost2010PropOp45
 70
     1
102
RTVSPost2010Prop46
 90
       50
102
RTVSPost2010PropOp46
 70
     1
102
RTVSPost2010Prop47
 90
       50
102
RTVSPost2010PropOp47
 70
     1
102
RTVSPost2010Prop48
 90
       50
102
RTVSPost2010PropOp48
 70
     1
102
RTVSPost2010Prop49
280
     0
102
RTVSPost2010PropOp49
 70
     1
102
RTVSPost2010Prop50
 90
       50
102
RTVSPost2010PropOp50
 70
     1
102
RTVSPost2010Prop51ColorIndex
 90
      256
102
RTVSPost2010Prop51ColorRGB
 90
-16777216
102
RTVSPost2010PropOp51
 70
     0
102
RTVSPost2010Prop52
140
1.0
102
RTVSPost2010PropOp52
 70
     0
102
RTVSPost2010Prop53
 90
        2
102
RTVSPost2010PropOp53
 70
     1
102
RTVSPost2010Prop54
  1
strokes_ogs.tif
102
RTVSPost2010PropOp54
 70
     1
102
RTVSPost2010Prop55
280
     0
102
RTVSPost2010PropOp55
 70
     1
102
RTVSPost2010Prop56
140
1.0
102
RTVSPost2010PropOp56
 70
     1
102
RTVSPost2010Prop57
140
1.0
102
RTVSPost2010PropOp57
 70
     1
  0
XRECORD
  5
4C3
102
{ACAD_REACTORS
330
4C2
102
}
330
4C2
100
AcDbXrecord
280
     1
102
RTVSPost2010Prop28
280
     0
102
RTVSPost2010PropOp28
 70
     1
102
RTVSPost2010Prop29
280
     1
102
RTVSPost2010PropOp29
 70
     1
102
RTVSPost2010Prop30
280
     1
102
RTVSPost2010PropOp30
 70
     1
102
RTVSPost2010Prop31
280
     0
102
RTVSPost2010PropOp31
 70
     1
102
RTVSPost2010Prop32
280
     0
102
RTVSPost2010PropOp32
 70
     1
102
RTVSPost2010Prop33
280
     0
102
RTVSPost2010PropOp33
 70
     1
102
RTVSPost2010Prop34
280
     0
102
RTVSPost2010PropOp34
 70
     1
102
RTVSPost2010Prop35
280
     0
102
RTVSPost2010PropOp35
 70
     1
102
RTVSPost2010Prop36
280
     0
102
RTVSPost2010PropOp36
 70
     1
102
RTVSPost2010Prop37
 90
       50
102
RTVSPost2010PropOp37
 70
     1
102
RTVSPost2010Prop38
140
0.0
102
RTVSPost2010PropOp38
 70
     1
102
RTVSPost2010Prop39
140
1.0
102
RTVSPost2010PropOp39
 70
     1
102
RTVSPost2010Prop40
 90
        0
102
RTVSPost2010PropOp40
 70
     1
102
RTVSPost2010Prop41ColorIndex
 90
       18
102
RTVSPost2010Prop41ColorRGB
 90
        0
102
RTVSPost2010PropOp41
 70
     1
102
RTVSPost2010Prop42
 90
       50
102
RTVSPost2010PropOp42
 70
     1
102
RTVSPost2010Prop43
 90
        3
102
RTVSPost2010PropOp43
 70
     1
102
RTVSPost2010Prop44ColorIndex
 90
        5
102
RTVSPost2010Prop44ColorRGB
 90
      255
102
RTVSPost2010PropOp44
 70
     1
102
RTVSPost2010Prop45
280
     0
102
RTVSPost2010PropOp45
 70
     1
102
RTVSPost2010Prop46
 90
       50
102
RTVSPost2010PropOp46
 70
     1
102
RTVSPost2010Prop47
 90
       50
102
RTVSPost2010PropOp47
 70
     1
102
RTVSPost2010Prop48
 90
       50
102
RTVSPost2010PropOp48
 70
     1
102
RTVSPost2010Prop49
280
     0
102
RTVSPost2010PropOp49
 70
     1
102
RTVSPost2010Prop50
 90
       50
102
RTVSPost2010PropOp50
 70
     1
102
RTVSPost2010Prop51ColorIndex
 90
      256
102
RTVSPost2010Prop51ColorRGB
 90
-16777216
102
RTVSPost2010PropOp51
 70
     0
102
RTVSPost2010Prop52
140
1.0
102
RTVSPost2010PropOp52
 70
     0
102
RTVSPost2010Prop53
 90
        2
102
RTVSPost2010PropOp53
 70
     1
102
RTVSPost2010Prop54
  1
strokes_ogs.tif
102
RTVSPost2010PropOp54
 70
     1
102
RTVSPost2010Prop55
280
     0
102
RTVSPost2010PropOp55
 70
     1
102
RTVSPost2010Prop56
140
1.0
102
RTVSPost2010PropOp56
 70
     1
102
RTVSPost2010Prop57
140
1.0
102
RTVSPost2010PropOp57
 70
     1
  0
XRECORD
  5
4CB
102
{ACAD_REACTORS
330
4CA
102
}
330
4CA
100
AcDbXrecord
280
     1
102
RTVSPost2010Prop28
280
     0
102
RTVSPost2010PropOp28
 70
     1
102
RTVSPost2010Prop29
280
     1
102
RTVSPost2010PropOp29
 70
     1
102
RTVSPost2010Prop30
280
     1
102
RTVSPost2010PropOp30
 70
     1
102
RTVSPost2010Prop31
280
     0
102
RTVSPost2010PropOp31
 70
     1
102
RTVSPost2010Prop32
280
     0
102
RTVSPost2010PropOp32
 70
     1
102
RTVSPost2010Prop33
280
     0
102
RTVSPost2010PropOp33
 70
     1
102
RTVSPost2010Prop34
280
     0
102
RTVSPost2010PropOp34
 70
     1
102
RTVSPost2010Prop35
280
     0
102
RTVSPost2010PropOp35
 70
     1
102
RTVSPost2010Prop36
280
     0
102
RTVSPost2010PropOp36
 70
     1
102
RTVSPost2010Prop37
 90
       50
102
RTVSPost2010PropOp37
 70
     1
102
RTVSPost2010Prop38
140
0.0
102
RTVSPost2010PropOp38
 70
     1
102
RTVSPost2010Prop39
140
1.0
102
RTVSPost2010PropOp39
 70
     1
102
RTVSPost2010Prop40
 90
        0
102
RTVSPost2010PropOp40
 70
     1
102
RTVSPost2010Prop41ColorIndex
 90
       18
102
RTVSPost2010Prop41ColorRGB
 90
        0
102
RTVSPost2010PropOp41
 70
     1
102
RTVSPost2010Prop42
 90
       50
102
RTVSPost2010PropOp42
 70
     1
102
RTVSPost2010Prop43
 90
        3
102
RTVSPost2010PropOp43
 70
     1
102
RTVSPost2010Prop44ColorIndex
 90
        5
102
RTVSPost2010Prop44ColorRGB
 90
      255
102
RTVSPost2010PropOp44
 70
     1
102
RTVSPost2010Prop45
280
     0
102
RTVSPost2010PropOp45
 70
     1
102
RTVSPost2010Prop46
 90
       50
102
RTVSPost2010PropOp46
 70
     1
102
RTVSPost2010Prop47
 90
       50
102
RTVSPost2010PropOp47
 70
     1
102
RTVSPost2010Prop48
 90
       50
102
RTVSPost2010PropOp48
 70
     1
102
RTVSPost2010Prop49
280
     0
102
RTVSPost2010PropOp49
 70
     1
102
RTVSPost2010Prop50
 90
       50
102
RTVSPost2010PropOp50
 70
     1
102
RTVSPost2010Prop51ColorIndex
 90
      256
102
RTVSPost2010Prop51ColorRGB
 90
-16777216
102
RTVSPost2010PropOp51
 70
     0
102
RTVSPost2010Prop52
140
1.0
102
RTVSPost2010PropOp52
 70
     0
102
RTVSPost2010Prop53
 90
        2
102
RTVSPost2010PropOp53
 70
     1
102
RTVSPost2010Prop54
  1
strokes_ogs.tif
102
RTVSPost2010PropOp54
 70
     1
102
RTVSPost2010Prop55
280
     0
102
RTVSPost2010PropOp55
 70
     1
102
RTVSPost2010Prop56
140
1.0
102
RTVSPost2010PropOp56
 70
     1
102
RTVSPost2010Prop57
140
1.0
102
RTVSPost2010PropOp57
 70
     1
  0
XRECORD
  5
4D3
102
{ACAD_REACTORS
330
4D2
102
}
330
4D2
100
AcDbXrecord
280
     1
102
RTVSPost2010Prop28
280
     0
102
RTVSPost2010PropOp28
 70
     1
102
RTVSPost2010Prop29
280
     1
102
RTVSPost2010PropOp29
 70
     1
102
RTVSPost2010Prop30
280
     1
102
RTVSPost2010PropOp30
 70
     1
102
RTVSPost2010Prop31
280
     0
102
RTVSPost2010PropOp31
 70
     1
102
RTVSPost2010Prop32
280
     0
102
RTVSPost2010PropOp32
 70
     1
102
RTVSPost2010Prop33
280
     0
102
RTVSPost2010PropOp33
 70
     1
102
RTVSPost2010Prop34
280
     0
102
RTVSPost2010PropOp34
 70
     1
102
RTVSPost2010Prop35
280
     0
102
RTVSPost2010PropOp35
 70
     1
102
RTVSPost2010Prop36
280
     0
102
RTVSPost2010PropOp36
 70
     1
102
RTVSPost2010Prop37
 90
       50
102
RTVSPost2010PropOp37
 70
     1
102
RTVSPost2010Prop38
140
0.0
102
RTVSPost2010PropOp38
 70
     1
102
RTVSPost2010Prop39
140
1.0
102
RTVSPost2010PropOp39
 70
     1
102
RTVSPost2010Prop40
 90
        0
102
RTVSPost2010PropOp40
 70
     1
102
RTVSPost2010Prop41ColorIndex
 90
       18
102
RTVSPost2010Prop41ColorRGB
 90
        0
102
RTVSPost2010PropOp41
 70
     1
102
RTVSPost2010Prop42
 90
       50
102
RTVSPost2010PropOp42
 70
     1
102
RTVSPost2010Prop43
 90
        3
102
RTVSPost2010PropOp43
 70
     1
102
RTVSPost2010Prop44ColorIndex
 90
        5
102
RTVSPost2010Prop44ColorRGB
 90
      255
102
RTVSPost2010PropOp44
 70
     1
102
RTVSPost2010Prop45
280
     0
102
RTVSPost2010PropOp45
 70
     1
102
RTVSPost2010Prop46
 90
       50
102
RTVSPost2010PropOp46
 70
     1
102
RTVSPost2010Prop47
 90
       50
102
RTVSPost2010PropOp47
 70
     1
102
RTVSPost2010Prop48
 90
       50
102
RTVSPost2010PropOp48
 70
     1
102
RTVSPost2010Prop49
280
     0
102
RTVSPost2010PropOp49
 70
     1
102
RTVSPost2010Prop50
 90
       50
102
RTVSPost2010PropOp50
 70
     1
102
RTVSPost2010Prop51ColorIndex
 90
      256
102
RTVSPost2010Prop51ColorRGB
 90
-16777216
102
RTVSPost2010PropOp51
 70
     0
102
RTVSPost2010Prop52
140
1.0
102
RTVSPost2010PropOp52
 70
     0
102
RTVSPost2010Prop53
 90
        2
102
RTVSPost2010PropOp53
 70
     1
102
RTVSPost2010Prop54
  1
strokes_ogs.tif
102
RTVSPost2010PropOp54
 70
     1
102
RTVSPost2010Prop55
280
     0
102
RTVSPost2010PropOp55
 70
     1
102
RTVSPost2010Prop56
140
1.0
102
RTVSPost2010PropOp56
 70
     1
102
RTVSPost2010Prop57
140
1.0
102
RTVSPost2010PropOp57
 70
     1
  0
XRECORD
  5
4C7
102
{ACAD_REACTORS
330
4C6
102
}
330
4C6
100
AcDbXrecord
280
     1
102
RTVSPost2010Prop28
280
     0
102
RTVSPost2010PropOp28
 70
     1
102
RTVSPost2010Prop29
280
     1
102
RTVSPost2010PropOp29
 70
     1
102
RTVSPost2010Prop30
280
     1
102
RTVSPost2010PropOp30
 70
     1
102
RTVSPost2010Prop31
280
     0
102
RTVSPost2010PropOp31
 70
     1
102
RTVSPost2010Prop32
280
     0
102
RTVSPost2010PropOp32
 70
     1
102
RTVSPost2010Prop33
280
     0
102
RTVSPost2010PropOp33
 70
     1
102
RTVSPost2010Prop34
280
     0
102
RTVSPost2010PropOp34
 70
     1
102
RTVSPost2010Prop35
280
     0
102
RTVSPost2010PropOp35
 70
     1
102
RTVSPost2010Prop36
280
     0
102
RTVSPost2010PropOp36
 70
     1
102
RTVSPost2010Prop37
 90
       50
102
RTVSPost2010PropOp37
 70
     1
102
RTVSPost2010Prop38
140
0.0
102
RTVSPost2010PropOp38
 70
     1
102
RTVSPost2010Prop39
140
1.0
102
RTVSPost2010PropOp39
 70
     1
102
RTVSPost2010Prop40
 90
        0
102
RTVSPost2010PropOp40
 70
     1
102
RTVSPost2010Prop41ColorIndex
 90
       18
102
RTVSPost2010Prop41ColorRGB
 90
        0
102
RTVSPost2010PropOp41
 70
     1
102
RTVSPost2010Prop42
 90
       50
102
RTVSPost2010PropOp42
 70
     1
102
RTVSPost2010Prop43
 90
        3
102
RTVSPost2010PropOp43
 70
     1
102
RTVSPost2010Prop44ColorIndex
 90
        5
102
RTVSPost2010Prop44ColorRGB
 90
      255
102
RTVSPost2010PropOp44
 70
     1
102
RTVSPost2010Prop45
280
     0
102
RTVSPost2010PropOp45
 70
     1
102
RTVSPost2010Prop46
 90
       50
102
RTVSPost2010PropOp46
 70
     1
102
RTVSPost2010Prop47
 90
       50
102
RTVSPost2010PropOp47
 70
     1
102
RTVSPost2010Prop48
 90
       50
102
RTVSPost2010PropOp48
 70
     1
102
RTVSPost2010Prop49
280
     0
102
RTVSPost2010PropOp49
 70
     1
102
RTVSPost2010Prop50
 90
       50
102
RTVSPost2010PropOp50
 70
     1
102
RTVSPost2010Prop51ColorIndex
 90
      256
102
RTVSPost2010Prop51ColorRGB
 90
-16777216
102
RTVSPost2010PropOp51
 70
     0
102
RTVSPost2010Prop52
140
1.0
102
RTVSPost2010PropOp52
 70
     0
102
RTVSPost2010Prop53
 90
        2
102
RTVSPost2010PropOp53
 70
     1
102
RTVSPost2010Prop54
  1
strokes_ogs.tif
102
RTVSPost2010PropOp54
 70
     1
102
RTVSPost2010Prop55
280
     0
102
RTVSPost2010PropOp55
 70
     1
102
RTVSPost2010Prop56
140
1.0
102
RTVSPost2010PropOp56
 70
     1
102
RTVSPost2010Prop57
140
1.0
102
RTVSPost2010PropOp57
 70
     1
  0
XRECORD
  5
4C9
102
{ACAD_REACTORS
330
4C8
102
}
330
4C8
100
AcDbXrecord
280
     1
102
RTVSPost2010Prop28
280
     0
102
RTVSPost2010PropOp28
 70
     1
102
RTVSPost2010Prop29
280
     1
102
RTVSPost2010PropOp29
 70
     1
102
RTVSPost2010Prop30
280
     1
102
RTVSPost2010PropOp30
 70
     1
102
RTVSPost2010Prop31
280
     0
102
RTVSPost2010PropOp31
 70
     1
102
RTVSPost2010Prop32
280
     0
102
RTVSPost2010PropOp32
 70
     1
102
RTVSPost2010Prop33
280
     0
102
RTVSPost2010PropOp33
 70
     1
102
RTVSPost2010Prop34
280
     0
102
RTVSPost2010PropOp34
 70
     1
102
RTVSPost2010Prop35
280
     0
102
RTVSPost2010PropOp35
 70
     1
102
RTVSPost2010Prop36
280
     0
102
RTVSPost2010PropOp36
 70
     1
102
RTVSPost2010Prop37
 90
       50
102
RTVSPost2010PropOp37
 70
     1
102
RTVSPost2010Prop38
140
0.0
102
RTVSPost2010PropOp38
 70
     1
102
RTVSPost2010Prop39
140
1.0
102
RTVSPost2010PropOp39
 70
     1
102
RTVSPost2010Prop40
 90
        0
102
RTVSPost2010PropOp40
 70
     1
102
RTVSPost2010Prop41ColorIndex
 90
       18
102
RTVSPost2010Prop41ColorRGB
 90
        0
102
RTVSPost2010PropOp41
 70
     1
102
RTVSPost2010Prop42
 90
       50
102
RTVSPost2010PropOp42
 70
     1
102
RTVSPost2010Prop43
 90
        3
102
RTVSPost2010PropOp43
 70
     1
102
RTVSPost2010Prop44ColorIndex
 90
        5
102
RTVSPost2010Prop44ColorRGB
 90
      255
102
RTVSPost2010PropOp44
 70
     1
102
RTVSPost2010Prop45
280
     0
102
RTVSPost2010PropOp45
 70
     1
102
RTVSPost2010Prop46
 90
       50
102
RTVSPost2010PropOp46
 70
     1
102
RTVSPost2010Prop47
 90
       50
102
RTVSPost2010PropOp47
 70
     1
102
RTVSPost2010Prop48
 90
       50
102
RTVSPost2010PropOp48
 70
     1
102
RTVSPost2010Prop49
280
     0
102
RTVSPost2010PropOp49
 70
     1
102
RTVSPost2010Prop50
 90
       50
102
RTVSPost2010PropOp50
 70
     1
102
RTVSPost2010Prop51ColorIndex
 90
      256
102
RTVSPost2010Prop51ColorRGB
 90
-16777216
102
RTVSPost2010PropOp51
 70
     0
102
RTVSPost2010Prop52
140
1.0
102
RTVSPost2010PropOp52
 70
     0
102
RTVSPost2010Prop53
 90
        2
102
RTVSPost2010PropOp53
 70
     1
102
RTVSPost2010Prop54
  1
strokes_ogs.tif
102
RTVSPost2010PropOp54
 70
     1
102
RTVSPost2010Prop55
280
     0
102
RTVSPost2010PropOp55
 70
     1
102
RTVSPost2010Prop56
140
1.0
102
RTVSPost2010PropOp56
 70
     1
102
RTVSPost2010Prop57
140
1.0
102
RTVSPost2010PropOp57
 70
     1
  0
XRECORD
  5
4D9
102
{ACAD_REACTORS
330
4D8
102
}
330
4D8
100
AcDbXrecord
280
     1
102
RTVSPost2010Prop28
280
     0
102
RTVSPost2010PropOp28
 70
     0
102
RTVSPost2010Prop29
280
     1
102
RTVSPost2010PropOp29
 70
     0
102
RTVSPost2010Prop30
280
     1
102
RTVSPost2010PropOp30
 70
     0
102
RTVSPost2010Prop31
280
     0
102
RTVSPost2010PropOp31
 70
     0
102
RTVSPost2010Prop32
280
     0
102
RTVSPost2010PropOp32
 70
     0
102
RTVSPost2010Prop33
280
     0
102
RTVSPost2010PropOp33
 70
     0
102
RTVSPost2010Prop34
280
     0
102
RTVSPost2010PropOp34
 70
     0
102
RTVSPost2010Prop35
280
     0
102
RTVSPost2010PropOp35
 70
     0
102
RTVSPost2010Prop36
280
     0
102
RTVSPost2010PropOp36
 70
     0
102
RTVSPost2010Prop37
 90
       50
102
RTVSPost2010PropOp37
 70
     0
102
RTVSPost2010Prop38
140
0.0
102
RTVSPost2010PropOp38
 70
     0
102
RTVSPost2010Prop39
140
1.0
102
RTVSPost2010PropOp39
 70
     0
102
RTVSPost2010Prop40
 90
        0
102
RTVSPost2010PropOp40
 70
     0
102
RTVSPost2010Prop41ColorIndex
 90
       18
102
RTVSPost2010Prop41ColorRGB
 90
        0
102
RTVSPost2010PropOp41
 70
     0
102
RTVSPost2010Prop42
 90
       50
102
RTVSPost2010PropOp42
 70
     0
102
RTVSPost2010Prop43
 90
        3
102
RTVSPost2010PropOp43
 70
     0
102
RTVSPost2010Prop44ColorIndex
 90
        5
102
RTVSPost2010Prop44ColorRGB
 90
      255
102
RTVSPost2010PropOp44
 70
     0
102
RTVSPost2010Prop45
280
     0
102
RTVSPost2010PropOp45
 70
     0
102
RTVSPost2010Prop46
 90
       50
102
RTVSPost2010PropOp46
 70
     0
102
RTVSPost2010Prop47
 90
       50
102
RTVSPost2010PropOp47
 70
     0
102
RTVSPost2010Prop48
 90
       50
102
RTVSPost2010PropOp48
 70
     0
102
RTVSPost2010Prop49
280
     0
102
RTVSPost2010PropOp49
 70
     0
102
RTVSPost2010Prop50
 90
       50
102
RTVSPost2010PropOp50
 70
     0
102
RTVSPost2010Prop51ColorIndex
 90
      256
102
RTVSPost2010Prop51ColorRGB
 90
-16777216
102
RTVSPost2010PropOp51
 70
     0
102
RTVSPost2010Prop52
140
1.0
102
RTVSPost2010PropOp52
 70
     0
102
RTVSPost2010Prop53
 90
        2
102
RTVSPost2010PropOp53
 70
     0
102
RTVSPost2010Prop54
  1
strokes_ogs.tif
102
RTVSPost2010PropOp54
 70
     0
102
RTVSPost2010Prop55
280
     0
102
RTVSPost2010PropOp55
 70
     0
102
RTVSPost2010Prop56
140
1.0
102
RTVSPost2010PropOp56
 70
     0
102
RTVSPost2010Prop57
140
1.0
102
RTVSPost2010PropOp57
 70
     0
  0
XRECORD
  5
4D1
102
{ACAD_REACTORS
330
4D0
102
}
330
4D0
100
AcDbXrecord
280
     1
102
RTVSPost2010Prop28
280
     0
102
RTVSPost2010PropOp28
 70
     1
102
RTVSPost2010Prop29
280
     1
102
RTVSPost2010PropOp29
 70
     1
102
RTVSPost2010Prop30
280
     1
102
RTVSPost2010PropOp30
 70
     1
102
RTVSPost2010Prop31
280
     0
102
RTVSPost2010PropOp31
 70
     1
102
RTVSPost2010Prop32
280
     0
102
RTVSPost2010PropOp32
 70
     1
102
RTVSPost2010Prop33
280
     0
102
RTVSPost2010PropOp33
 70
     1
102
RTVSPost2010Prop34
280
     0
102
RTVSPost2010PropOp34
 70
     1
102
RTVSPost2010Prop35
280
     0
102
RTVSPost2010PropOp35
 70
     1
102
RTVSPost2010Prop36
280
     0
102
RTVSPost2010PropOp36
 70
     1
102
RTVSPost2010Prop37
 90
       50
102
RTVSPost2010PropOp37
 70
     1
102
RTVSPost2010Prop38
140
0.0
102
RTVSPost2010PropOp38
 70
     1
102
RTVSPost2010Prop39
140
1.0
102
RTVSPost2010PropOp39
 70
     1
102
RTVSPost2010Prop40
 90
        0
102
RTVSPost2010PropOp40
 70
     1
102
RTVSPost2010Prop41ColorIndex
 90
       18
102
RTVSPost2010Prop41ColorRGB
 90
        0
102
RTVSPost2010PropOp41
 70
     1
102
RTVSPost2010Prop42
 90
       50
102
RTVSPost2010PropOp42
 70
     1
102
RTVSPost2010Prop43
 90
        3
102
RTVSPost2010PropOp43
 70
     1
102
RTVSPost2010Prop44ColorIndex
 90
        5
102
RTVSPost2010Prop44ColorRGB
 90
      255
102
RTVSPost2010PropOp44
 70
     1
102
RTVSPost2010Prop45
280
     0
102
RTVSPost2010PropOp45
 70
     1
102
RTVSPost2010Prop46
 90
       50
102
RTVSPost2010PropOp46
 70
     1
102
RTVSPost2010Prop47
 90
       50
102
RTVSPost2010PropOp47
 70
     1
102
RTVSPost2010Prop48
 90
       50
102
RTVSPost2010PropOp48
 70
     1
102
RTVSPost2010Prop49
280
     0
102
RTVSPost2010PropOp49
 70
     1
102
RTVSPost2010Prop50
 90
       50
102
RTVSPost2010PropOp50
 70
     1
102
RTVSPost2010Prop51ColorIndex
 90
      256
102
RTVSPost2010Prop51ColorRGB
 90
-16777216
102
RTVSPost2010PropOp51
 70
     0
102
RTVSPost2010Prop52
140
1.0
102
RTVSPost2010PropOp52
 70
     0
102
RTVSPost2010Prop53
 90
        2
102
RTVSPost2010PropOp53
 70
     1
102
RTVSPost2010Prop54
  1
strokes_ogs.tif
102
RTVSPost2010PropOp54
 70
     1
102
RTVSPost2010Prop55
280
     0
102
RTVSPost2010PropOp55
 70
     1
102
RTVSPost2010Prop56
140
1.0
102
RTVSPost2010PropOp56
 70
     1
102
RTVSPost2010Prop57
140
1.0
102
RTVSPost2010PropOp57
 70
     1
  0
XRECORD
  5
4B5
102
{ACAD_REACTORS
330
4B4
102
}
330
4B4
100
AcDbXrecord
280
     1
102
RTVSPost2010Prop28
280
     0
102
RTVSPost2010PropOp28
 70
     1
102
RTVSPost2010Prop29
280
     1
102
RTVSPost2010PropOp29
 70
     1
102
RTVSPost2010Prop30
280
     1
102
RTVSPost2010PropOp30
 70
     1
102
RTVSPost2010Prop31
280
     0
102
RTVSPost2010PropOp31
 70
     1
102
RTVSPost2010Prop32
280
     0
102
RTVSPost2010PropOp32
 70
     1
102
RTVSPost2010Prop33
280
     0
102
RTVSPost2010PropOp33
 70
     1
102
RTVSPost2010Prop34
280
     0
102
RTVSPost2010PropOp34
 70
     1
102
RTVSPost2010Prop35
280
     0
102
RTVSPost2010PropOp35
 70
     1
102
RTVSPost2010Prop36
280
     0
102
RTVSPost2010PropOp36
 70
     1
102
RTVSPost2010Prop37
 90
       50
102
RTVSPost2010PropOp37
 70
     1
102
RTVSPost2010Prop38
140
0.0
102
RTVSPost2010PropOp38
 70
     1
102
RTVSPost2010Prop39
140
1.0
102
RTVSPost2010PropOp39
 70
     1
102
RTVSPost2010Prop40
 90
        0
102
RTVSPost2010PropOp40
 70
     1
102
RTVSPost2010Prop41ColorIndex
 90
       18
102
RTVSPost2010Prop41ColorRGB
 90
        0
102
RTVSPost2010PropOp41
 70
     1
102
RTVSPost2010Prop42
 90
       50
102
RTVSPost2010PropOp42
 70
     1
102
RTVSPost2010Prop43
 90
        3
102
RTVSPost2010PropOp43
 70
     1
102
RTVSPost2010Prop44ColorIndex
 90
        5
102
RTVSPost2010Prop44ColorRGB
 90
      255
102
RTVSPost2010PropOp44
 70
     1
102
RTVSPost2010Prop45
280
     0
102
RTVSPost2010PropOp45
 70
     1
102
RTVSPost2010Prop46
 90
       50
102
RTVSPost2010PropOp46
 70
     1
102
RTVSPost2010Prop47
 90
       50
102
RTVSPost2010PropOp47
 70
     1
102
RTVSPost2010Prop48
 90
       50
102
RTVSPost2010PropOp48
 70
     1
102
RTVSPost2010Prop49
280
     0
102
RTVSPost2010PropOp49
 70
     1
102
RTVSPost2010Prop50
 90
       50
102
RTVSPost2010PropOp50
 70
     1
102
RTVSPost2010Prop51ColorIndex
 90
      256
102
RTVSPost2010Prop51ColorRGB
 90
-16777216
102
RTVSPost2010PropOp51
 70
     0
102
RTVSPost2010Prop52
140
1.0
102
RTVSPost2010PropOp52
 70
     0
102
RTVSPost2010Prop53
 90
        2
102
RTVSPost2010PropOp53
 70
     1
102
RTVSPost2010Prop54
  1
strokes_ogs.tif
102
RTVSPost2010PropOp54
 70
     1
102
RTVSPost2010Prop55
280
     0
102
RTVSPost2010PropOp55
 70
     1
102
RTVSPost2010Prop56
140
1.0
102
RTVSPost2010PropOp56
 70
     1
102
RTVSPost2010Prop57
140
1.0
102
RTVSPost2010PropOp57
 70
     1
  0
XRECORD
  5
4B7
102
{ACAD_REACTORS
330
4B6
102
}
330
4B6
100
AcDbXrecord
280
     1
102
RTVSPost2010Prop28
280
     0
102
RTVSPost2010PropOp28
 70
     1
102
RTVSPost2010Prop29
280
     1
102
RTVSPost2010PropOp29
 70
     1
102
RTVSPost2010Prop30
280
     1
102
RTVSPost2010PropOp30
 70
     1
102
RTVSPost2010Prop31
280
     0
102
RTVSPost2010PropOp31
 70
     1
102
RTVSPost2010Prop32
280
     0
102
RTVSPost2010PropOp32
 70
     1
102
RTVSPost2010Prop33
280
     0
102
RTVSPost2010PropOp33
 70
     1
102
RTVSPost2010Prop34
280
     0
102
RTVSPost2010PropOp34
 70
     1
102
RTVSPost2010Prop35
280
     0
102
RTVSPost2010PropOp35
 70
     1
102
RTVSPost2010Prop36
280
     0
102
RTVSPost2010PropOp36
 70
     1
102
RTVSPost2010Prop37
 90
       50
102
RTVSPost2010PropOp37
 70
     1
102
RTVSPost2010Prop38
140
0.0
102
RTVSPost2010PropOp38
 70
     1
102
RTVSPost2010Prop39
140
1.0
102
RTVSPost2010PropOp39
 70
     1
102
RTVSPost2010Prop40
 90
        0
102
RTVSPost2010PropOp40
 70
     1
102
RTVSPost2010Prop41ColorIndex
 90
       18
102
RTVSPost2010Prop41ColorRGB
 90
        0
102
RTVSPost2010PropOp41
 70
     1
102
RTVSPost2010Prop42
 90
       50
102
RTVSPost2010PropOp42
 70
     1
102
RTVSPost2010Prop43
 90
        3
102
RTVSPost2010PropOp43
 70
     1
102
RTVSPost2010Prop44ColorIndex
 90
        5
102
RTVSPost2010Prop44ColorRGB
 90
      255
102
RTVSPost2010PropOp44
 70
     1
102
RTVSPost2010Prop45
280
     0
102
RTVSPost2010PropOp45
 70
     1
102
RTVSPost2010Prop46
 90
       50
102
RTVSPost2010PropOp46
 70
     1
102
RTVSPost2010Prop47
 90
       50
102
RTVSPost2010PropOp47
 70
     1
102
RTVSPost2010Prop48
 90
       50
102
RTVSPost2010PropOp48
 70
     1
102
RTVSPost2010Prop49
280
     0
102
RTVSPost2010PropOp49
 70
     1
102
RTVSPost2010Prop50
 90
       50
102
RTVSPost2010PropOp50
 70
     1
102
RTVSPost2010Prop51ColorIndex
 90
      256
102
RTVSPost2010Prop51ColorRGB
 90
-16777216
102
RTVSPost2010PropOp51
 70
     0
102
RTVSPost2010Prop52
140
1.0
102
RTVSPost2010PropOp52
 70
     0
102
RTVSPost2010Prop53
 90
        2
102
RTVSPost2010PropOp53
 70
     1
102
RTVSPost2010Prop54
  1
strokes_ogs.tif
102
RTVSPost2010PropOp54
 70
     1
102
RTVSPost2010Prop55
280
     0
102
RTVSPost2010PropOp55
 70
     1
102
RTVSPost2010Prop56
140
1.0
102
RTVSPost2010PropOp56
 70
     1
102
RTVSPost2010Prop57
140
1.0
102
RTVSPost2010PropOp57
 70
     1
  0
XRECORD
  5
4B9
102
{ACAD_REACTORS
330
4B8
102
}
330
4B8
100
AcDbXrecord
280
     1
102
RTVSPost2010Prop28
280
     0
102
RTVSPost2010PropOp28
 70
     1
102
RTVSPost2010Prop29
280
     1
102
RTVSPost2010PropOp29
 70
     1
102
RTVSPost2010Prop30
280
     1
102
RTVSPost2010PropOp30
 70
     1
102
RTVSPost2010Prop31
280
     0
102
RTVSPost2010PropOp31
 70
     1
102
RTVSPost2010Prop32
280
     0
102
RTVSPost2010PropOp32
 70
     1
102
RTVSPost2010Prop33
280
     0
102
RTVSPost2010PropOp33
 70
     1
102
RTVSPost2010Prop34
280
     0
102
RTVSPost2010PropOp34
 70
     1
102
RTVSPost2010Prop35
280
     0
102
RTVSPost2010PropOp35
 70
     1
102
RTVSPost2010Prop36
280
     0
102
RTVSPost2010PropOp36
 70
     1
102
RTVSPost2010Prop37
 90
       50
102
RTVSPost2010PropOp37
 70
     1
102
RTVSPost2010Prop38
140
0.0
102
RTVSPost2010PropOp38
 70
     1
102
RTVSPost2010Prop39
140
1.0
102
RTVSPost2010PropOp39
 70
     1
102
RTVSPost2010Prop40
 90
        0
102
RTVSPost2010PropOp40
 70
     1
102
RTVSPost2010Prop41ColorIndex
 90
       18
102
RTVSPost2010Prop41ColorRGB
 90
        0
102
RTVSPost2010PropOp41
 70
     1
102
RTVSPost2010Prop42
 90
       50
102
RTVSPost2010PropOp42
 70
     1
102
RTVSPost2010Prop43
 90
        3
102
RTVSPost2010PropOp43
 70
     1
102
RTVSPost2010Prop44ColorIndex
 90
        5
102
RTVSPost2010Prop44ColorRGB
 90
      255
102
RTVSPost2010PropOp44
 70
     1
102
RTVSPost2010Prop45
280
     0
102
RTVSPost2010PropOp45
 70
     1
102
RTVSPost2010Prop46
 90
       50
102
RTVSPost2010PropOp46
 70
     1
102
RTVSPost2010Prop47
 90
       50
102
RTVSPost2010PropOp47
 70
     1
102
RTVSPost2010Prop48
 90
       50
102
RTVSPost2010PropOp48
 70
     1
102
RTVSPost2010Prop49
280
     0
102
RTVSPost2010PropOp49
 70
     1
102
RTVSPost2010Prop50
 90
       50
102
RTVSPost2010PropOp50
 70
     1
102
RTVSPost2010Prop51ColorIndex
 90
      256
102
RTVSPost2010Prop51ColorRGB
 90
-16777216
102
RTVSPost2010PropOp51
 70
     0
102
RTVSPost2010Prop52
140
1.0
102
RTVSPost2010PropOp52
 70
     0
102
RTVSPost2010Prop53
 90
        2
102
RTVSPost2010PropOp53
 70
     1
102
RTVSPost2010Prop54
  1
strokes_ogs.tif
102
RTVSPost2010PropOp54
 70
     1
102
RTVSPost2010Prop55
280
     0
102
RTVSPost2010PropOp55
 70
     1
102
RTVSPost2010Prop56
140
1.0
102
RTVSPost2010PropOp56
 70
     1
102
RTVSPost2010Prop57
140
1.0
102
RTVSPost2010PropOp57
 70
     1
  0
XRECORD
  5
4BB
102
{ACAD_REACTORS
330
4BA
102
}
330
4BA
100
AcDbXrecord
280
     1
102
RTVSPost2010Prop28
280
     0
102
RTVSPost2010PropOp28
 70
     1
102
RTVSPost2010Prop29
280
     1
102
RTVSPost2010PropOp29
 70
     1
102
RTVSPost2010Prop30
280
     1
102
RTVSPost2010PropOp30
 70
     1
102
RTVSPost2010Prop31
280
     0
102
RTVSPost2010PropOp31
 70
     1
102
RTVSPost2010Prop32
280
     0
102
RTVSPost2010PropOp32
 70
     1
102
RTVSPost2010Prop33
280
     0
102
RTVSPost2010PropOp33
 70
     1
102
RTVSPost2010Prop34
280
     0
102
RTVSPost2010PropOp34
 70
     1
102
RTVSPost2010Prop35
280
     0
102
RTVSPost2010PropOp35
 70
     1
102
RTVSPost2010Prop36
280
     0
102
RTVSPost2010PropOp36
 70
     1
102
RTVSPost2010Prop37
 90
       50
102
RTVSPost2010PropOp37
 70
     1
102
RTVSPost2010Prop38
140
0.0
102
RTVSPost2010PropOp38
 70
     1
102
RTVSPost2010Prop39
140
1.0
102
RTVSPost2010PropOp39
 70
     1
102
RTVSPost2010Prop40
 90
        0
102
RTVSPost2010PropOp40
 70
     1
102
RTVSPost2010Prop41ColorIndex
 90
       18
102
RTVSPost2010Prop41ColorRGB
 90
        0
102
RTVSPost2010PropOp41
 70
     1
102
RTVSPost2010Prop42
 90
       50
102
RTVSPost2010PropOp42
 70
     1
102
RTVSPost2010Prop43
 90
        3
102
RTVSPost2010PropOp43
 70
     1
102
RTVSPost2010Prop44ColorIndex
 90
        5
102
RTVSPost2010Prop44ColorRGB
 90
      255
102
RTVSPost2010PropOp44
 70
     1
102
RTVSPost2010Prop45
280
     0
102
RTVSPost2010PropOp45
 70
     1
102
RTVSPost2010Prop46
 90
       50
102
RTVSPost2010PropOp46
 70
     1
102
RTVSPost2010Prop47
 90
       50
102
RTVSPost2010PropOp47
 70
     1
102
RTVSPost2010Prop48
 90
       50
102
RTVSPost2010PropOp48
 70
     1
102
RTVSPost2010Prop49
280
     0
102
RTVSPost2010PropOp49
 70
     1
102
RTVSPost2010Prop50
 90
       50
102
RTVSPost2010PropOp50
 70
     1
102
RTVSPost2010Prop51ColorIndex
 90
      256
102
RTVSPost2010Prop51ColorRGB
 90
-16777216
102
RTVSPost2010PropOp51
 70
     0
102
RTVSPost2010Prop52
140
1.0
102
RTVSPost2010PropOp52
 70
     0
102
RTVSPost2010Prop53
 90
        2
102
RTVSPost2010PropOp53
 70
     1
102
RTVSPost2010Prop54
  1
strokes_ogs.tif
102
RTVSPost2010PropOp54
 70
     1
102
RTVSPost2010Prop55
280
     0
102
RTVSPost2010PropOp55
 70
     1
102
RTVSPost2010Prop56
140
1.0
102
RTVSPost2010PropOp56
 70
     1
102
RTVSPost2010Prop57
140
1.0
102
RTVSPost2010PropOp57
 70
     1
  0
XRECORD
  5
4C1
102
{ACAD_REACTORS
330
4C0
102
}
330
4C0
100
AcDbXrecord
280
     1
102
RTVSPost2010Prop28
280
     0
102
RTVSPost2010PropOp28
 70
     1
102
RTVSPost2010Prop29
280
     1
102
RTVSPost2010PropOp29
 70
     1
102
RTVSPost2010Prop30
280
     1
102
RTVSPost2010PropOp30
 70
     1
102
RTVSPost2010Prop31
280
     0
102
RTVSPost2010PropOp31
 70
     1
102
RTVSPost2010Prop32
280
     0
102
RTVSPost2010PropOp32
 70
     1
102
RTVSPost2010Prop33
280
     0
102
RTVSPost2010PropOp33
 70
     1
102
RTVSPost2010Prop34
280
     0
102
RTVSPost2010PropOp34
 70
     1
102
RTVSPost2010Prop35
280
     0
102
RTVSPost2010PropOp35
 70
     1
102
RTVSPost2010Prop36
280
     0
102
RTVSPost2010PropOp36
 70
     1
102
RTVSPost2010Prop37
 90
       50
102
RTVSPost2010PropOp37
 70
     1
102
RTVSPost2010Prop38
140
0.0
102
RTVSPost2010PropOp38
 70
     1
102
RTVSPost2010Prop39
140
1.0
102
RTVSPost2010PropOp39
 70
     1
102
RTVSPost2010Prop40
 90
        0
102
RTVSPost2010PropOp40
 70
     1
102
RTVSPost2010Prop41ColorIndex
 90
       18
102
RTVSPost2010Prop41ColorRGB
 90
        0
102
RTVSPost2010PropOp41
 70
     1
102
RTVSPost2010Prop42
 90
       50
102
RTVSPost2010PropOp42
 70
     1
102
RTVSPost2010Prop43
 90
        3
102
RTVSPost2010PropOp43
 70
     1
102
RTVSPost2010Prop44ColorIndex
 90
        5
102
RTVSPost2010Prop44ColorRGB
 90
      255
102
RTVSPost2010PropOp44
 70
     1
102
RTVSPost2010Prop45
280
     0
102
RTVSPost2010PropOp45
 70
     1
102
RTVSPost2010Prop46
 90
       50
102
RTVSPost2010PropOp46
 70
     1
102
RTVSPost2010Prop47
 90
       50
102
RTVSPost2010PropOp47
 70
     1
102
RTVSPost2010Prop48
 90
       50
102
RTVSPost2010PropOp48
 70
     1
102
RTVSPost2010Prop49
280
     0
102
RTVSPost2010PropOp49
 70
     1
102
RTVSPost2010Prop50
 90
       50
102
RTVSPost2010PropOp50
 70
     1
102
RTVSPost2010Prop51ColorIndex
 90
      256
102
RTVSPost2010Prop51ColorRGB
 90
-16777216
102
RTVSPost2010PropOp51
 70
     0
102
RTVSPost2010Prop52
140
1.0
102
RTVSPost2010PropOp52
 70
     0
102
RTVSPost2010Prop53
 90
        2
102
RTVSPost2010PropOp53
 70
     1
102
RTVSPost2010Prop54
  1
strokes_ogs.tif
102
RTVSPost2010PropOp54
 70
     1
102
RTVSPost2010Prop55
280
     0
102
RTVSPost2010PropOp55
 70
     1
102
RTVSPost2010Prop56
140
1.0
102
RTVSPost2010PropOp56
 70
     1
102
RTVSPost2010Prop57
140
1.0
102
RTVSPost2010PropOp57
 70
     1
  0
XRECORD
  5
4D5
102
{ACAD_REACTORS
330
4D4
102
}
330
4D4
100
AcDbXrecord
280
     1
102
RTVSPost2010Prop28
280
     0
102
RTVSPost2010PropOp28
 70
     0
102
RTVSPost2010Prop29
280
     1
102
RTVSPost2010PropOp29
 70
     0
102
RTVSPost2010Prop30
280
     1
102
RTVSPost2010PropOp30
 70
     0
102
RTVSPost2010Prop31
280
     0
102
RTVSPost2010PropOp31
 70
     0
102
RTVSPost2010Prop32
280
     0
102
RTVSPost2010PropOp32
 70
     0
102
RTVSPost2010Prop33
280
     0
102
RTVSPost2010PropOp33
 70
     0
102
RTVSPost2010Prop34
280
     0
102
RTVSPost2010PropOp34
 70
     0
102
RTVSPost2010Prop35
280
     0
102
RTVSPost2010PropOp35
 70
     0
102
RTVSPost2010Prop36
280
     0
102
RTVSPost2010PropOp36
 70
     0
102
RTVSPost2010Prop37
 90
       50
102
RTVSPost2010PropOp37
 70
     0
102
RTVSPost2010Prop38
140
0.0
102
RTVSPost2010PropOp38
 70
     0
102
RTVSPost2010Prop39
140
1.0
102
RTVSPost2010PropOp39
 70
     0
102
RTVSPost2010Prop40
 90
        0
102
RTVSPost2010PropOp40
 70
     0
102
RTVSPost2010Prop41ColorIndex
 90
       18
102
RTVSPost2010Prop41ColorRGB
 90
        0
102
RTVSPost2010PropOp41
 70
     0
102
RTVSPost2010Prop42
 90
       50
102
RTVSPost2010PropOp42
 70
     0
102
RTVSPost2010Prop43
 90
        3
102
RTVSPost2010PropOp43
 70
     0
102
RTVSPost2010Prop44ColorIndex
 90
        5
102
RTVSPost2010Prop44ColorRGB
 90
      255
102
RTVSPost2010PropOp44
 70
     0
102
RTVSPost2010Prop45
280
     0
102
RTVSPost2010PropOp45
 70
     0
102
RTVSPost2010Prop46
 90
       50
102
RTVSPost2010PropOp46
 70
     0
102
RTVSPost2010Prop47
 90
       50
102
RTVSPost2010PropOp47
 70
     0
102
RTVSPost2010Prop48
 90
       50
102
RTVSPost2010PropOp48
 70
     0
102
RTVSPost2010Prop49
280
     0
102
RTVSPost2010PropOp49
 70
     0
102
RTVSPost2010Prop50
 90
       50
102
RTVSPost2010PropOp50
 70
     0
102
RTVSPost2010Prop51ColorIndex
 90
      256
102
RTVSPost2010Prop51ColorRGB
 90
-16777216
102
RTVSPost2010PropOp51
 70
     0
102
RTVSPost2010Prop52
140
1.0
102
RTVSPost2010PropOp52
 70
     0
102
RTVSPost2010Prop53
 90
        2
102
RTVSPost2010PropOp53
 70
     0
102
RTVSPost2010Prop54
  1
strokes_ogs.tif
102
RTVSPost2010PropOp54
 70
     0
102
RTVSPost2010Prop55
280
     0
102
RTVSPost2010PropOp55
 70
     0
102
RTVSPost2010Prop56
140
1.0
102
RTVSPost2010PropOp56
 70
     0
102
RTVSPost2010Prop57
140
1.0
102
RTVSPost2010PropOp57
 70
     0
  0
XRECORD
  5
4CF
102
{ACAD_REACTORS
330
4CE
102
}
330
4CE
100
AcDbXrecord
280
     1
102
RTVSPost2010Prop28
280
     0
102
RTVSPost2010PropOp28
 70
     1
102
RTVSPost2010Prop29
280
     1
102
RTVSPost2010PropOp29
 70
     1
102
RTVSPost2010Prop30
280
     1
102
RTVSPost2010PropOp30
 70
     1
102
RTVSPost2010Prop31
280
     0
102
RTVSPost2010PropOp31
 70
     1
102
RTVSPost2010Prop32
280
     0
102
RTVSPost2010PropOp32
 70
     1
102
RTVSPost2010Prop33
280
     0
102
RTVSPost2010PropOp33
 70
     1
102
RTVSPost2010Prop34
280
     0
102
RTVSPost2010PropOp34
 70
     1
102
RTVSPost2010Prop35
280
     0
102
RTVSPost2010PropOp35
 70
     1
102
RTVSPost2010Prop36
280
     0
102
RTVSPost2010PropOp36
 70
     1
102
RTVSPost2010Prop37
 90
       50
102
RTVSPost2010PropOp37
 70
     1
102
RTVSPost2010Prop38
140
0.0
102
RTVSPost2010PropOp38
 70
     1
102
RTVSPost2010Prop39
140
1.0
102
RTVSPost2010PropOp39
 70
     1
102
RTVSPost2010Prop40
 90
        0
102
RTVSPost2010PropOp40
 70
     1
102
RTVSPost2010Prop41ColorIndex
 90
       18
102
RTVSPost2010Prop41ColorRGB
 90
        0
102
RTVSPost2010PropOp41
 70
     1
102
RTVSPost2010Prop42
 90
       50
102
RTVSPost2010PropOp42
 70
     1
102
RTVSPost2010Prop43
 90
        3
102
RTVSPost2010PropOp43
 70
     1
102
RTVSPost2010Prop44ColorIndex
 90
        5
102
RTVSPost2010Prop44ColorRGB
 90
      255
102
RTVSPost2010PropOp44
 70
     1
102
RTVSPost2010Prop45
280
     0
102
RTVSPost2010PropOp45
 70
     1
102
RTVSPost2010Prop46
 90
       50
102
RTVSPost2010PropOp46
 70
     1
102
RTVSPost2010Prop47
 90
       50
102
RTVSPost2010PropOp47
 70
     1
102
RTVSPost2010Prop48
 90
       50
102
RTVSPost2010PropOp48
 70
     1
102
RTVSPost2010Prop49
280
     0
102
RTVSPost2010PropOp49
 70
     1
102
RTVSPost2010Prop50
 90
       50
102
RTVSPost2010PropOp50
 70
     1
102
RTVSPost2010Prop51ColorIndex
 90
      256
102
RTVSPost2010Prop51ColorRGB
 90
-16777216
102
RTVSPost2010PropOp51
 70
     0
102
RTVSPost2010Prop52
140
1.0
102
RTVSPost2010PropOp52
 70
     0
102
RTVSPost2010Prop53
 90
        2
102
RTVSPost2010PropOp53
 70
     1
102
RTVSPost2010Prop54
  1
strokes_ogs.tif
102
RTVSPost2010PropOp54
 70
     1
102
RTVSPost2010Prop55
280
     0
102
RTVSPost2010PropOp55
 70
     1
102
RTVSPost2010Prop56
140
1.0
102
RTVSPost2010PropOp56
 70
     1
102
RTVSPost2010Prop57
140
1.0
102
RTVSPost2010PropOp57
 70
     1
  0
XRECORD
  5
4D7
102
{ACAD_REACTORS
330
4D6
102
}
330
4D6
100
AcDbXrecord
280
     1
102
RTVSPost2010Prop28
280
     0
102
RTVSPost2010PropOp28
 70
     0
102
RTVSPost2010Prop29
280
     1
102
RTVSPost2010PropOp29
 70
     0
102
RTVSPost2010Prop30
280
     1
102
RTVSPost2010PropOp30
 70
     0
102
RTVSPost2010Prop31
280
     0
102
RTVSPost2010PropOp31
 70
     0
102
RTVSPost2010Prop32
280
     0
102
RTVSPost2010PropOp32
 70
     0
102
RTVSPost2010Prop33
280
     0
102
RTVSPost2010PropOp33
 70
     0
102
RTVSPost2010Prop34
280
     0
102
RTVSPost2010PropOp34
 70
     0
102
RTVSPost2010Prop35
280
     0
102
RTVSPost2010PropOp35
 70
     0
102
RTVSPost2010Prop36
280
     0
102
RTVSPost2010PropOp36
 70
     0
102
RTVSPost2010Prop37
 90
       50
102
RTVSPost2010PropOp37
 70
     0
102
RTVSPost2010Prop38
140
0.0
102
RTVSPost2010PropOp38
 70
     0
102
RTVSPost2010Prop39
140
1.0
102
RTVSPost2010PropOp39
 70
     0
102
RTVSPost2010Prop40
 90
        0
102
RTVSPost2010PropOp40
 70
     0
102
RTVSPost2010Prop41ColorIndex
 90
       18
102
RTVSPost2010Prop41ColorRGB
 90
        0
102
RTVSPost2010PropOp41
 70
     0
102
RTVSPost2010Prop42
 90
       50
102
RTVSPost2010PropOp42
 70
     0
102
RTVSPost2010Prop43
 90
        3
102
RTVSPost2010PropOp43
 70
     0
102
RTVSPost2010Prop44ColorIndex
 90
        5
102
RTVSPost2010Prop44ColorRGB
 90
      255
102
RTVSPost2010PropOp44
 70
     0
102
RTVSPost2010Prop45
280
     0
102
RTVSPost2010PropOp45
 70
     0
102
RTVSPost2010Prop46
 90
       50
102
RTVSPost2010PropOp46
 70
     0
102
RTVSPost2010Prop47
 90
       50
102
RTVSPost2010PropOp47
 70
     0
102
RTVSPost2010Prop48
 90
       50
102
RTVSPost2010PropOp48
 70
     0
102
RTVSPost2010Prop49
280
     0
102
RTVSPost2010PropOp49
 70
     0
102
RTVSPost2010Prop50
 90
       50
102
RTVSPost2010PropOp50
 70
     0
102
RTVSPost2010Prop51ColorIndex
 90
      256
102
RTVSPost2010Prop51ColorRGB
 90
-16777216
102
RTVSPost2010PropOp51
 70
     0
102
RTVSPost2010Prop52
140
1.0
102
RTVSPost2010PropOp52
 70
     0
102
RTVSPost2010Prop53
 90
        2
102
RTVSPost2010PropOp53
 70
     0
102
RTVSPost2010Prop54
  1
strokes_ogs.tif
102
RTVSPost2010PropOp54
 70
     0
102
RTVSPost2010Prop55
280
     0
102
RTVSPost2010PropOp55
 70
     0
102
RTVSPost2010Prop56
140
1.0
102
RTVSPost2010PropOp56
 70
     0
102
RTVSPost2010Prop57
140
1.0
102
RTVSPost2010PropOp57
 70
     0
  0
XRECORD
  5
4C5
102
{ACAD_REACTORS
330
4C4
102
}
330
4C4
100
AcDbXrecord
280
     1
102
RTVSPost2010Prop28
280
     0
102
RTVSPost2010PropOp28
 70
     1
102
RTVSPost2010Prop29
280
     1
102
RTVSPost2010PropOp29
 70
     1
102
RTVSPost2010Prop30
280
     1
102
RTVSPost2010PropOp30
 70
     1
102
RTVSPost2010Prop31
280
     0
102
RTVSPost2010PropOp31
 70
     1
102
RTVSPost2010Prop32
280
     0
102
RTVSPost2010PropOp32
 70
     1
102
RTVSPost2010Prop33
280
     0
102
RTVSPost2010PropOp33
 70
     1
102
RTVSPost2010Prop34
280
     0
102
RTVSPost2010PropOp34
 70
     1
102
RTVSPost2010Prop35
280
     0
102
RTVSPost2010PropOp35
 70
     1
102
RTVSPost2010Prop36
280
     0
102
RTVSPost2010PropOp36
 70
     1
102
RTVSPost2010Prop37
 90
       50
102
RTVSPost2010PropOp37
 70
     1
102
RTVSPost2010Prop38
140
0.0
102
RTVSPost2010PropOp38
 70
     1
102
RTVSPost2010Prop39
140
1.0
102
RTVSPost2010PropOp39
 70
     1
102
RTVSPost2010Prop40
 90
        0
102
RTVSPost2010PropOp40
 70
     1
102
RTVSPost2010Prop41ColorIndex
 90
       18
102
RTVSPost2010Prop41ColorRGB
 90
        0
102
RTVSPost2010PropOp41
 70
     1
102
RTVSPost2010Prop42
 90
       50
102
RTVSPost2010PropOp42
 70
     1
102
RTVSPost2010Prop43
 90
        3
102
RTVSPost2010PropOp43
 70
     1
102
RTVSPost2010Prop44ColorIndex
 90
        5
102
RTVSPost2010Prop44ColorRGB
 90
      255
102
RTVSPost2010PropOp44
 70
     1
102
RTVSPost2010Prop45
280
     0
102
RTVSPost2010PropOp45
 70
     1
102
RTVSPost2010Prop46
 90
       50
102
RTVSPost2010PropOp46
 70
     1
102
RTVSPost2010Prop47
 90
       50
102
RTVSPost2010PropOp47
 70
     1
102
RTVSPost2010Prop48
 90
       50
102
RTVSPost2010PropOp48
 70
     1
102
RTVSPost2010Prop49
280
     0
102
RTVSPost2010PropOp49
 70
     1
102
RTVSPost2010Prop50
 90
       50
102
RTVSPost2010PropOp50
 70
     1
102
RTVSPost2010Prop51ColorIndex
 90
      256
102
RTVSPost2010Prop51ColorRGB
 90
-16777216
102
RTVSPost2010PropOp51
 70
     0
102
RTVSPost2010Prop52
140
1.0
102
RTVSPost2010PropOp52
 70
     0
102
RTVSPost2010Prop53
 90
        2
102
RTVSPost2010PropOp53
 70
     1
102
RTVSPost2010Prop54
  1
strokes_ogs.tif
102
RTVSPost2010PropOp54
 70
     1
102
RTVSPost2010Prop55
280
     0
102
RTVSPost2010PropOp55
 70
     1
102
RTVSPost2010Prop56
140
1.0
102
RTVSPost2010PropOp56
 70
     1
102
RTVSPost2010Prop57
140
1.0
102
RTVSPost2010PropOp57
 70
     1
  0
XRECORD
  5
4E3
102
{ACAD_REACTORS
330
4E2
102
}
330
4E2
100
AcDbXrecord
280
     1
102
RTVSPost2010Prop28
280
     0
102
RTVSPost2010PropOp28
 70
     1
102
RTVSPost2010Prop29
280
     1
102
RTVSPost2010PropOp29
 70
     1
102
RTVSPost2010Prop30
280
     1
102
RTVSPost2010PropOp30
 70
     1
102
RTVSPost2010Prop31
280
     0
102
RTVSPost2010PropOp31
 70
     1
102
RTVSPost2010Prop32
280
     0
102
RTVSPost2010PropOp32
 70
     1
102
RTVSPost2010Prop33
280
     0
102
RTVSPost2010PropOp33
 70
     1
102
RTVSPost2010Prop34
280
     0
102
RTVSPost2010PropOp34
 70
     1
102
RTVSPost2010Prop35
280
     0
102
RTVSPost2010PropOp35
 70
     1
102
RTVSPost2010Prop36
280
     0
102
RTVSPost2010PropOp36
 70
     1
102
RTVSPost2010Prop37
 90
       50
102
RTVSPost2010PropOp37
 70
     1
102
RTVSPost2010Prop38
140
0.0
102
RTVSPost2010PropOp38
 70
     1
102
RTVSPost2010Prop39
140
1.0
102
RTVSPost2010PropOp39
 70
     1
102
RTVSPost2010Prop40
 90
        0
102
RTVSPost2010PropOp40
 70
     1
102
RTVSPost2010Prop41ColorIndex
 90
       18
102
RTVSPost2010Prop41ColorRGB
 90
        0
102
RTVSPost2010PropOp41
 70
     1
102
RTVSPost2010Prop42
 90
       50
102
RTVSPost2010PropOp42
 70
     1
102
RTVSPost2010Prop43
 90
        3
102
RTVSPost2010PropOp43
 70
     1
102
RTVSPost2010Prop44ColorIndex
 90
        5
102
RTVSPost2010Prop44ColorRGB
 90
      255
102
RTVSPost2010PropOp44
 70
     1
102
RTVSPost2010Prop45
280
     0
102
RTVSPost2010PropOp45
 70
     1
102
RTVSPost2010Prop46
 90
       50
102
RTVSPost2010PropOp46
 70
     1
102
RTVSPost2010Prop47
 90
       50
102
RTVSPost2010PropOp47
 70
     1
102
RTVSPost2010Prop48
 90
       50
102
RTVSPost2010PropOp48
 70
     1
102
RTVSPost2010Prop49
280
     0
102
RTVSPost2010PropOp49
 70
     1
102
RTVSPost2010Prop50
 90
       50
102
RTVSPost2010PropOp50
 70
     1
102
RTVSPost2010Prop51ColorIndex
 90
      256
102
RTVSPost2010Prop51ColorRGB
 90
-16777216
102
RTVSPost2010PropOp51
 70
     0
102
RTVSPost2010Prop52
140
1.0
102
RTVSPost2010PropOp52
 70
     0
102
RTVSPost2010Prop53
 90
        2
102
RTVSPost2010PropOp53
 70
     1
102
RTVSPost2010Prop54
  1
strokes_ogs.tif
102
RTVSPost2010PropOp54
 70
     1
102
RTVSPost2010Prop55
280
     0
102
RTVSPost2010PropOp55
 70
     1
102
RTVSPost2010Prop56
140
1.0
102
RTVSPost2010PropOp56
 70
     1
102
RTVSPost2010Prop57
140
1.0
102
RTVSPost2010PropOp57
 70
     1
  0
XRECORD
  5
4E1
102
{ACAD_REACTORS
330
4E0
102
}
330
4E0
100
AcDbXrecord
280
     1
102
RTVSPost2010Prop28
280
     0
102
RTVSPost2010PropOp28
 70
     1
102
RTVSPost2010Prop29
280
     1
102
RTVSPost2010PropOp29
 70
     1
102
RTVSPost2010Prop30
280
     1
102
RTVSPost2010PropOp30
 70
     1
102
RTVSPost2010Prop31
280
     0
102
RTVSPost2010PropOp31
 70
     1
102
RTVSPost2010Prop32
280
     0
102
RTVSPost2010PropOp32
 70
     1
102
RTVSPost2010Prop33
280
     0
102
RTVSPost2010PropOp33
 70
     1
102
RTVSPost2010Prop34
280
     0
102
RTVSPost2010PropOp34
 70
     1
102
RTVSPost2010Prop35
280
     0
102
RTVSPost2010PropOp35
 70
     1
102
RTVSPost2010Prop36
280
     0
102
RTVSPost2010PropOp36
 70
     1
102
RTVSPost2010Prop37
 90
       50
102
RTVSPost2010PropOp37
 70
     1
102
RTVSPost2010Prop38
140
0.0
102
RTVSPost2010PropOp38
 70
     1
102
RTVSPost2010Prop39
140
1.0
102
RTVSPost2010PropOp39
 70
     1
102
RTVSPost2010Prop40
 90
        0
102
RTVSPost2010PropOp40
 70
     1
102
RTVSPost2010Prop41ColorIndex
 90
       18
102
RTVSPost2010Prop41ColorRGB
 90
        0
102
RTVSPost2010PropOp41
 70
     1
102
RTVSPost2010Prop42
 90
       50
102
RTVSPost2010PropOp42
 70
     1
102
RTVSPost2010Prop43
 90
        3
102
RTVSPost2010PropOp43
 70
     1
102
RTVSPost2010Prop44ColorIndex
 90
        5
102
RTVSPost2010Prop44ColorRGB
 90
      255
102
RTVSPost2010PropOp44
 70
     1
102
RTVSPost2010Prop45
280
     0
102
RTVSPost2010PropOp45
 70
     1
102
RTVSPost2010Prop46
 90
       50
102
RTVSPost2010PropOp46
 70
     1
102
RTVSPost2010Prop47
 90
       50
102
RTVSPost2010PropOp47
 70
     1
102
RTVSPost2010Prop48
 90
       50
102
RTVSPost2010PropOp48
 70
     1
102
RTVSPost2010Prop49
280
     0
102
RTVSPost2010PropOp49
 70
     1
102
RTVSPost2010Prop50
 90
       50
102
RTVSPost2010PropOp50
 70
     1
102
RTVSPost2010Prop51ColorIndex
 90
      256
102
RTVSPost2010Prop51ColorRGB
 90
-16777216
102
RTVSPost2010PropOp51
 70
     0
102
RTVSPost2010Prop52
140
1.0
102
RTVSPost2010PropOp52
 70
     0
102
RTVSPost2010Prop53
 90
        2
102
RTVSPost2010PropOp53
 70
     1
102
RTVSPost2010Prop54
  1
strokes_ogs.tif
102
RTVSPost2010PropOp54
 70
     1
102
RTVSPost2010Prop55
280
     0
102
RTVSPost2010PropOp55
 70
     1
102
RTVSPost2010Prop56
140
1.0
102
RTVSPost2010PropOp56
 70
     1
102
RTVSPost2010Prop57
140
1.0
102
RTVSPost2010PropOp57
 70
     1
  0
XRECORD
  5
4DB
102
{ACAD_REACTORS
330
4DA
102
}
330
4DA
100
AcDbXrecord
280
     1
102
RTVSPost2010Prop28
280
     0
102
RTVSPost2010PropOp28
 70
     1
102
RTVSPost2010Prop29
280
     1
102
RTVSPost2010PropOp29
 70
     1
102
RTVSPost2010Prop30
280
     1
102
RTVSPost2010PropOp30
 70
     1
102
RTVSPost2010Prop31
280
     0
102
RTVSPost2010PropOp31
 70
     1
102
RTVSPost2010Prop32
280
     0
102
RTVSPost2010PropOp32
 70
     1
102
RTVSPost2010Prop33
280
     0
102
RTVSPost2010PropOp33
 70
     1
102
RTVSPost2010Prop34
280
     0
102
RTVSPost2010PropOp34
 70
     1
102
RTVSPost2010Prop35
280
     0
102
RTVSPost2010PropOp35
 70
     1
102
RTVSPost2010Prop36
280
     0
102
RTVSPost2010PropOp36
 70
     1
102
RTVSPost2010Prop37
 90
       50
102
RTVSPost2010PropOp37
 70
     1
102
RTVSPost2010Prop38
140
0.0
102
RTVSPost2010PropOp38
 70
     1
102
RTVSPost2010Prop39
140
1.0
102
RTVSPost2010PropOp39
 70
     1
102
RTVSPost2010Prop40
 90
        0
102
RTVSPost2010PropOp40
 70
     1
102
RTVSPost2010Prop41ColorIndex
 90
       18
102
RTVSPost2010Prop41ColorRGB
 90
        0
102
RTVSPost2010PropOp41
 70
     1
102
RTVSPost2010Prop42
 90
       50
102
RTVSPost2010PropOp42
 70
     1
102
RTVSPost2010Prop43
 90
        3
102
RTVSPost2010PropOp43
 70
     1
102
RTVSPost2010Prop44ColorIndex
 90
        5
102
RTVSPost2010Prop44ColorRGB
 90
      255
102
RTVSPost2010PropOp44
 70
     1
102
RTVSPost2010Prop45
280
     0
102
RTVSPost2010PropOp45
 70
     1
102
RTVSPost2010Prop46
 90
       50
102
RTVSPost2010PropOp46
 70
     1
102
RTVSPost2010Prop47
 90
       50
102
RTVSPost2010PropOp47
 70
     1
102
RTVSPost2010Prop48
 90
       50
102
RTVSPost2010PropOp48
 70
     1
102
RTVSPost2010Prop49
280
     0
102
RTVSPost2010PropOp49
 70
     1
102
RTVSPost2010Prop50
 90
       50
102
RTVSPost2010PropOp50
 70
     1
102
RTVSPost2010Prop51ColorIndex
 90
      256
102
RTVSPost2010Prop51ColorRGB
 90
-16777216
102
RTVSPost2010PropOp51
 70
     0
102
RTVSPost2010Prop52
140
1.0
102
RTVSPost2010PropOp52
 70
     0
102
RTVSPost2010Prop53
 90
        2
102
RTVSPost2010PropOp53
 70
     1
102
RTVSPost2010Prop54
  1
strokes_ogs.tif
102
RTVSPost2010PropOp54
 70
     1
102
RTVSPost2010Prop55
280
     0
102
RTVSPost2010PropOp55
 70
     1
102
RTVSPost2010Prop56
140
1.0
102
RTVSPost2010PropOp56
 70
     1
102
RTVSPost2010Prop57
140
1.0
102
RTVSPost2010PropOp57
 70
     1
  0
XRECORD
  5
4DD
102
{ACAD_REACTORS
330
4DC
102
}
330
4DC
100
AcDbXrecord
280
     1
102
RTVSPost2010Prop28
280
     0
102
RTVSPost2010PropOp28
 70
     1
102
RTVSPost2010Prop29
280
     1
102
RTVSPost2010PropOp29
 70
     1
102
RTVSPost2010Prop30
280
     1
102
RTVSPost2010PropOp30
 70
     1
102
RTVSPost2010Prop31
280
     0
102
RTVSPost2010PropOp31
 70
     1
102
RTVSPost2010Prop32
280
     0
102
RTVSPost2010PropOp32
 70
     1
102
RTVSPost2010Prop33
280
     0
102
RTVSPost2010PropOp33
 70
     1
102
RTVSPost2010Prop34
280
     0
102
RTVSPost2010PropOp34
 70
     1
102
RTVSPost2010Prop35
280
     0
102
RTVSPost2010PropOp35
 70
     1
102
RTVSPost2010Prop36
280
     0
102
RTVSPost2010PropOp36
 70
     1
102
RTVSPost2010Prop37
 90
       50
102
RTVSPost2010PropOp37
 70
     1
102
RTVSPost2010Prop38
140
0.0
102
RTVSPost2010PropOp38
 70
     1
102
RTVSPost2010Prop39
140
1.0
102
RTVSPost2010PropOp39
 70
     1
102
RTVSPost2010Prop40
 90
        0
102
RTVSPost2010PropOp40
 70
     1
102
RTVSPost2010Prop41ColorIndex
 90
       18
102
RTVSPost2010Prop41ColorRGB
 90
        0
102
RTVSPost2010PropOp41
 70
     1
102
RTVSPost2010Prop42
 90
       50
102
RTVSPost2010PropOp42
 70
     1
102
RTVSPost2010Prop43
 90
        3
102
RTVSPost2010PropOp43
 70
     1
102
RTVSPost2010Prop44ColorIndex
 90
        5
102
RTVSPost2010Prop44ColorRGB
 90
      255
102
RTVSPost2010PropOp44
 70
     1
102
RTVSPost2010Prop45
280
     0
102
RTVSPost2010PropOp45
 70
     1
102
RTVSPost2010Prop46
 90
       50
102
RTVSPost2010PropOp46
 70
     1
102
RTVSPost2010Prop47
 90
       50
102
RTVSPost2010PropOp47
 70
     1
102
RTVSPost2010Prop48
 90
       50
102
RTVSPost2010PropOp48
 70
     1
102
RTVSPost2010Prop49
280
     0
102
RTVSPost2010PropOp49
 70
     1
102
RTVSPost2010Prop50
 90
       50
102
RTVSPost2010PropOp50
 70
     1
102
RTVSPost2010Prop51ColorIndex
 90
      256
102
RTVSPost2010Prop51ColorRGB
 90
-16777216
102
RTVSPost2010PropOp51
 70
     0
102
RTVSPost2010Prop52
140
1.0
102
RTVSPost2010PropOp52
 70
     0
102
RTVSPost2010Prop53
 90
        2
102
RTVSPost2010PropOp53
 70
     1
102
RTVSPost2010Prop54
  1
strokes_ogs.tif
102
RTVSPost2010PropOp54
 70
     1
102
RTVSPost2010Prop55
280
     0
102
RTVSPost2010PropOp55
 70
     1
102
RTVSPost2010Prop56
140
1.0
102
RTVSPost2010PropOp56
 70
     1
102
RTVSPost2010Prop57
140
1.0
102
RTVSPost2010PropOp57
 70
     1
  0
XRECORD
  5
4CD
102
{ACAD_REACTORS
330
4CC
102
}
330
4CC
100
AcDbXrecord
280
     1
102
RTVSPost2010Prop28
280
     0
102
RTVSPost2010PropOp28
 70
     1
102
RTVSPost2010Prop29
280
     1
102
RTVSPost2010PropOp29
 70
     1
102
RTVSPost2010Prop30
280
     1
102
RTVSPost2010PropOp30
 70
     1
102
RTVSPost2010Prop31
280
     0
102
RTVSPost2010PropOp31
 70
     1
102
RTVSPost2010Prop32
280
     0
102
RTVSPost2010PropOp32
 70
     1
102
RTVSPost2010Prop33
280
     0
102
RTVSPost2010PropOp33
 70
     1
102
RTVSPost2010Prop34
280
     0
102
RTVSPost2010PropOp34
 70
     1
102
RTVSPost2010Prop35
280
     0
102
RTVSPost2010PropOp35
 70
     1
102
RTVSPost2010Prop36
280
     0
102
RTVSPost2010PropOp36
 70
     1
102
RTVSPost2010Prop37
 90
       50
102
RTVSPost2010PropOp37
 70
     1
102
RTVSPost2010Prop38
140
0.0
102
RTVSPost2010PropOp38
 70
     1
102
RTVSPost2010Prop39
140
1.0
102
RTVSPost2010PropOp39
 70
     1
102
RTVSPost2010Prop40
 90
        0
102
RTVSPost2010PropOp40
 70
     1
102
RTVSPost2010Prop41ColorIndex
 90
       18
102
RTVSPost2010Prop41ColorRGB
 90
        0
102
RTVSPost2010PropOp41
 70
     1
102
RTVSPost2010Prop42
 90
       50
102
RTVSPost2010PropOp42
 70
     1
102
RTVSPost2010Prop43
 90
        3
102
RTVSPost2010PropOp43
 70
     1
102
RTVSPost2010Prop44ColorIndex
 90
        5
102
RTVSPost2010Prop44ColorRGB
 90
      255
102
RTVSPost2010PropOp44
 70
     1
102
RTVSPost2010Prop45
280
     0
102
RTVSPost2010PropOp45
 70
     1
102
RTVSPost2010Prop46
 90
       50
102
RTVSPost2010PropOp46
 70
     1
102
RTVSPost2010Prop47
 90
       50
102
RTVSPost2010PropOp47
 70
     1
102
RTVSPost2010Prop48
 90
       50
102
RTVSPost2010PropOp48
 70
     1
102
RTVSPost2010Prop49
280
     0
102
RTVSPost2010PropOp49
 70
     1
102
RTVSPost2010Prop50
 90
       50
102
RTVSPost2010PropOp50
 70
     1
102
RTVSPost2010Prop51ColorIndex
 90
      256
102
RTVSPost2010Prop51ColorRGB
 90
-16777216
102
RTVSPost2010PropOp51
 70
     0
102
RTVSPost2010Prop52
140
1.0
102
RTVSPost2010PropOp52
 70
     0
102
RTVSPost2010Prop53
 90
        2
102
RTVSPost2010PropOp53
 70
     1
102
RTVSPost2010Prop54
  1
strokes_ogs.tif
102
RTVSPost2010PropOp54
 70
     1
102
RTVSPost2010Prop55
280
     0
102
RTVSPost2010PropOp55
 70
     1
102
RTVSPost2010Prop56
140
1.0
102
RTVSPost2010PropOp56
 70
     1
102
RTVSPost2010Prop57
140
1.0
102
RTVSPost2010PropOp57
 70
     1
  0
XRECORD
  5
4BF
102
{ACAD_REACTORS
330
4BE
102
}
330
4BE
100
AcDbXrecord
280
     1
102
RTVSPost2010Prop28
280
     0
102
RTVSPost2010PropOp28
 70
     1
102
RTVSPost2010Prop29
280
     1
102
RTVSPost2010PropOp29
 70
     1
102
RTVSPost2010Prop30
280
     1
102
RTVSPost2010PropOp30
 70
     1
102
RTVSPost2010Prop31
280
     0
102
RTVSPost2010PropOp31
 70
     1
102
RTVSPost2010Prop32
280
     0
102
RTVSPost2010PropOp32
 70
     1
102
RTVSPost2010Prop33
280
     0
102
RTVSPost2010PropOp33
 70
     1
102
RTVSPost2010Prop34
280
     0
102
RTVSPost2010PropOp34
 70
     1
102
RTVSPost2010Prop35
280
     0
102
RTVSPost2010PropOp35
 70
     1
102
RTVSPost2010Prop36
280
     0
102
RTVSPost2010PropOp36
 70
     1
102
RTVSPost2010Prop37
 90
       50
102
RTVSPost2010PropOp37
 70
     1
102
RTVSPost2010Prop38
140
0.0
102
RTVSPost2010PropOp38
 70
     1
102
RTVSPost2010Prop39
140
1.0
102
RTVSPost2010PropOp39
 70
     1
102
RTVSPost2010Prop40
 90
        0
102
RTVSPost2010PropOp40
 70
     1
102
RTVSPost2010Prop41ColorIndex
 90
       18
102
RTVSPost2010Prop41ColorRGB
 90
        0
102
RTVSPost2010PropOp41
 70
     1
102
RTVSPost2010Prop42
 90
       50
102
RTVSPost2010PropOp42
 70
     1
102
RTVSPost2010Prop43
 90
        3
102
RTVSPost2010PropOp43
 70
     1
102
RTVSPost2010Prop44ColorIndex
 90
        5
102
RTVSPost2010Prop44ColorRGB
 90
      255
102
RTVSPost2010PropOp44
 70
     1
102
RTVSPost2010Prop45
280
     0
102
RTVSPost2010PropOp45
 70
     1
102
RTVSPost2010Prop46
 90
       50
102
RTVSPost2010PropOp46
 70
     1
102
RTVSPost2010Prop47
 90
       50
102
RTVSPost2010PropOp47
 70
     1
102
RTVSPost2010Prop48
 90
       50
102
RTVSPost2010PropOp48
 70
     1
102
RTVSPost2010Prop49
280
     0
102
RTVSPost2010PropOp49
 70
     1
102
RTVSPost2010Prop50
 90
       50
102
RTVSPost2010PropOp50
 70
     1
102
RTVSPost2010Prop51ColorIndex
 90
      256
102
RTVSPost2010Prop51ColorRGB
 90
-16777216
102
RTVSPost2010PropOp51
 70
     0
102
RTVSPost2010Prop52
140
1.0
102
RTVSPost2010PropOp52
 70
     0
102
RTVSPost2010Prop53
 90
        2
102
RTVSPost2010PropOp53
 70
     1
102
RTVSPost2010Prop54
  1
strokes_ogs.tif
102
RTVSPost2010PropOp54
 70
     1
102
RTVSPost2010Prop55
280
     0
102
RTVSPost2010PropOp55
 70
     1
102
RTVSPost2010Prop56
140
1.0
102
RTVSPost2010PropOp56
 70
     1
102
RTVSPost2010Prop57
140
1.0
102
RTVSPost2010PropOp57
 70
     1
  0
XRECORD
  5
4DF
102
{ACAD_REACTORS
330
4DE
102
}
330
4DE
100
AcDbXrecord
280
     1
102
RTVSPost2010Prop28
280
     0
102
RTVSPost2010PropOp28
 70
     1
102
RTVSPost2010Prop29
280
     1
102
RTVSPost2010PropOp29
 70
     1
102
RTVSPost2010Prop30
280
     1
102
RTVSPost2010PropOp30
 70
     1
102
RTVSPost2010Prop31
280
     0
102
RTVSPost2010PropOp31
 70
     1
102
RTVSPost2010Prop32
280
     0
102
RTVSPost2010PropOp32
 70
     1
102
RTVSPost2010Prop33
280
     0
102
RTVSPost2010PropOp33
 70
     1
102
RTVSPost2010Prop34
280
     0
102
RTVSPost2010PropOp34
 70
     1
102
RTVSPost2010Prop35
280
     0
102
RTVSPost2010PropOp35
 70
     1
102
RTVSPost2010Prop36
280
     0
102
RTVSPost2010PropOp36
 70
     1
102
RTVSPost2010Prop37
 90
       50
102
RTVSPost2010PropOp37
 70
     1
102
RTVSPost2010Prop38
140
0.0
102
RTVSPost2010PropOp38
 70
     1
102
RTVSPost2010Prop39
140
1.0
102
RTVSPost2010PropOp39
 70
     1
102
RTVSPost2010Prop40
 90
        0
102
RTVSPost2010PropOp40
 70
     1
102
RTVSPost2010Prop41ColorIndex
 90
       18
102
RTVSPost2010Prop41ColorRGB
 90
        0
102
RTVSPost2010PropOp41
 70
     1
102
RTVSPost2010Prop42
 90
       50
102
RTVSPost2010PropOp42
 70
     1
102
RTVSPost2010Prop43
 90
        3
102
RTVSPost2010PropOp43
 70
     1
102
RTVSPost2010Prop44ColorIndex
 90
        5
102
RTVSPost2010Prop44ColorRGB
 90
      255
102
RTVSPost2010PropOp44
 70
     1
102
RTVSPost2010Prop45
280
     0
102
RTVSPost2010PropOp45
 70
     1
102
RTVSPost2010Prop46
 90
       50
102
RTVSPost2010PropOp46
 70
     1
102
RTVSPost2010Prop47
 90
       50
102
RTVSPost2010PropOp47
 70
     1
102
RTVSPost2010Prop48
 90
       50
102
RTVSPost2010PropOp48
 70
     1
102
RTVSPost2010Prop49
280
     0
102
RTVSPost2010PropOp49
 70
     1
102
RTVSPost2010Prop50
 90
       50
102
RTVSPost2010PropOp50
 70
     1
102
RTVSPost2010Prop51ColorIndex
 90
      256
102
RTVSPost2010Prop51ColorRGB
 90
-16777216
102
RTVSPost2010PropOp51
 70
     0
102
RTVSPost2010Prop52
140
1.0
102
RTVSPost2010PropOp52
 70
     0
102
RTVSPost2010Prop53
 90
        2
102
RTVSPost2010PropOp53
 70
     1
102
RTVSPost2010Prop54
  1
strokes_ogs.tif
102
RTVSPost2010PropOp54
 70
     1
102
RTVSPost2010Prop55
280
     0
102
RTVSPost2010PropOp55
 70
     1
102
RTVSPost2010Prop56
140
1.0
102
RTVSPost2010PropOp56
 70
     1
102
RTVSPost2010Prop57
140
1.0
102
RTVSPost2010PropOp57
 70
     1
  0
ENDSEC
  0
EOF
